Date,Demand_MWh,Day_of_Week,Is_Weekend,Is_Holiday,Avg_Temp,Rainfall,Lag_1,Lag_7,Lag_30,Rolling_7
2018-01-31,699015.6156844,2,0,0,26.983088235294115,6.958407079646018,697539.32837169,687580.4993474276,692692.0636008892,657984.0301145072
2018-02-01,697762.9457833421,3,0,0,26.93445945945946,7.900980392156862,699015.6156844,692546.045434452,695000.5059469489,658729.3015929201
2018-02-02,682623.2535012717,4,0,0,26.49178082191781,10.391200000000001,697762.9457833421,690991.0676155607,692829.3852626717,657533.8995765931
2018-02-03,545384.3382111652,5,1,0,26.592361111111114,11.8504,682623.2535012717,562743.2921709685,692348.5309158154,655054.049010907
2018-02-04,557377.1227818134,6,1,0,26.90758620689655,9.548818897637796,545384.3382111652,561181.6268977147,683193.8729049386,654510.5484229211
2018-02-05,678059.049365718,0,0,0,26.40066225165563,12.591338582677164,557377.1227818134,701871.2346267647,539737.9445829607,651108.807671343
2018-02-06,672880.2220960888,1,0,0,26.229530201342282,15.01484375,678059.049365718,697539.32837169,541802.4246942576,647586.0782033999
2018-02-07,675270.5429886287,2,0,0,26.313103448275864,14.026399999999999,672880.2220960888,699015.6156844,690670.4204300428,644193.9249611468
2018-02-08,679812.9910792295,3,0,0,26.436486486486487,13.946491228070176,675270.5429886287,697762.9457833421,678616.8050472441,641629.6457177022
2018-02-09,677874.9061793671,4,0,0,26.370945945945948,10.631147540983607,679812.9910792295,682623.2535012717,673270.381229393,640951.3103860015
2018-02-10,541417.1450475774,5,1,0,26.458156028368794,12.91293103448276,677874.9061793671,545384.3382111652,660693.6873652213,640384.568505489
2018-02-11,537483.6794683434,6,1,0,26.365972222222222,11.361600000000001,541417.1450475774,557377.1227818134,665916.8709099101,637542.6480321361
2018-02-12,680708.243115664,0,0,0,26.45205479452055,15.385593220338983,537483.6794683434,678059.049365718,525646.1502636839,637921.1042821285
2018-02-13,687781.0913550564,1,0,0,26.653521126760566,9.513513513513514,680708.243115664,672880.2220960888,515566.0268409498,640049.7998905524
2018-02-14,685633.4199739586,2,0,0,26.6,10.179338842975207,687781.0913550564,675270.5429886287,665858.5863066404,641530.2108884566
2018-02-15,671863.8422078845,3,0,0,26.197142857142858,15.639823008849557,685633.4199739586,679812.9910792295,670881.4258163197,640394.6181925501
2018-02-16,688992.8658507569,4,0,0,26.7013698630137,19.62713178294574,671863.8422078845,677874.9061793671,677809.3444885015,641982.8981456059
2018-02-17,551284.1377137066,5,1,0,26.757638888888888,9.958823529411763,688992.8658507569,541417.1450475774,669501.6861998754,643392.4685264815
2018-02-18,555693.9292133012,6,1,0,26.862937062937064,6.795121951219512,551284.1377137066,537483.6794683434,667032.136065459,645993.9327757611
2018-02-19,683079.8145310727,0,0,0,26.53146853146853,5.88974358974359,555693.9292133012,680708.243115664,528266.8059381556,646332.7286922481
2018-02-20,687973.2003849077,1,0,0,26.66099290780142,11.214285714285714,683079.8145310727,687781.0913550564,538060.2411383693,646360.1728393697
2018-02-21,691584.7623598754,2,0,0,26.749659863945578,14.174257425742573,687973.2003849077,685633.4199739586,682003.745621999,647210.3646087864
2018-02-22,686487.317817736,3,0,0,26.62027972027972,10.708943089430894,691584.7623598754,671863.8422078845,689912.3374856067,649299.4325530509
2018-02-23,676281.0391243675,4,0,0,26.306164383561644,15.011023622047245,686487.317817736,688992.8658507569,687580.4993474276,647483.4573064239
2018-02-24,539861.6368842231,5,1,0,26.416666666666668,11.293965517241379,676281.0391243675,551284.1377137066,692546.045434452,645851.6714736406
2018-02-25,543236.2140267012,6,1,0,26.495172413793103,12.801626016260162,539861.6368842231,555693.9292133012,690991.0676155607,644071.9978755547
2018-02-26,672459.7795313902,0,0,0,26.205555555555556,10.755118110236221,543236.2140267012,683079.8145310727,562743.2921709685,642554.8500184573
2018-02-27,688481.9180583828,1,0,0,26.677083333333332,9.67153846153846,672459.7795313902,687973.2003849077,561181.6268977147,642627.5239718109
2018-02-28,687403.947419118,2,0,0,26.62857142857143,9.857264957264956,688481.9180583828,691584.7623598754,701871.2346267647,642030.2646945597
2018-03-01,684705.1345004028,3,0,0,26.54822695035461,10.083064516129031,687403.947419118,686487.317817736,697539.32837169,641775.667077798
2018-03-02,687745.304086001,4,0,0,26.642567567567568,9.256198347107437,684705.1345004028,676281.0391243675,699015.6156844,643413.4192151742
2018-03-03,549678.2048175219,5,1,0,26.716216216216218,11.910483870967743,687745.304086001,539861.6368842231,697762.9457833421,644815.7860627883
2018-03-04,566538.1354880518,6,1,0,27.19,8.603478260869565,549678.2048175219,543236.2140267012,682623.2535012717,648144.6319858384
2018-03-05,685373.9779232867,0,0,0,26.584722222222222,10.75929203539823,566538.1354880518,672459.7795313902,545384.3382111652,649989.5174703951
2018-03-06,694344.7825310568,1,0,0,26.847619047619048,8.979508196721312,685373.9779232867,688481.9180583828,557377.1227818134,650827.0695379198
2018-03-07,681899.9505217156,2,0,0,26.48150684931507,13.396694214876034,694344.7825310568,687403.947419118,678059.049365718,650040.7842668623
2018-03-08,685401.245371134,3,0,0,26.603472222222223,11.9208,681899.9505217156,684705.1345004028,672880.2220960888,650140.2286769667
2018-03-09,689559.4847400335,4,0,0,26.695138888888888,12.45859375,685401.245371134,687745.304086001,675270.5429886287,650399.3973418287
2018-03-10,550468.2805856902,5,1,0,26.71875,14.669230769230769,689559.4847400335,549678.2048175219,679812.9910792295,650512.2653087098
2018-03-11,551754.4277744252,6,1,0,26.75608108108108,16.449137931034482,550468.2805856902,566538.1354880518,677874.9061793671,648400.3070639061
2018-03-12,684904.8634039125,0,0,0,26.56527777777778,12.994262295081967,551754.4277744252,685373.9779232867,541417.1450475774,648333.2907039954
2018-03-13,678546.812480771,1,0,0,26.35771812080537,15.315454545454546,684904.8634039125,694344.7825310568,537483.6794683434,646076.4378396688
2018-03-14,691135.9946459918,2,0,0,26.76081081081081,11.159541984732826,678546.812480771,681899.9505217156,680708.243115664,647395.8727145655
2018-03-15,700489.2091671033,3,0,0,27.015068493150682,9.376,691135.9946459918,685401.245371134,687781.0913550564,649551.2961139897
2018-03-16,696985.9077176902,4,0,0,26.941333333333333,6.0895652173913035,700489.2091671033,689559.4847400335,685633.4199739586,650612.2136822263
2018-03-17,553878.3245229252,5,1,0,26.815646258503403,9.941818181818181,696985.9077176902,550468.2805856902,671863.8422078845,651099.362816117
2018-03-18,554067.79657349,6,1,0,26.83076923076923,11.757894736842106,553878.3245229252,551754.4277744252,688992.8658507569,651429.8440731263
2018-03-19,703879.555516364,0,0,0,27.134013605442174,8.798245614035087,554067.79657349,684904.8634039125,551284.1377137066,654140.5143749051
2018-03-20,697398.0621520943,1,0,0,26.92638888888889,8.64201680672269,703879.555516364,678546.812480771,555693.9292133012,656833.550042237
2018-03-21,687406.1098585563,2,0,0,26.672727272727272,12.810833333333333,697398.0621520943,691135.9946459918,683079.8145310727,656300.7093583177
2018-03-22,683676.2400581975,3,0,0,26.530281690140846,11.518421052631577,687406.1098585563,700489.2091671033,687973.2003849077,653898.856628474
2018-03-23,700240.851143244,4,0,0,27.000694444444445,10.873170731707317,683676.2400581975,696985.9077176902,691584.7623598754,654363.8485464102
2018-03-24,548318.0352903325,5,1,0,26.664084507042254,8.41980198019802,700240.851143244,553878.3245229252,686487.317817736,653569.5215131827
2018-03-25,545718.0482168924,6,1,0,26.60142857142857,10.815447154471544,548318.0352903325,554067.79657349,676281.0391243675,652376.7003193831
2018-03-26,683845.1427343203,0,0,0,26.557042253521125,10.456910569105691,545718.0482168924,703879.555516364,539861.6368842231,649514.6413505196
2018-03-27,682610.1147925225,1,0,0,26.509420289855075,10.997435897435897,683845.1427343203,697398.0621520943,543236.2140267012,647402.0774420094
2018-03-28,700829.7268815615,2,0,0,27.00642857142857,10.602564102564102,682610.1147925225,687406.1098585563,672459.7795313902,649319.7370167244
2018-03-29,697927.9551572033,3,0,0,26.947552447552447,9.686290322580644,700829.7268815615,683676.2400581975,688481.9180583828,651355.6963165823
2018-03-30,695235.2019045517,4,0,0,26.86521739130435,10.270689655172415,697927.9551572033,700240.851143244,687403.947419118,650640.6035681978
2018-03-31,557629.9165457868,5,1,0,26.93380281690141,9.24396551724138,695235.2019045517,548318.0352903325,684705.1345004028,651970.8723189769
2018-04-01,561444.8193960137,6,1,0,27.04857142857143,7.38135593220339,557629.9165457868,545718.0482168924,687745.304086001,654217.5539159942
2018-04-02,696073.6341145583,0,0,0,26.88,11.64453125,561444.8193960137,683845.1427343203,549678.2048175219,655964.4812560283
2018-04-03,690688.8867699127,1,0,0,26.751388888888886,11.077165354330708,696073.6341145583,682610.1147925225,566538.1354880518,657118.5915385125
2018-04-04,697576.0085739747,2,0,0,26.94,13.453658536585365,690688.8867699127,700829.7268815615,685373.9779232867,656653.7746374288
2018-04-05,708337.875664275,3,0,0,27.254225352112677,4.268103448275863,697576.0085739747,697927.9551572033,694344.7825310568,658140.906138439
2018-04-06,701662.2024838175,4,0,0,27.044594594594592,9.397457627118644,708337.875664275,695235.2019045517,681899.9505217156,659059.0490783341
2018-04-07,556448.0504644847,5,1,0,26.896478873239438,7.54054054054054,701662.2024838175,557629.9165457868,685401.245371134,658890.2110667195
2018-04-08,554978.3147945101,6,1,0,26.86164383561644,7.2888,556448.0504644847,561444.8193960137,689559.4847400335,657966.4246950762
2018-04-09,701177.8177310537,0,0,0,27.032413793103448,8.278151260504202,554978.3147945101,696073.6341145583,550468.2805856902,658695.5937831469
2018-04-10,710230.3195130347,1,0,0,27.29655172413793,4.97542372881356,701177.8177310537,690688.8867699127,551754.4277744252,661487.2270321643
2018-04-11,715080.8912963681,2,0,0,27.448251748251746,5.4692307692307685,710230.3195130347,697576.0085739747,684904.8634039125,663987.9245639349
2018-04-12,721587.5497395316,3,0,0,27.616216216216216,6.070093457943925,715080.8912963681,708337.875664275,678546.812480771,665880.7351461144
2018-04-13,721969.9638346751,4,0,0,27.625,4.721100917431193,721587.5497395316,701662.2024838175,691135.9946459918,668781.8439105226
2018-04-14,579498.6680902841,5,1,0,27.56938775510204,5.934821428571429,721969.9638346751,556448.0504644847,700489.2091671033,672074.7892856367
2018-04-15,578505.14650158,6,1,0,27.53611111111111,7.025862068965517,579498.6680902841,554978.3147945101,696985.9077176902,675435.7652437895
2018-04-16,704909.0898502576,0,0,0,27.139583333333334,12.552032520325204,578505.14650158,701177.8177310537,553878.3245229252,675968.8041179617
2018-04-17,704597.5189338409,1,0,0,27.134722222222223,12.5912,704909.0898502576,710230.3195130347,554067.79657349,675164.1183209339
2018-04-18,702798.5907745638,2,0,0,27.093197278911564,11.863865546218488,704597.5189338409,715080.8912963681,703879.555516364,673409.5039606761
2018-04-19,703671.5485500899,3,0,0,27.090344827586208,9.306140350877193,702798.5907745638,721587.5497395316,697398.0621520943,670850.0752193274
2018-04-20,707289.0840929135,4,0,0,27.194444444444443,14.073333333333332,703671.5485500899,721969.9638346751,687406.1098585563,668752.8066847901
2018-04-21,562042.3840221724,5,1,0,27.076760563380283,9.984375,707289.0840929135,579498.6680902841,683676.2400581975,666259.0518179169
2018-04-22,566216.8659355695,6,1,0,27.17310344827586,9.527559055118111,562042.3840221724,578505.14650158,700240.851143244,664503.5831656297
2018-04-23,698788.1916760687,0,0,0,26.962676056338026,11.8824,566216.8659355695,704909.0898502576,548318.0352903325,663629.1691407457
2018-04-24,699807.8084053925,1,0,0,26.941958041958042,13.166923076923077,698788.1916760687,704597.5189338409,545718.0482168924,662944.9247795386
2018-04-25,691069.231437045,2,0,0,26.737062937062937,9.702419354838709,699807.8084053925,702798.5907745638,683845.1427343203,661269.3020170359
2018-04-26,689012.6939372522,3,0,0,26.685106382978724,15.311666666666667,691069.231437045,703671.5485500899,682610.1147925225,659175.1799294876
2018-04-27,699744.4193218322,4,0,0,27.002797202797204,8.829661016949151,689012.6939372522,707289.0840929135,700829.7268815615,658097.3706764762
2018-04-28,565944.7681820147,5,1,0,27.195,9.483783783783784,699744.4193218322,562042.3840221724,697927.9551572033,658654.854127882
2018-04-29,572036.6753944864,6,1,0,27.333333333333332,7.050442477876107,565944.7681820147,566216.8659355695,695235.2019045517,659486.2554791559
2018-04-30,712316.1871322958,0,0,0,27.35214285714286,7.483673469387755,572036.6753944864,698788.1916760687,557629.9165457868,661418.8262586169
2018-05-01,704805.1842364918,1,0,0,27.14344827586207,6.342857142857143,712316.1871322958,699807.8084053925,561444.8193960137,662132.737091631
2018-05-02,696605.1269754858,2,0,0,26.91891891891892,5.9239999999999995,704805.1842364918,691069.231437045,696073.6341145583,662923.5793114083
2018-05-03,702692.8379971687,3,0,0,27.073793103448274,4.975229357798165,696605.1269754858,689012.6939372522,690688.8867699127,664877.8856056823
2018-05-04,704953.7804080874,4,0,0,27.140689655172416,5.168224299065421,702692.8379971687,699744.4193218322,697576.0085739747,665622.0800465757
2018-05-05,577577.3870582606,5,1,0,27.489795918367346,4.539622641509434,704953.7804080874,565944.7681820147,708337.875664275,667283.8827431824
2018-05-06,583094.2622198665,6,1,0,27.64236111111111,6.198039215686275,577577.3870582606,572036.6753944864,701662.2024838175,668863.538003951
2018-05-07,716895.5470791112,0,0,0,27.47986111111111,5.223008849557522,583094.2622198665,712316.1871322958,556448.0504644847,669517.7322820675
2018-05-08,704936.8597146386,1,0,0,27.146853146853147,5.769724770642202,716895.5470791112,704805.1842364918,554978.3147945101,669536.5430646598
2018-05-09,711497.2438746289,2,0,0,27.336363636363636,5.676699029126214,704936.8597146386,696605.1269754858,701177.8177310537,671663.988335966
2018-05-10,709934.5479882056,3,0,0,27.275524475524477,6.82962962962963,711497.2438746289,702692.8379971687,710230.3195130347,672698.5183346856
2018-05-11,706698.7629929167,4,0,0,27.202836879432624,7.992380952380953,709934.5479882056,704953.7804080874,715080.8912963681,672947.8015610898
2018-05-12,564411.9530979708,5,1,0,27.135862068965515,6.504424778761062,706698.7629929167,577577.3870582606,721587.5497395316,671067.0252810484
2018-05-13,574309.064933396,6,1,0,27.42,8.663716814159292,564411.9530979708,583094.2622198665,721969.9638346751,669811.9970972668
2018-05-14,713110.0389202611,0,0,0,27.378767123287673,5.4734513274336285,574309.064933396,716895.5470791112,579498.6680902841,669271.2102174311
2018-05-15,708903.403978467,1,0,0,27.277464788732395,7.608035714285714,713110.0389202611,704936.8597146386,578505.14650158,669837.8593979779
2018-05-16,706095.4051361792,2,0,0,27.150694444444444,9.183050847457626,708903.403978467,711497.2438746289,704909.0898502576,669066.168149628
2018-05-17,700495.031006486,3,0,0,27.004929577464786,10.420370370370371,706095.4051361792,709934.5479882056,704597.5189338409,667717.6657236682
2018-05-18,694719.0872884177,4,0,0,26.866206896551724,7.483471074380165,700495.031006486,706698.7629929167,702798.5907745638,666006.2834801682
2018-05-19,552420.8891493796,5,1,0,26.77241379310345,11.036752136752137,694719.0872884177,564411.9530979708,703671.5485500899,664293.2743446553
2018-05-20,552570.9149365985,6,1,0,26.804195804195803,9.261290322580646,552420.8891493796,574309.064933396,707289.0840929135,661187.8243451128
2018-05-21,701100.3661877884,0,0,0,27.03453237410072,12.30925925925926,552570.9149365985,713110.0389202611,562042.3840221724,659472.1568119024
2018-05-22,716763.161062386,1,0,0,27.471942446043165,9.170535714285714,701100.3661877884,708903.403978467,566216.8659355695,660594.9792524623
2018-05-23,701302.5322451972,2,0,0,27.062237762237764,10.055284552845528,716763.161062386,706095.4051361792,698788.1916760687,659910.2831251791
2018-05-24,705797.1587306767,3,0,0,27.164137931034485,11.285074626865672,701302.5322451972,700495.031006486,699807.8084053925,660667.7299429206
2018-05-25,707204.2755605655,4,0,0,27.211805555555557,6.4648648648648654,705797.1587306767,694719.0872884177,691069.231437045,662451.3282675131
2018-05-26,559980.2212593094,5,1,0,26.991304347826087,9.190243902439024,707204.2755605655,552420.8891493796,689012.6939372522,663531.2328546459
2018-05-27,559132.0017069773,6,1,0,26.986206896551725,11.396,559980.2212593094,552570.9149365985,699744.4193218322,664468.5309647002
2018-05-28,698900.4904246081,0,0,0,26.984827586206897,12.283064516129032,559132.0017069773,701100.3661877884,565944.7681820147,664154.2629985315
2018-05-29,693674.839281743,1,0,0,26.823404255319147,9.427433628318584,698900.4904246081,716763.161062386,572036.6753944864,660855.9313155825
2018-05-30,691539.5724850585,2,0,0,26.76153846153846,11.483636363636364,693674.839281743,701302.5322451972,712316.1871322958,659461.2227784198
2018-05-31,696655.1351198808,3,0,0,26.89568345323741,8.451401869158879,691539.5724850585,705797.1587306767,704805.1842364918,658155.219405449
2018-06-01,691647.5386722931,4,0,0,26.754054054054052,7.661682242990654,696655.1351198808,707204.2755605655,696605.1269754858,655932.82842141
2018-06-02,550932.8463765212,5,1,0,26.75608108108108,5.952293577981651,691647.5386722931,559980.2212593094,702692.8379971687,654640.3462952974
2018-06-03,557279.2611277675,6,1,0,26.92013422818792,7.492592592592593,550932.8463765212,559132.0017069773,704953.7804080874,654375.6690696961
2018-06-04,702817.0452403851,0,0,0,27.07133333333333,7.918867924528302,557279.2611277675,698900.4904246081,577577.3870582606,654935.1769005213
2018-06-05,713638.9716076781,1,0,0,27.413422818791947,3.7097826086956522,702817.0452403851,693674.839281743,583094.2622198665,657787.1958042263
2018-06-06,718225.8523718788,2,0,0,27.497368421052634,1.248780487804878,713638.9716076781,691539.5724850585,716895.5470791112,661599.5215023436
2018-06-07,713806.4689646864,3,0,0,27.39666666666667,2.9526315789473685,718225.8523718788,696655.1351198808,704936.8597146386,664049.7120516014
2018-06-08,710868.5546674468,4,0,0,27.318120805369126,3.949056603773585,713806.4689646864,691647.5386722931,711497.2438746289,666795.5714794806
2018-06-09,570248.5804250315,5,1,0,27.29527027027027,3.1653846153846152,710868.5546674468,550932.8463765212,709934.5479882056,669554.9620578391
2018-06-10,571668.3912572055,6,1,0,27.35890410958904,2.9049019607843136,570248.5804250315,557279.2611277675,706698.7629929167,671610.5520763303
2018-06-11,720698.3401645942,0,0,0,27.59933774834437,1.3302083333333334,571668.3912572055,702817.0452403851,564411.9530979708,674165.0227797887
2018-06-12,703751.7152616457,1,0,0,27.09591836734694,2.4745283018867927,720698.3401645942,713638.9716076781,574309.064933396,672752.5575874984
2018-06-13,694473.7823597802,2,0,0,26.8486301369863,9.404504504504505,703751.7152616457,718225.8523718788,713110.0389202611,669359.4047286272
2018-06-14,698309.1572567192,3,0,0,26.951351351351352,5.177777777777778,694473.7823597802,713806.4689646864,708903.403978467,667145.5030560604
2018-06-15,692180.8735297616,4,0,0,26.76734693877551,6.649056603773585,698309.1572567192,710868.5546674468,706095.4051361792,664475.8343221054
2018-06-16,554564.1826769576,5,1,0,26.854362416107385,5.504587155963303,692180.8735297616,570248.5804250315,700495.031006486,662235.2060723805
2018-06-17,563525.8478444514,6,1,0,27.086754966887415,4.207920792079208,554564.1826769576,571668.3912572055,694719.0872884177,661071.9855848443
2018-06-18,688896.2790703893,0,0,0,26.697297297297297,6.72212389380531,563525.8478444514,720698.3401645942,552420.8891493796,656528.8339999579
2018-06-19,690561.3762037554,1,0,0,26.744666666666664,5.845833333333333,688896.2790703893,703751.7152616457,552570.9149365985,654644.4998488306
2018-06-20,692464.946392313,2,0,0,26.793877551020408,7.592105263157895,690561.3762037554,694473.7823597802,701100.3661877884,654357.5232820496
2018-06-21,691585.6565238637,3,0,0,26.776510067114092,9.373913043478261,692464.946392313,698309.1572567192,716763.161062386,653397.0231773559
2018-06-22,681918.0265575157,4,0,0,26.488513513513514,6.965254237288136,691585.6565238637,692180.8735297616,701302.5322451972,651930.9021813209
2018-06-23,530088.2785266238,5,1,0,26.134,8.186666666666666,681918.0265575157,554564.1826769576,705797.1587306767,648434.344445559
2018-06-24,529466.8690119099,6,1,0,26.131543624161072,14.375609756097562,530088.2785266238,563525.8478444514,707204.2755605655,643568.77604091
2018-06-25,648462.0458683546,0,0,0,25.51276595744681,16.107142857142858,529466.8690119099,688896.2790703893,559980.2212593094,637792.457012048
2018-06-26,656226.727592606,1,0,0,25.760544217687077,9.866153846153846,648462.0458683546,690561.3762037554,559132.0017069773,632887.5072104553
2018-06-27,664872.42183917,2,0,0,25.97837837837838,8.322522522522522,656226.727592606,692464.946392313,698900.4904246081,628945.7179885777
2018-06-28,665860.2843237924,3,0,0,26.014383561643836,9.998387096774193,664872.42183917,691585.6565238637,693674.839281743,625270.6648171389
2018-06-29,658911.3603353015,4,0,0,25.824324324324323,14.031932773109244,665860.2843237924,681918.0265575157,691539.5724850585,621983.9982139654
2018-06-30,529727.4842278314,5,1,0,26.13840579710145,10.67027027027027,658911.3603353015,530088.2785266238,696655.1351198808,621932.4561712808
2018-07-01,524967.0571433615,6,1,0,26.0006993006993,9.411650485436892,529727.4842278314,529466.8690119099,691647.5386722931,621289.6259043453
2018-07-02,665684.8962431587,0,0,0,26.032432432432433,6.608928571428572,524967.0571433615,648462.0458683546,550932.8463765212,623750.0331007459
2018-07-03,666196.4541052817,1,0,0,26.02689655172414,10.87948717948718,665684.8962431587,656226.727592606,557279.2611277675,625174.2797454139
2018-07-04,667578.7515924795,2,0,0,26.082236842105264,7.838842975206612,666196.4541052817,664872.42183917,702817.0452403851,625560.898281601
2018-07-05,667229.05377966,3,0,0,26.056849315068494,5.4303921568627445,667578.7515924795,665860.2843237924,713638.9716076781,625756.4367752963
2018-07-06,660250.7943203145,4,0,0,25.862068965517242,8.863478260869565,667229.05377966,658911.3603353015,718225.8523718788,625947.7844874411
2018-07-07,529129.2568103663,5,1,0,26.108219178082194,2.2479591836734696,660250.7943203145,529727.4842278314,713806.4689646864,625862.3234278031
2018-07-08,540534.4412407862,6,1,0,26.448630136986303,4.405,529129.2568103663,524967.0571433615,710868.5546674468,628086.235441721
2018-07-09,681404.2218493947,0,0,0,26.48108108108108,6.784905660377359,540534.4412407862,665684.8962431587,570248.5804250315,630331.853385469
2018-07-10,674607.7091843612,1,0,0,26.283448275862067,6.597321428571428,681404.2218493947,666196.4541052817,571668.3912572055,631533.4612539088
2018-07-11,672515.3910714246,2,0,0,26.211842105263155,5.471559633027523,674607.7091843612,667578.7515924795,720698.3401645942,632238.6954651867
2018-07-12,674698.4620754467,3,0,0,26.27986577181208,3.696,672515.3910714246,667229.05377966,703751.7152616457,633305.7537931564
2018-07-13,673562.9696556353,4,0,0,26.25374149659864,5.8839999999999995,674698.4620754467,660250.7943203145,694473.7823597802,635207.4931267735
2018-07-14,533003.662452103,5,1,0,26.23191489361702,5.258823529411765,673562.9696556353,529129.2568103663,698309.1572567192,635760.9796470217
2018-07-15,539026.7693187456,6,1,0,26.395714285714288,3.883168316831683,533003.662452103,540534.4412407862,692180.8735297616,635545.597943873
2018-07-16,677896.1671097173,0,0,0,26.358389261744968,4.062765957446809,539026.7693187456,681404.2218493947,554564.1826769576,635044.4472667762
2018-07-17,683046.4102087668,1,0,0,26.506756756756758,2.875238095238095,677896.1671097173,674607.7091843612,563525.8478444514,636249.9759845485
2018-07-18,692885.2372385972,2,0,0,26.8,3.0238095238095237,683046.4102087668,672515.3910714246,688896.2790703893,639159.9540084302
2018-07-19,694669.4315940362,3,0,0,26.84861111111111,3.4877551020408166,692885.2372385972,674698.4620754467,690561.3762037554,642012.9496539431
2018-07-20,701617.4778141956,4,0,0,27.047260273972604,4.671717171717172,694669.4315940362,673562.9696556353,692464.946392313,646020.7365337374
2018-07-21,558218.3752033616,5,1,0,26.964335664335664,5.353535353535354,701617.4778141956,533003.662452103,691585.6565238637,649622.8383553458
2018-07-22,559827.9646680882,6,1,0,26.996503496503497,7.553271028037384,558218.3752033616,539026.7693187456,681918.0265575157,652594.4376909661
2018-07-23,697587.8924944825,0,0,0,26.938888888888886,3.178095238095238,559827.9646680882,677896.1671097173,530088.2785266238,655407.5413173612
2018-07-24,689952.5801230568,1,0,0,26.73061224489796,4.744036697247707,697587.8924944825,683046.4102087668,529466.8690119099,656394.1370194026
2018-07-25,689714.3987243624,2,0,0,26.716,3.364761904761905,689952.5801230568,692885.2372385972,648462.0458683546,655941.1600887977
2018-07-26,684742.0402232995,3,0,0,26.544137931034484,4.376842105263158,689714.3987243624,694669.4315940362,656226.727592606,654522.9613215495
2018-07-27,687859.8734742678,4,0,0,26.645833333333332,3.238613861386139,684742.0402232995,701617.4778141956,664872.42183917,652557.5892729884
2018-07-28,541394.9647047627,5,1,0,26.46712328767123,4.382075471698113,687859.8734742678,558218.3752033616,665860.2843237924,650154.2449160457
2018-07-29,543001.9167882098,6,1,0,26.47739726027397,6.772072072072072,541394.9647047627,559827.9646680882,658911.3603353015,647750.5237903487
2018-07-30,678013.5597626341,0,0,0,26.387755102040817,7.8828571428571435,543001.9167882098,697587.8924944825,529727.4842278314,644954.1905429419
2018-07-31,680792.8932437791,1,0,0,26.43877551020408,4.743119266055046,678013.5597626341,689952.5801230568,524967.0571433615,643645.6638459022
2018-08-01,666915.6846067468,2,0,0,26.03921568627451,5.657894736842105,680792.8932437791,689714.3987243624,665684.8962431587,640388.7046862429
2018-08-02,664803.3514919706,3,0,0,26.002797202797204,8.877777777777778,666915.6846067468,684742.0402232995,666196.4541052817,637540.3205817674
2018-08-03,665870.0719815269,4,0,0,26.017931034482757,2.18936170212766,664803.3514919706,687859.8734742678,667578.7515924795,634398.9203685186
2018-08-04,526212.6201823625,5,1,0,26.02638888888889,3.322680412371134,665870.0719815269,541394.9647047627,667229.05377966,632230.0140081757
2018-08-05,531421.1663423135,6,1,0,26.193835616438356,4.333333333333333,526212.6201823625,543001.9167882098,660250.7943203145,630575.6210873333
2018-08-06,674938.9903298721,0,0,0,26.28111888111888,2.764423076923077,531421.1663423135,678013.5597626341,529129.2568103663,630136.3968826531
2018-08-07,681522.3368801408,1,0,0,26.456338028169014,4.5285714285714285,674938.9903298721,680792.8932437791,540534.4412407862,630240.603116419
2018-08-08,687762.4283898331,2,0,0,26.64864864864865,3.2754545454545454,681522.3368801408,666915.6846067468,681404.2218493947,633218.7093711456
2018-08-09,691535.2519008836,3,0,0,26.733793103448278,4.156730769230769,687762.4283898331,664803.3514919706,674607.7091843612,637037.5522867047
2018-08-10,687455.2571772453,4,0,0,26.665034965034966,5.328571428571428,691535.2519008836,665870.0719815269,672515.3910714246,640121.1501718073
2018-08-11,555826.9513242589,5,1,0,26.883916083916084,5.588541666666667,687455.2571772453,526212.6201823625,674698.4620754467,644351.768906364
2018-08-12,551315.3729537899,6,1,0,26.75744680851064,3.105940594059406,555826.9513242589,531421.1663423135,673562.9696556353,647193.7984222891
2018-08-13,700877.4157698979,0,0,0,27.038620689655172,4.442857142857143,551315.3729537899,674938.9903298721,533003.662452103,650899.2877708642
2018-08-14,697569.8700706174,1,0,0,26.91986301369863,1.702173913043478,700877.4157698979,681522.3368801408,539026.7693187456,653191.7925123608
2018-08-15,698944.5382607254,2,0,0,26.97448275862069,1.4104166666666667,697569.8700706174,687762.4283898331,677896.1671097173,654789.2367796312
2018-08-16,688285.5840697732,3,0,0,26.672222222222224,1.2435643564356436,698944.5382607254,691535.2519008836,683046.4102087668,654324.998518044
2018-08-17,685665.9332886906,4,0,0,26.595138888888886,1.6866666666666665,688285.5840697732,687455.2571772453,692885.2372385972,654069.380819679
2018-08-18,544324.0465648494,5,1,0,26.537762237762237,3.4225806451612906,685665.9332886906,555826.9513242589,694669.4315940362,652426.108711192
2018-08-19,553111.8034073301,6,1,0,26.814383561643837,3.252577319587629,544324.0465648494,551315.3729537899,701617.4778141956,652682.7416331263
2018-08-20,695672.9214798375,0,0,0,26.877551020408163,2.002061855670103,553111.8034073301,700877.4157698979,558218.3752033616,651939.2424488319
2018-08-21,691411.9926640048,1,0,0,26.764137931034483,3.290526315789474,695672.9214798375,697569.8700706174,559827.9646680882,651059.5456764587
2018-08-22,689307.664781649,2,0,0,26.705882352941178,7.638317757009346,691411.9926640048,698944.5382607254,697587.8924944825,649682.8494651621
2018-08-23,693287.6259183363,3,0,0,26.784285714285716,5.59,689307.664781649,688285.5840697732,689952.5801230568,650397.4268720996
2018-08-24,677011.691638623,4,0,0,26.33076923076923,3.8653465346534652,693287.6259183363,685665.9332886906,689714.3987243624,649161.1066363758
2018-08-25,531329.3449553446,5,1,0,26.205479452054796,7.508823529411765,677011.691638623,544324.0465648494,684742.0402232995,647304.7206921608
2018-08-26,542566.7374630962,6,1,0,26.492957746478872,3.352577319587629,531329.3449553446,553111.8034073301,687859.8734742678,645798.2827001273
2018-08-27,691437.0183408287,0,0,0,26.75,3.372380952380952,542566.7374630962,695672.9214798375,541394.9647047627,645193.1536802689
2018-08-28,692447.6202801596,1,0,0,26.772727272727273,4.870588235294118,691437.0183408287,691411.9926640048,543001.9167882098,645341.1004825768
2018-08-29,680278.6692792941,2,0,0,26.427464788732394,10.296190476190475,692447.6202801596,689307.664781649,678013.5597626341,644051.2439822404
2018-08-30,678264.0389670598,3,0,0,26.388111888111887,7.801851851851852,680278.6692792941,693287.6259183363,680792.8932437791,641905.0172749151
2018-08-31,684372.2471636303,4,0,0,26.560992907801417,3.430275229357798,678264.0389670598,677011.691638623,666915.6846067468,642956.5252070591
2018-09-01,540108.4643271859,5,1,0,26.442253521126762,6.425438596491228,684372.2471636303,531329.3449553446,664803.3514919706,644210.685117322
2018-09-02,538361.7208901817,6,1,0,26.377622377622377,5.166981132075471,540108.4643271859,542566.7374630962,665870.0719815269,643609.9684640486
2018-09-03,685026.6955121328,0,0,0,26.570138888888888,7.221153846153846,538361.7208901817,691437.0183408287,526212.6201823625,642694.2080599491
2018-09-04,669997.4480169911,1,0,0,26.1486301369863,5.636363636363637,685026.6955121328,692447.6202801596,531421.1663423135,639487.0405937822
2018-09-05,680731.5578362759,2,0,0,26.454,6.2,669997.4480169911,680278.6692792941,674938.9903298721,639551.7389590654
2018-09-06,682537.0687699068,3,0,0,26.495172413793103,5.400917431192661,680731.5578362759,678264.0389670598,681522.3368801408,640162.1717880435
2018-09-07,694560.2716239245,4,0,0,26.818493150684933,3.8284403669724774,682537.0687699068,684372.2471636303,687762.4283898331,641617.6038537998
2018-09-08,555306.4128097743,5,1,0,26.875342465753427,6.01090909090909,694560.2716239245,540108.4643271859,691535.2519008836,643788.7393513125
2018-09-09,548523.9857913514,6,1,0,26.6645390070922,6.54375,555306.4128097743,538361.7208901817,687455.2571772453,645240.491480051
2018-09-10,689802.000221332,0,0,0,26.68175675675676,12.022330097087378,548523.9857913514,685026.6955121328,555826.9513242589,645922.6778670794
2018-09-11,683437.739924884,1,0,0,26.513013698630136,8.558181818181819,689802.000221332,669997.4480169911,551315.3729537899,647842.7195682069
2018-09-12,685258.9733067254,2,0,0,26.59241379310345,4.077227722772276,683437.739924884,680731.5578362759,700877.4157698979,648489.4932068427
2018-09-13,679128.3262916574,3,0,0,26.416551724137932,5.434313725490195,685258.9733067254,682537.0687699068,697569.8700706174,648002.5299956641
2018-09-14,685793.4181092985,4,0,0,26.578082191780823,2.7889999999999997,679128.3262916574,694560.2716239245,698944.5382607254,646750.1223507175
2018-09-15,551196.1174465923,5,1,0,26.737062937062937,3.6378378378378375,685793.4181092985,555306.4128097743,688285.5840697732,646162.9372988344
2018-09-16,551837.0856879306,6,1,0,26.75133333333333,7.419266055045872,551196.1174465923,548523.9857913514,685665.9332886906,646636.23728406
2018-09-17,702502.9684274211,0,0,0,27.04965986394558,2.658252427184466,551837.0856879306,689802.000221332,544324.0465648494,648450.6613135013
2018-09-18,694782.8054107319,1,0,0,26.865734265734268,8.353535353535353,702502.9684274211,683437.739924884,553111.8034073301,650071.3849543368
2018-09-19,681744.383339313,2,0,0,26.48904109589041,10.610280373831776,694782.8054107319,685258.9733067254,695672.9214798375,649569.3006732778
2018-09-20,685207.4470444861,3,0,0,26.61111111111111,6.3187500000000005,681744.383339313,679128.3262916574,691411.9926640048,650437.7464951106
2018-09-21,688427.6597059584,4,0,0,26.67972027972028,5.212037037037037,685207.4470444861,685793.4181092985,689307.664781649,650814.0667232048
2018-09-22,567443.7083524292,5,1,0,27.20514705882353,5.23030303030303,688427.6597059584,551196.1174465923,693287.6259183363,653135.1511383243
2018-09-23,567600.8979131145,6,1,0,27.243795620437957,3.8147058823529414,567443.7083524292,551837.0856879306,677011.691638623,655387.1243133507
2018-09-24,705319.3721874357,0,0,0,27.12206896551724,7.7942307692307695,567600.8979131145,702502.9684274211,531329.3449553446,655789.4677076385
2018-09-25,708472.7022256488,1,0,0,27.25886524822695,3.9960784313725486,705319.3721874357,694782.8054107319,542566.7374630962,657745.1672526265
2018-09-26,708302.2642547189,2,0,0,27.246478873239436,3.499029126213592,708472.7022256488,681744.383339313,691437.0183408287,661539.1502405417
2018-09-27,706143.8150088934,3,0,0,27.18450704225352,4.8839999999999995,708302.2642547189,685207.4470444861,692447.6202801596,664530.0599497427
2018-09-28,704521.7551159523,4,0,0,27.130985915492957,3.2867924528301886,706143.8150088934,688427.6597059584,680278.6692792941,666829.2164368847
2018-09-29,572959.7589100513,5,1,0,27.375,2.4272727272727272,704521.7551159523,567443.7083524292,678264.0389670598,667617.2236594021
2018-09-30,580170.9616867598,6,1,0,27.566666666666666,2.978723404255319,572959.7589100513,567600.8979131145,684372.2471636303,669412.9470556371
2018-10-01,717154.32299664,0,0,0,27.502919708029196,3.5465346534653466,580170.9616867598,705319.3721874357,540108.4643271859,671103.6543140949
2018-10-02,708847.5092370886,1,0,0,27.27567567567568,5.572477064220183,717154.32299664,708472.7022256488,538361.7208901817,671157.1981728721
2018-10-03,716748.7233351523,2,0,0,27.477777777777778,4.012962962962963,708847.5092370886,708302.2642547189,685026.6955121328,672363.8351843626
2018-10-04,714183.6954818242,3,0,0,27.38843537414966,5.538181818181817,716748.7233351523,706143.8150088934,669997.4480169911,673512.3895376383
2018-10-05,720210.8469031529,4,0,0,27.586896551724138,4.802752293577981,714183.6954818242,704521.7551159523,680731.5578362759,675753.6883643813
2018-10-06,574490.4459701068,5,1,0,27.42816901408451,4.475700934579439,720210.8469031529,572959.7589100513,682537.0687699068,675972.3579443892
2018-10-07,572960.8057897935,6,1,0,27.37642857142857,6.563809523809525,574490.4459701068,580170.9616867598,694560.2716239245,674942.335673394
2018-10-08,709360.0474440162,0,0,0,27.269655172413792,8.270689655172413,572960.8057897935,717154.32299664,555306.4128097743,673828.867737305
2018-10-09,704946.0382039256,1,0,0,27.160689655172416,8.29107142857143,709360.0474440162,708847.5092370886,548523.9857913514,673271.5147325674
2018-10-10,704061.5057088083,2,0,0,27.10142857142857,6.698076923076924,704946.0382039256,716748.7233351523,689802.000221332,671459.0550716611
2018-10-11,697738.1434154077,3,0,0,26.950694444444444,9.839830508474575,704061.5057088083,714183.6954818242,683437.739924884,669109.6904907444
2018-10-12,697126.1208213515,4,0,0,26.890972222222224,14.377685950413223,697738.1434154077,720210.8469031529,685258.9733067254,665811.8724790586
2018-10-13,557324.5080317935,5,1,0,26.922448979591834,13.470434782608697,697126.1208213515,574490.4459701068,679128.3262916574,663359.595630728
2018-10-14,560254.9722319499,6,1,0,26.998611111111114,11.123008849557523,557324.5080317935,572960.8057897935,685793.4181092985,661544.4765510361
2018-10-15,708133.9851676548,0,0,0,27.229787234042554,8.025714285714287,560254.9722319499,709360.0474440162,551196.1174465923,661369.3247972702
2018-10-16,704760.9012225245,1,0,0,27.1443661971831,11.837614678899083,708133.9851676548,704946.0382039256,551837.0856879306,661342.87665707
2018-10-17,704633.1859947924,2,0,0,27.115384615384617,6.64757281553398,704760.9012225245,704061.5057088083,702502.9684274211,661424.5452693534
2018-10-18,695506.7444324354,3,0,0,26.87394366197183,8.624528301886793,704633.1859947924,697738.1434154077,694782.8054107319,661105.7739860717
2018-10-19,700468.8477975604,4,0,0,27.01901408450704,9.884905660377358,695506.7444324354,697126.1208213515,681744.383339313,661583.3064112443
2018-10-20,567805.1211652906,5,1,0,27.22867132867133,7.9937499999999995,700468.8477975604,557324.5080317935,685207.4470444861,663080.5368588868
2018-10-21,567973.0521842876,6,1,0,27.219718309859154,8.543103448275861,567805.1211652906,560254.9722319499,688427.6597059584,664183.1197092208
2018-10-22,713139.04541953,0,0,0,27.37394366197183,6.820754716981132,567973.0521842876,708133.9851676548,567443.7083524292,664898.1283166315
2018-10-23,700978.9946437526,1,0,0,27.041095890410958,7.3760683760683765,713139.04541953,704760.9012225245,567600.8979131145,664357.8559482356
2018-10-24,713819.2276878161,2,0,0,27.39160839160839,6.3168421052631585,700978.9946437526,704633.1859947924,705319.3721874357,665670.1476186675
2018-10-25,713638.3811837711,3,0,0,27.387671232876713,5.887128712871287,713819.2276878161,695506.7444324354,708472.7022256488,668260.3814402869
2018-10-26,714435.8613300066,4,0,0,27.41007194244604,8.108771929824561,713638.3811837711,700468.8477975604,708302.2642547189,670255.6690877791
2018-10-27,576568.0353387126,5,1,0,27.475524475524477,4.393518518518518,714435.8613300066,567805.1211652906,706143.8150088934,671507.5139696967
2018-10-28,567783.1654134475,6,1,0,27.22876712328767,8.626470588235295,576568.0353387126,567973.0521842876,704521.7551159523,671480.3872881482
2018-10-29,714211.141150246,0,0,0,27.41496598639456,9.431666666666667,567783.1654134475,713139.04541953,572959.7589100513,671633.5438211075
2018-10-30,719626.8949006872,1,0,0,27.53986013986014,4.381553398058252,714211.141150246,700978.9946437526,580170.9616867598,674297.5295720982
2018-10-31,717721.3577003464,2,0,0,27.525694444444444,9.185714285714285,719626.8949006872,713819.2276878161,717154.32299664,674854.9767167454
2018-11-01,721875.65813929,3,0,0,27.61586206896552,7.011926605504587,717721.3577003464,713638.3811837711,708847.5092370886,676031.7305675338
2018-11-02,708992.1597097764,4,0,0,27.244897959183675,8.895901639344261,721875.65813929,714435.8613300066,716748.7233351523,675254.0589075008
2018-11-03,583360.7442791067,5,1,0,27.67687074829932,10.005833333333333,708992.1597097764,576568.0353387126,714183.6954818242,676224.4458989857
2018-11-04,580643.0444290522,6,1,0,27.598591549295776,7.842105263157895,583360.7442791067,567783.1654134475,720210.8469031529,678061.5714726435
2018-11-05,721022.4651385295,0,0,0,27.599319727891157,8.977692307692307,580643.0444290522,714211.141150246,574490.4459701068,679034.6177566841
2018-11-06,713605.725086543,1,0,0,27.404794520547945,9.881102362204725,721022.4651385295,719626.8949006872,572960.8057897935,678174.4506403777
2018-11-07,705959.1750359862,2,0,0,27.180555555555557,10.89927536231884,713605.725086543,717721.3577003464,709360.0474440162,676494.1388311834
2018-11-08,698849.5248409911,3,0,0,26.967361111111114,16.029927007299268,705959.1750359862,721875.65813929,704946.0382039256,673204.6912171406
2018-11-09,697990.7907680247,4,0,0,26.918791946308726,13.612592592592593,698849.5248409911,708992.1597097764,704061.5057088083,671633.0670826047
2018-11-10,566966.0932404173,5,1,0,27.184353741496597,11.280152671755726,697990.7907680247,583360.7442791067,697738.1434154077,669290.9740770777
2018-11-11,571003.4280710402,6,1,0,27.292517006802722,11.045528455284552,566966.0932404173,580643.0444290522,697126.1208213515,667913.8860259332
2018-11-12,708681.1257915479,0,0,0,27.241891891891893,15.284426229508197,571003.4280710402,721022.4651385295,557324.5080317935,666150.8375477929
2018-11-13,709696.2337635815,1,0,0,27.28150684931507,10.973275862068967,708681.1257915479,713605.725086543,560254.9722319499,665592.33878737
2018-11-14,714181.3245338397,2,0,0,27.414084507042254,13.509016393442622,709696.2337635815,705959.1750359862,708133.9851676548,666766.9315727775
2018-11-15,720640.0469915242,3,0,0,27.58263888888889,13.796666666666669,714181.3245338397,698849.5248409911,704760.9012225245,669879.8633085679
2018-11-16,729418.5110225009,4,0,0,27.854166666666668,5.848275862068966,720640.0469915242,697990.7907680247,704633.1859947924,674369.537630636
2018-11-17,583374.036543419,5,1,0,27.661029411764705,10.262162162162161,729418.5110225009,566966.0932404173,695506.7444324354,676713.5295310648
2018-11-18,573401.9328118088,6,1,0,27.38095238095238,8.82905982905983,583374.036543419,571003.4280710402,700468.8477975604,677056.1730654603
2018-11-19,707709.1254249759,0,0,0,27.232867132867135,13.229661016949152,573401.9328118088,708681.1257915479,567805.1211652906,676917.3158702357
2018-11-20,716028.69503062,1,0,0,27.43076923076923,8.968992248062015,707709.1254249759,709696.2337635815,567973.0521842876,677821.9531940983
2018-11-21,710882.1351350496,2,0,0,27.317808219178083,9.376315789473685,716028.69503062,714181.3245338397,713139.04541953,677350.6404228426
2018-11-22,709993.960181456,3,0,0,27.302068965517243,9.612903225806452,710882.1351350496,720640.0469915242,700978.9946437526,675829.7708785471
2018-11-23,711237.5955169918,4,0,0,27.2993006993007,9.250833333333333,709993.960181456,729418.5110225009,713819.2276878161,673232.497234903
2018-11-24,559748.3384129478,5,1,0,26.997241379310346,9.83095238095238,711237.5955169918,583374.036543419,713638.3811837711,669857.3975019784
2018-11-25,556804.0610086836,6,1,0,26.898611111111112,10.51311475409836,559748.3384129478,573401.9328118088,714435.8613300066,667486.272958675
2018-11-26,692058.3533291908,0,0,0,26.762142857142855,13.875806451612902,556804.0610086836,707709.1254249759,576568.0353387126,665250.4483735628
2018-11-27,699695.7617278212,1,0,0,26.99513888888889,10.816129032258065,692058.3533291908,716028.69503062,567783.1654134475,662917.1721874486
2018-11-28,702013.1819071682,2,0,0,27.064285714285713,10.886065573770493,699695.7617278212,710882.1351350496,714211.141150246,661650.17886918
2018-11-29,699347.0486956611,3,0,0,26.99310344827586,8.26126126126126,702013.1819071682,709993.960181456,719626.8949006872,660129.1915140664
2018-11-30,695254.7124981085,4,0,0,26.863309352517987,18.150387596899225,699347.0486956611,711237.5955169918,717721.3577003464,657845.9225113688
2018-12-01,554659.6495069587,5,1,0,26.842068965517242,11.877600000000001,695254.7124981085,559748.3384129478,721875.65813929,657118.9669533704
2018-12-02,558931.6636243992,6,1,0,26.976190476190474,14.30483870967742,554659.6495069587,556804.0610086836,708992.1597097764,657422.9101841869
2018-12-03,701833.981140096,0,0,0,27.05167785234899,14.422131147540984,558931.6636243992,692058.3533291908,583360.7442791067,658819.4284428876
2018-12-04,704541.8303340323,1,0,0,27.14041095890411,10.959541984732825,701833.981140096,699695.7617278212,580643.0444290522,659511.7239580605
2018-12-05,704363.4260910758,2,0,0,27.13450704225352,14.44390243902439,704541.8303340323,702013.1819071682,721022.4651385295,659847.4731271903
2018-12-06,702907.2316348305,3,0,0,27.104109589041094,10.76793893129771,704363.4260910758,699347.0486956611,713605.725086543,660356.0706899287
2018-12-07,714251.5235698913,4,0,0,27.410738255033557,13.476335877862596,702907.2316348305,695254.7124981085,705959.1750359862,663069.9008430404
2018-12-08,566883.4780094357,5,1,0,27.207333333333334,11.49586776859504,714251.5235698913,554659.6495069587,698849.5248409911,664816.1620576802
2018-12-09,574452.5204187677,6,1,0,27.395172413793105,11.666935483870969,566883.4780094357,558931.6636243992,697990.7907680247,667033.4273140185
2018-12-10,711175.3378057664,0,0,0,27.344755244755245,6.563559322033898,574452.5204187677,701833.981140096,566966.0932404173,668367.9068376857
2018-12-11,718380.9467124708,1,0,0,27.514965986394557,16.616239316239316,711175.3378057664,704541.8303340323,571003.4280710402,670344.9234631769
2018-12-12,710967.7203724746,2,0,0,27.309859154929576,12.341803278688525,718380.9467124708,704363.4260910758,708681.1257915479,671288.3940748053
2018-12-13,706309.5488773057,3,0,0,27.19662162162162,14.19672131147541,710967.7203724746,702907.2316348305,709696.2337635815,671774.4393951589
2018-12-14,701778.8086217592,4,0,0,27.070860927152317,18.65648854961832,706309.5488773057,714251.5235698913,714181.3245338397,669992.6229739971
2018-12-15,564457.3764589994,5,1,0,27.13006993006993,13.801587301587302,701778.8086217592,566883.4780094357,720640.0469915242,669646.0370382204
2018-12-16,565261.491252885,6,1,0,27.153061224489797,10.269421487603305,564457.3764589994,574452.5204187677,729418.5110225009,668333.0328716658
2018-12-17,704036.585205605,0,0,0,27.1027027027027,11.60420168067227,565261.491252885,711175.3378057664,583374.036543419,667313.2110716428
2018-12-18,711272.4933335716,1,0,0,27.306849315068494,11.283035714285715,704036.585205605,718380.9467124708,573401.9328118088,666297.7177318
2018-12-19,705440.1357151669,2,0,0,27.14620689655172,9.496330275229356,711272.4933335716,710967.7203724746,707709.1254249759,665508.0627807562
2018-12-20,705920.7618481981,3,0,0,27.175,9.27310924369748,705440.1357151669,706309.5488773057,716028.69503062,665452.521776598
2018-12-21,695625.7555919548,4,0,0,26.87655172413793,7.74326923076923,705920.7618481981,701778.8086217592,710882.1351350496,664573.5142009115
2018-12-22,553072.0778738378,5,1,0,26.807746478873238,11.419491525423728,695625.7555919548,564457.3764589994,709993.960181456,662947.0429744598
2018-12-23,549250.545192882,6,1,0,26.709655172413793,19.143548387096775,553072.0778738378,565261.491252885,711237.5955169918,660659.7649658881
2018-12-24,691892.0208020282,0,0,0,26.784615384615382,9.473109243697479,549250.545192882,704036.585205605,559748.3384129478,658924.8271939484
2018-12-25,686893.1107127425,1,0,0,26.616197183098592,8.934166666666666,691892.0208020282,711272.4933335716,556804.0610086836,655442.0582481157
2018-12-26,688578.7912756342,2,0,0,26.681021897810222,9.72258064516129,686893.1107127425,705440.1357151669,692058.3533291908,653033.294756754
2018-12-27,682790.7044739007,3,0,0,26.505755395683455,12.542148760330578,688578.7912756342,705920.7618481981,699695.7617278212,649729.0008461401
2018-12-28,697157.4002680706,4,0,0,26.904166666666665,10.8944,682790.7044739007,695625.7555919548,702013.1819071682,649947.8072284423
2018-12-29,565008.3798399819,5,1,0,27.141379310344828,10.53157894736842,697157.4002680706,553072.0778738378,699347.0486956611,651652.9932236057
2018-12-30,572626.8145142691,6,1,0,27.363194444444446,6.289090909090909,565008.3798399819,549250.545192882,695254.7124981085,654992.4602695182
2018-12-31,702366.7758294665,0,0,0,27.068794326241132,6.876470588235294,572626.8145142691,691892.0208020282,554659.6495069587,656488.8538448664
2019-01-01,712230.3782858152,1,0,0,26.82536231884058,9.250420168067226,702366.7758294665,686893.1107127425,558931.6636243992,660108.4634981627
2019-01-02,706003.1763668079,2,0,0,26.662068965517243,9.628148148148147,712230.3782858152,688578.7912756342,701833.981140096,662597.6613683302
2019-01-03,711750.2796278875,3,0,0,26.828,13.377868852459015,706003.1763668079,682790.7044739007,704541.8303340323,666734.7435331856
2019-01-04,721329.2308953275,4,0,0,27.08827586206897,12.107079646017699,711750.2796278875,697157.4002680706,704363.4260910758,670187.8621942223
2019-01-05,582994.8441163885,5,1,0,27.217361111111114,8.1890756302521,721329.2308953275,565008.3798399819,702907.2316348305,672757.3570908519
2019-01-06,585031.8835049662,6,1,0,27.27241379310345,8.815454545454546,582994.8441163885,572626.8145142691,714251.5235698913,674529.5098038084
2019-01-07,729131.3627462762,0,0,0,27.321768707482995,5.382677165354331,585031.8835049662,702366.7758294665,566883.4780094357,678353.0222204955
2019-01-08,727055.8240968435,1,0,0,27.20958904109589,10.11967213114754,729131.3627462762,712230.3782858152,574452.5204187677,680470.9430506425
2019-01-09,717679.9553278715,2,0,0,26.962937062937062,11.848275862068967,727055.8240968435,706003.1763668079,711175.3378057664,682139.0543307944
2019-01-10,720000.585775919,3,0,0,27.022222222222222,9.953125,717679.9553278715,711750.2796278875,718380.9467124708,683317.669494799
2019-01-11,724600.8773899148,4,0,0,27.19931506849315,7.9632,720000.585775919,721329.2308953275,710967.7203724746,683785.0475654543
2019-01-12,579278.9122862325,5,1,0,27.13006993006993,8.050413223140495,724600.8773899148,582994.8441163885,706309.5488773057,683254.2001611461
2019-01-13,573379.7167802174,6,1,0,26.976258992805754,11.668503937007875,579278.9122862325,585031.8835049662,701778.8086217592,681589.6049147536
2019-01-14,701511.8475453339,0,0,0,26.53380281690141,13.145384615384616,573379.7167802174,729131.3627462762,564457.3764589994,677643.9598860474
2019-01-15,701738.39709128,1,0,0,26.511347517730496,15.106766917293234,701511.8475453339,727055.8240968435,565261.491252885,674027.1845995385
2019-01-16,696639.9963260092,2,0,0,26.40138888888889,17.44233576642336,701738.39709128,717679.9553278715,704036.585205605,671021.476170701
2019-01-17,699222.3688176606,3,0,0,26.46056338028169,10.36190476190476,696639.9963260092,720000.585775919,711272.4933335716,668053.1594623784
2019-01-18,705737.4838972959,4,0,0,26.645,17.503125,699222.3688176606,724600.8773899148,705440.1357151669,665358.3889634327
2019-01-19,570098.0715290244,5,1,0,26.87013888888889,7.392857142857143,705737.4838972959,579278.9122862325,705920.7618481981,664046.8402838316
2019-01-20,567556.0888319189,6,1,0,26.80890410958904,9.5900826446281,570098.0715290244,573379.7167802174,695625.7555919548,663214.8934340747
2019-01-21,701786.2434094861,0,0,0,26.541379310344826,15.545985401459856,567556.0888319189,701511.8475453339,553072.0778738378,663254.0928432393
2019-01-22,695175.058543183,1,0,0,26.342142857142857,18.526153846153846,701786.2434094861,701738.39709128,549250.545192882,662316.473050654
2019-01-23,712821.8427475792,2,0,0,26.85323741007194,17.195,695175.058543183,696639.9963260092,691892.0208020282,664628.1653965926
2019-01-24,714944.8013285584,3,0,0,26.88972602739726,8.27142857142857,712821.8427475792,699222.3688176606,686893.1107127425,666874.2271838636
2019-01-25,711444.2992044992,4,0,0,26.804137931034482,11.122556390977444,714944.8013285584,705737.4838972959,688578.7912756342,667689.4865134641
2019-01-26,578803.2289520914,5,1,0,27.080689655172414,10.08235294117647,711444.2992044992,570098.0715290244,682790.7044739007,668933.0804310451
2019-01-27,559270.8582181964,6,1,0,26.55352112676056,10.088617886178863,578803.2289520914,567556.0888319189,697157.4002680706,667749.4760576562
2019-01-28,706727.0009797837,0,0,0,26.66549295774648,12.867460317460317,559270.8582181964,701786.2434094861,565008.3798399819,668455.2985676987
2019-01-29,697143.4622962849,1,0,0,26.425694444444446,9.66015037593985,706727.0009797837,695175.058543183,572626.8145142691,668736.4991038562
2019-01-30,705937.9365834659,2,0,0,26.629078014184397,13.1875,697143.4622962849,712821.8427475792,702366.7758294665,667753.0839375543
2019-01-31,704997.1281823722,3,0,0,26.641666666666666,9.636585365853659,705937.9365834659,714944.8013285584,712230.3782858152,666331.9877738134
2019-02-01,705815.7356421151,4,0,0,26.64391891891892,10.705645161290322,704997.1281823722,711444.2992044992,706003.1763668079,665527.9072649013
2019-02-02,565969.0584705458,5,1,0,26.742,15.603174603174603,705815.7356421151,578803.2289520914,711750.2796278875,663694.4543389663
2019-02-03,569419.5875209004,6,1,0,26.852447552447554,11.088,565969.0584705458,559270.8582181964,721329.2308953275,665144.2728107811
2019-02-04,708004.5062626124,0,0,0,26.694482758620687,7.01,569419.5875209004,706727.0009797837,582994.8441163885,665326.7735654709
2019-02-05,705209.3944470156,1,0,0,26.634965034965035,11.624806201550387,708004.5062626124,697143.4622962849,585031.8835049662,666479.0495870039
2019-02-06,709747.7585825921,2,0,0,26.753793103448277,10.270992366412214,705209.3944470156,705937.9365834659,729131.3627462762,667023.3098725935
2019-02-07,717735.7962304702,3,0,0,26.94689655172414,10.49349593495935,709747.7585825921,704997.1281823722,727055.8240968435,668843.1195937503
2019-02-08,711258.7567874959,4,0,0,26.80141843971631,11.846280991735538,717735.7962304702,705815.7356421151,717679.9553278715,669620.6940430903
2019-02-09,567739.5673683754,5,1,0,26.792307692307695,12.720661157024793,711258.7567874959,565969.0584705458,720000.585775919,669873.6238856374
2019-02-10,565556.036992509,6,1,0,26.728859060402684,12.278947368421052,567739.5673683754,569419.5875209004,724600.8773899148,669321.6880958673
2019-02-11,704222.4872095789,0,0,0,26.597902097902097,11.69236641221374,565556.036992509,708004.5062626124,579278.9122862325,668781.3996597196
2019-02-12,707417.0637504801,1,0,0,26.697916666666668,12.82279411764706,704222.4872095789,705209.3944470156,573379.7167802174,669096.780988786
2019-02-13,713597.8865194299,2,0,0,26.84931506849315,9.476859504132232,707417.0637504801,709747.7585825921,701511.8475453339,669646.799265477
2019-02-14,715798.0749534742,3,0,0,26.91304347826087,5.912844036697248,713597.8865194299,717735.7962304702,701738.39709128,669369.9819401919
2019-02-15,710111.9869502735,4,0,0,26.785915492957745,8.56,715798.0749534742,711258.7567874959,696639.9963260092,669206.1576777316
2019-02-16,562079.1410886544,5,1,0,26.63943661971831,11.5515625,710111.9869502735,567739.5673683754,699222.3688176606,668397.5253520571
2019-02-17,562565.4749926012,6,1,0,26.663636363636364,14.51732283464567,562079.1410886544,565556.036992509,705737.4838972959,667970.3022092131
2019-02-18,707233.4114459187,0,0,0,26.686986301369863,12.595238095238095,562565.4749926012,704222.4872095789,570098.0715290244,668400.434242976
2019-02-19,741698.0457505919,1,0,0,27.64206896551724,7.444827586206896,707233.4114459187,707417.0637504801,567556.0888319189,673297.7173858491
2019-02-20,719560.7198115214,2,0,0,27.02867132867133,8.5,741698.0457505919,713597.8865194299,701786.2434094861,674149.5507132907
2019-02-21,715392.638826931,3,0,0,26.938235294117646,7.714634146341464,719560.7198115214,715798.0749534742,695175.058543183,674091.6312666417
2019-02-22,715464.7446181887,4,0,0,26.92638888888889,8.276190476190475,715392.638826931,710111.9869502735,712821.8427475792,674856.3109334867
2019-02-23,575023.6375189138,5,1,0,26.987142857142857,7.742622950819673,715464.7446181887,562079.1410886544,714944.8013285584,676705.5247092381
2019-02-24,573725.8642154107,6,1,0,26.97448275862069,10.593023255813954,575023.6375189138,562565.4749926012,711444.2992044992,678299.8660267823
2019-02-25,728782.7465621203,0,0,0,27.285714285714285,6.12824427480916,573725.8642154107,707233.4114459187,578803.2289520914,681378.3424719541
2019-02-26,732405.7978333086,1,0,0,27.4,6.241509433962264,728782.7465621203,741698.0457505919,559270.8582181964,680050.8784837706
2019-02-27,734792.4021620676,2,0,0,27.455944055944055,5.085840707964602,732405.7978333086,719560.7198115214,706727.0009797837,682226.8331052773
2019-02-28,728713.4306494542,3,0,0,27.298591549295775,9.236290322580645,734792.4021620676,715392.638826931,697143.4622962849,684129.8033656377
2019-03-01,717317.5247945655,4,0,0,26.96923076923077,13.633333333333333,728713.4306494542,715464.7446181887,705937.9365834659,684394.4862479772
2019-03-02,570768.8860247612,5,1,0,26.875694444444445,14.64817518248175,717317.5247945655,575023.6375189138,704997.1281823722,683786.6646059555
2019-03-03,566334.7447553516,6,1,0,26.770068027210883,9.448799999999999,570768.8860247612,573725.8642154107,705815.7356421151,682730.7903973756
2019-03-04,722742.5961716399,0,0,0,27.095172413793104,9.488188976377952,566334.7447553516,728782.7465621203,565969.0584705458,681867.911770164
2019-03-05,716132.4366127896,1,0,0,26.93862068965517,11.049180327868852,722742.5961716399,732405.7978333086,569419.5875209004,679543.1458815185
2019-03-06,700646.1976847849,2,0,0,26.517687074829933,11.25,716132.4366127896,734792.4021620676,708004.5062626124,674665.1166704781
2019-03-07,704928.8881808707,3,0,0,26.63655172413793,11.391735537190083,700646.1976847849,728713.4306494542,705209.3944470156,671267.324889252
2019-03-08,714319.2793914444,4,0,0,26.86344827586207,11.306923076923077,704928.8881808707,717317.5247945655,709747.7585825921,670839.0041173775
2019-03-09,574697.5631609795,5,1,0,27.00567375886525,5.666393442622951,714319.2793914444,570768.8860247612,717735.7962304702,671400.2437082658
2019-03-10,564889.0173644504,6,1,0,26.740277777777777,9.297709923664122,574697.5631609795,566334.7447553516,711258.7567874959,671193.7112238513
2019-03-11,703501.7136833697,0,0,0,26.57361111111111,10.47063492063492,564889.0173644504,722742.5961716399,567739.5673683754,668445.013725527
2019-03-12,712053.2375245373,1,0,0,26.789285714285715,9.098496240601502,703501.7136833697,716132.4366127896,565556.036992509,667862.2709986338
2019-03-13,713907.3939856829,2,0,0,26.865277777777777,9.691735537190082,712053.2375245373,700646.1976847849,704222.4872095789,669756.7276130478
2019-03-14,712874.5485918582,3,0,0,26.838194444444444,11.748175182481752,713907.3939856829,704928.8881808707,707417.0637504801,670891.8219574746
2019-03-15,713514.710043193,4,0,0,26.861267605633802,6.518032786885247,712874.5485918582,714319.2793914444,713597.8865194299,670776.8834791529
2019-03-16,567273.6401776422,5,1,0,26.786713286713287,9.19527559055118,713514.710043193,574697.5631609795,715798.0749534742,669716.323052962
2019-03-17,561607.8977808794,6,1,0,26.628873239436622,13.656,567273.6401776422,564889.0173644504,710111.9869502735,669247.5916838804
2019-03-18,712095.5329190881,0,0,0,26.817931034482758,13.296899224806202,561607.8977808794,703501.7136833697,562079.1410886544,670475.2801461258
2019-03-19,721940.9609491784,1,0,0,27.100684931506848,9.263636363636364,712095.5329190881,712053.2375245373,562565.4749926012,671887.8120639317
2019-03-20,731029.2225848008,2,0,0,27.337671232876712,7.95,721940.9609491784,713907.3939856829,707233.4114459187,674333.7875780914
2019-03-21,728458.3862348173,3,0,0,27.29448275862069,4.862280701754385,731029.2225848008,712874.5485918582,741698.0457505919,676560.0500985142
2019-03-22,737175.6282427569,4,0,0,27.52551724137931,8.178048780487805,728458.3862348173,713514.710043193,719560.7198115214,679940.1812698804
2019-03-23,588283.9051309726,5,1,0,27.395804195804196,9.09621212121212,737175.6282427569,567273.6401776422,715392.638826931,682941.6476917848
2019-03-24,581268.0477600787,6,1,0,27.17013888888889,9.535483870967743,588283.9051309726,561607.8977808794,715464.7446181887,685750.2405459562
2019-03-25,724936.108994946,0,0,0,27.18758620689655,9.545528455284552,581268.0477600787,712095.5329190881,575023.6375189138,687584.608556793
2019-03-26,725017.7937621606,1,0,0,27.182517482517483,6.277310924369748,724936.108994946,721940.9609491784,573725.8642154107,688024.1561015047
2019-03-27,722607.7521109661,2,0,0,27.12867132867133,9.987878787878788,725017.7937621606,731029.2225848008,728782.7465621203,686821.0888909568
2019-03-28,717283.2222287215,3,0,0,26.95138888888889,11.100813008130082,722607.7521109661,728458.3862348173,732405.7978333086,685224.6368900861
2019-03-29,727672.4847608054,4,0,0,27.2387323943662,9.375,717283.2222287215,737175.6282427569,734792.4021620676,683867.0449640929
2019-03-30,578480.596275059,5,1,0,27.117482517482518,9.021259842519685,727672.4847608054,588283.9051309726,728713.4306494542,682466.5722703909
2019-03-31,576071.8303028372,6,1,0,27.037062937062938,9.153543307086615,578480.596275059,581268.0477600787,717317.5247945655,681724.2554907851
2019-04-01,706823.1358796781,0,0,0,26.672222222222224,8.795238095238096,576071.8303028372,724936.108994946,570768.8860247612,679136.6879028898
2019-04-02,710327.522945809,1,0,0,26.76891891891892,12.097037037037037,706823.1358796781,725017.7937621606,566334.7447553516,677038.0777862681
2019-04-03,718045.4313480793,2,0,0,26.967586206896552,10.97984496124031,710327.522945809,722607.7521109661,722742.5961716399,676386.3176772842
2019-04-04,728370.5941756759,3,0,0,27.274324324324322,7.6140495867768605,718045.4313480793,717283.2222287215,716132.4366127896,677970.2279554206
2019-04-05,716536.391880646,4,0,0,26.959999999999997,11.3765625,728370.5941756759,727672.4847608054,700646.1976847849,676379.3575439693
2019-04-06,586131.3825362662,5,1,0,27.30344827586207,8.549606299212599,716536.391880646,578480.596275059,704928.8881808707,677472.3270098559
2019-04-07,592771.3018087021,6,1,0,27.500694444444445,9.05390625,586131.3825362662,576071.8303028372,714319.2793914444,679857.9657964081
2019-04-08,745278.4822364722,0,0,0,27.757615894039734,7.07948717948718,592771.3018087021,706823.1358796781,574697.5631609795,685351.5867045216
2019-04-09,742895.767143352,1,0,0,27.681506849315067,5.9102362204724415,745278.4822364722,710327.522945809,564889.0173644504,690004.1930184562
2019-04-10,737400.201744537,2,0,0,27.54513888888889,6.833870967741936,742895.767143352,718045.4313480793,703501.7136833697,692769.1602179501
2019-04-11,735925.7874384376,3,0,0,27.495774647887323,11.390243902439025,737400.201744537,728370.5941756759,712053.2375245373,693848.4735412019
2019-04-12,728568.1257453808,4,0,0,27.290845070422538,8.89516129032258,735925.7874384376,716536.391880646,713907.3939856829,695567.2926647355
2019-04-13,586201.9740059542,5,1,0,27.32123287671233,8.82824427480916,728568.1257453808,586131.3825362662,712874.5485918582,695577.3771604052
2019-04-14,581151.3014064166,6,1,0,27.18175675675676,12.140799999999999,586201.9740059542,592771.3018087021,713514.710043193,693917.3771029357
2019-04-15,728697.6434019554,0,0,0,27.27241379310345,8.980597014925374,581151.3014064166,745278.4822364722,567273.6401776422,691548.6858408619
2019-04-16,725672.4179656411,1,0,0,27.197183098591548,9.66,728697.6434019554,742895.767143352,561607.8977808794,689088.2073869032
2019-04-17,738596.6180389829,2,0,0,27.5486301369863,10.26484375,725672.4179656411,737400.201744537,712095.5329190881,689259.1240003955
2019-04-18,743787.4617345113,3,0,0,27.714189189189188,4.618399999999999,738596.6180389829,735925.7874384376,721940.9609491784,690382.2203284061
2019-04-19,742422.0743517877,4,0,0,27.65170068027211,8.875,743787.4617345113,728568.1257453808,731029.2225848008,692361.355843607
2019-04-20,586328.9902834684,5,1,0,27.323076923076922,9.724409448818898,742422.0743517877,586201.9740059542,728458.3862348173,692379.501026109
2019-04-21,595908.6121859319,6,1,0,27.588489208633096,9.036842105263158,586328.9902834684,581151.3014064166,737175.6282427569,694487.6882803255
2019-04-22,743420.8081614603,0,0,0,27.694444444444443,6.833333333333333,595908.6121859319,728697.6434019554,588283.9051309726,696590.9975316834
2019-04-23,738550.2891263487,1,0,0,27.57702702702703,10.154838709677419,743420.8081614603,725672.4179656411,581268.0477600787,698430.6934117845
2019-04-24,732962.6428382421,2,0,0,27.413013698630138,9.045238095238096,738550.2891263487,738596.6180389829,724936.108994946,697625.8398116786
2019-04-25,732662.0068158613,3,0,0,27.377083333333335,14.562411347517731,732962.6428382421,743787.4617345113,725017.7937621606,696036.4891090144
2019-04-26,725824.1219996371,4,0,0,27.211724137931032,13.55851851851852,732662.0068158613,742422.0743517877,722607.7521109661,693665.3530587071
2019-04-27,571615.0443984722,5,1,0,26.916438356164385,18.01014492753623,725824.1219996371,586328.9902834684,717283.2222287215,691563.360789422
2019-04-28,574250.2080220451,6,1,0,26.972727272727273,15.605555555555556,571615.0443984722,595908.6121859319,727672.4847608054,688469.3030517239
2019-04-29,726516.4138988659,0,0,0,27.22222222222222,18.44126984126984,574250.2080220451,743420.8081614603,578480.596275059,686054.389585639
2019-04-30,722264.3738485785,1,0,0,27.113986013986015,13.112295081967213,726516.4138988659,738550.2891263487,576071.8303028372,683727.8302602433
2019-05-01,734627.5706795127,2,0,0,27.444604316546762,11.739370078740158,722264.3738485785,732962.6428382421,706823.1358796781,683965.6770947103
2019-05-02,731234.6783496961,3,0,0,27.367586206896554,9.035294117647059,734627.5706795127,732662.0068158613,710327.522945809,683761.7730281154
2019-05-03,746905.8499602478,4,0,0,27.795804195804198,5.843307086614173,731234.6783496961,725824.1219996371,718045.4313480793,686773.4484510598
2019-05-04,601985.5653410496,5,1,0,27.755555555555556,4.182905982905983,746905.8499602478,571615.0443984722,728370.5941756759,691112.0942999994
2019-05-05,585924.9252600682,6,1,0,27.27872340425532,11.908527131782947,601985.5653410496,574250.2080220451,716536.391880646,692779.9110482883
2019-05-06,734868.8704966059,0,0,0,27.473793103448276,9.836290322580645,585924.9252600682,726516.4138988659,586131.3825362662,693973.1191336798
2019-05-07,746918.8141177988,1,0,0,27.797902097902096,4.30672268907563,734868.8704966059,722264.3738485785,592771.3018087021,697495.1820292827
2019-05-08,746280.1214336236,2,0,0,27.763513513513512,5.753913043478261,746918.8141177988,734627.5706795127,745278.4822364722,699159.8321370129
2019-05-09,742014.0265044556,3,0,0,27.657432432432433,4.097413793103448,746280.1214336236,731234.6783496961,742895.767143352,700699.7390162641
2019-05-10,741971.221696626,4,0,0,27.64965986394558,7.1226890756302526,742014.0265044556,746905.8499602478,737400.201744537,699994.792121461
2019-05-11,593040.1515833979,5,1,0,27.50816326530612,7.061016949152543,741971.221696626,601985.5653410496,735925.7874384376,698716.8758703681
2019-05-12,594400.6632890602,6,1,0,27.55862068965517,4.10695652173913,593040.1515833979,585924.9252600682,728568.1257453808,699927.6955887955
2019-05-13,737626.5953073043,0,0,0,27.51901408450704,3.8210084033613443,594400.6632890602,734868.8704966059,586201.9740059542,700321.656276038
2019-05-14,739025.6647839657,1,0,0,27.544897959183672,6.5125,737626.5953073043,746918.8141177988,581151.3014064166,699194.063514062
2019-05-15,740562.8422414685,2,0,0,27.600675675675678,6.009243697478992,739025.6647839657,746280.1214336236,728697.6434019554,698377.3093437541
2019-05-16,727431.9704089123,3,0,0,27.258904109589043,11.19527559055118,740562.8422414685,742014.0265044556,725672.4179656411,696294.1584729621
2019-05-17,718515.025820816,4,0,0,27.01156462585034,8.85,727431.9704089123,741971.221696626,738596.6180389829,692943.2733478463
2019-05-18,577939.4813828592,5,1,0,27.086394557823127,6.900813008130081,718515.025820816,593040.1515833979,743787.4617345113,690786.0347477695
2019-05-19,590084.5584164828,6,1,0,27.396575342465756,7.3591999999999995,577939.4813828592,594400.6632890602,742422.0743517877,690169.4483374013
2019-05-20,733469.4999200057,0,0,0,27.404861111111114,4.314634146341464,590084.5584164828,737626.5953073043,586328.9902834684,689575.5775677871
2019-05-21,738722.214524856,1,0,0,27.550340136054423,3.8145299145299147,733469.4999200057,739025.6647839657,595908.6121859319,689532.2275307715
2019-05-22,734361.7758306151,2,0,0,27.434931506849313,3.985087719298246,738722.214524856,740562.8422414685,743420.8081614603,688646.3609006496
2019-05-23,737610.1750993567,3,0,0,27.552447552447553,9.078070175438596,734361.7758306151,727431.9704089123,738550.2891263487,690100.3901421417
2019-05-24,730420.5778570352,4,0,0,27.334965034965034,4.726086956521739,737610.1750993567,718515.025820816,732962.6428382421,691801.183290173
2019-05-25,590573.0126980807,5,1,0,27.424827586206895,3.4724770642201834,730420.5778570352,577939.4813828592,732662.0068158613,693605.9734780617
2019-05-26,594240.317238256,6,1,0,27.53076923076923,4.507692307692308,590573.0126980807,590084.5584164828,725824.1219996371,694199.6533097436
2019-05-27,734882.5872595914,0,0,0,27.464335664335664,5.187288135593221,594240.317238256,733469.4999200057,571615.0443984722,694401.5229296844
2019-05-28,738129.8047024269,1,0,0,27.55070422535211,4.831818181818182,734882.5872595914,738722.214524856,574250.2080220451,694316.8929550517
2019-05-29,733517.7080852215,2,0,0,27.42887323943662,5.327433628318584,738129.8047024269,734361.7758306151,726516.4138988659,694196.3118485669
2019-05-30,724135.7866696862,3,0,0,27.152112676056337,7.641322314049587,733517.7080852215,737610.1750993567,722264.3738485785,692271.3992157568
2019-05-31,721456.2279033302,4,0,0,27.069565217391304,5.6512396694214875,724135.7866696862,730420.5778570352,734627.5706795127,690990.777793799
2019-06-01,570531.0566500821,5,1,0,26.885915492957746,7.496946564885496,721456.2279033302,590573.0126980807,731234.6783496961,688127.6412155136
2019-06-02,572147.6619829601,6,1,0,26.938194444444445,13.59609375,570531.0566500821,594240.317238256,746905.8499602478,684971.547607614
2019-06-03,700507.9055378037,0,0,0,26.487837837837837,12.707874015748033,572147.6619829601,734882.5872595914,601985.5653410496,680060.8787902157
2019-06-04,708587.6477589346,1,0,0,26.733103448275862,12.777118644067796,700507.9055378037,738129.8047024269,585924.9252600682,675840.5706554312
2019-06-05,725229.8984872189,2,0,0,27.166666666666668,7.58,708587.6477589346,733517.7080852215,734868.8704966059,674656.5978557166
2019-06-06,722321.2869304836,3,0,0,27.093706293706294,8.28034188034188,725229.8984872189,724135.7866696862,746918.8141177988,674397.383607259
2019-06-07,711382.9902537405,4,0,0,26.825342465753426,11.536,722321.2869304836,721456.2279033302,746280.1214336236,672958.3496573176
2019-06-08,564662.7011655347,5,1,0,26.71048951048951,10.870731707317074,711382.9902537405,570531.0566500821,742014.0265044556,672120.0131595252
2019-06-09,570819.3655090781,6,1,0,26.869655172413793,12.7064,564662.7011655347,572147.6619829601,741971.221696626,671930.2565203991
2019-06-10,723228.5012386336,0,0,0,27.135862068965515,5.975833333333333,570819.3655090781,700507.9055378037,593040.1515833979,675176.0559062321
2019-06-11,729326.3528156079,1,0,0,27.28150684931507,5.7482456140350875,723228.5012386336,708587.6477589346,594400.6632890602,678138.7280571853
2019-06-12,716943.5885949377,2,0,0,26.943150684931506,10.56904761904762,729326.3528156079,725229.8984872189,737626.5953073043,676954.9695011452
2019-06-13,726748.425626796,3,0,0,27.225517241379308,7.590265486725664,716943.5885949377,722321.2869304836,739025.6647839657,677587.4178863326
2019-06-14,725679.3711898389,4,0,0,27.1875,5.9591666666666665,726748.425626796,711382.9902537405,740562.8422414685,679629.758020061
2019-06-15,570197.8998807294,5,1,0,26.862328767123287,8.92015503875969,725679.3711898389,564662.7011655347,727431.9704089123,680420.5006936602
2019-06-16,565033.3959063527,6,1,0,26.729577464788733,9.070689655172414,570197.8998807294,570819.3655090781,718515.025820816,679593.9336075566
2019-06-17,703022.5851622598,0,0,0,26.563698630136987,6.868852459016393,565033.3959063527,723228.5012386336,577939.4813828592,676707.3741680746
2019-06-18,699420.5261133295,1,0,0,26.466901408450706,5.734782608695652,703022.5851622598,729326.3528156079,590084.5584164828,672435.1132106063
2019-06-19,694748.8657054873,2,0,0,26.346206896551724,8.028571428571428,699420.5261133295,716943.5885949377,733469.4999200057,669264.4385121133
2019-06-20,698761.9002551464,3,0,0,26.461379310344828,6.705172413793103,694748.8657054873,726748.425626796,738722.214524856,665266.3634590206
2019-06-21,698465.9151064437,4,0,0,26.448251748251746,6.268695652173913,698761.9002551464,725679.3711898389,734361.7758306151,661378.7268756784
2019-06-22,555604.4974839994,5,1,0,26.47482014388489,6.723893805309734,698465.9151064437,570197.8998807294,737610.1750993567,659293.9551047169
2019-06-23,563242.6221832511,6,1,0,26.676056338028168,7.276422764227642,555604.4974839994,565033.3959063527,730420.5778570352,659038.1302871311
2019-06-24,706840.0448741387,0,0,0,26.662937062937065,3.4038095238095236,563242.6221832511,703022.5851622598,590573.0126980807,659583.4816745423
2019-06-25,713249.2795583922,1,0,0,26.844137931034485,1.558,706840.0448741387,699420.5261133295,594240.317238256,661559.0178809798
2019-06-26,709155.1714193544,2,0,0,26.748611111111114,2.3410714285714285,713249.2795583922,694748.8657054873,734882.5872595914,663617.0615543894
2019-06-27,709036.4016168793,3,0,0,26.740579710144925,1.7568807339449541,709155.1714193544,698761.9002551464,738129.8047024269,665084.8474632084
2019-06-28,702218.7562550118,4,0,0,26.544525547445254,3.2027272727272726,709036.4016168793,698465.9151064437,733517.7080852215,665620.9676272896
2019-06-29,554919.7446975311,5,1,0,26.419310344827586,3.2127272727272724,702218.7562550118,555604.4974839994,724135.7866696862,665523.1458006512
2019-06-30,552399.7013143462,6,1,0,26.37832167832168,5.47927927927928,554919.7446975311,563242.6221832511,721456.2279033302,663974.1571050932
2019-07-01,703947.3910953422,0,0,0,26.57191780821918,1.9770642201834863,552399.7013143462,706840.0448741387,570531.0566500821,663560.9208509795
2019-07-02,705626.7563935773,1,0,0,26.63655172413793,4.083636363636364,703947.3910953422,713249.2795583922,572147.6619829601,662471.9889702917
2019-07-03,710535.9192358,2,0,0,26.761971830985914,6.1535087719298245,705626.7563935773,709155.1714193544,700507.9055378037,662669.2386583554
2019-07-04,704788.6899264775,3,0,0,26.62323943661972,3.6297520661157026,710535.9192358,709036.4016168793,708587.6477589346,662062.4227025837
2019-07-05,706942.757333156,4,0,0,26.675342465753424,4.9964601769911505,704788.6899264775,702218.7562550118,725229.8984872189,662737.2799994614
2019-07-06,558454.3188023696,5,1,0,26.54255319148936,5.767256637168142,706942.757333156,554919.7446975311,722321.2869304836,663242.2191572955
2019-07-07,551503.1745873309,6,1,0,26.344217687074828,4.870247933884297,558454.3188023696,552399.7013143462,711382.9902537405,663114.1439105792
2019-07-08,692742.1235116547,0,0,0,26.279310344827586,5.5058823529411764,551503.1745873309,703947.3910953422,564662.7011655347,661513.3913986237
2019-07-09,690999.8037326181,1,0,0,26.241095890410957,7.37258064516129,692742.1235116547,705626.7563935773,570819.3655090781,659423.8267327724
2019-07-10,691550.3785971131,2,0,0,26.253103448275862,3.1939130434782608,690999.8037326181,710535.9192358,723228.5012386336,656711.6066415313
2019-07-11,697734.6836296323,3,0,0,26.450344827586207,5.598198198198198,691550.3785971131,704788.6899264775,729326.3528156079,655703.8914562678
2019-07-12,689192.8288261124,4,0,0,26.179166666666667,4.200869565217391,697734.6836296323,706942.757333156,716943.5885949377,653168.1873838331
2019-07-13,545388.9067962045,5,1,0,26.197872340425533,4.569090909090909,689192.8288261124,558454.3188023696,726748.425626796,651301.699954381
2019-07-14,540021.3320984382,6,1,0,26.044055944055945,1.7333333333333334,545388.9067962045,551503.1745873309,725679.3711898389,649661.4367416819
2019-07-15,679863.968624052,0,0,0,25.936301369863013,2.1415929203539825,540021.3320984382,692742.1235116547,570197.8998807294,647821.7003291672
2019-07-16,693094.5030064195,1,0,0,26.275694444444444,3.7480392156862745,679863.968624052,690999.8037326181,565033.3959063527,648120.9430825674
2019-07-17,696408.9358053273,2,0,0,26.382517482517482,1.3068627450980392,693094.5030064195,691550.3785971131,703022.5851622598,648815.0226837408
2019-07-18,699473.2455395967,3,0,0,26.448275862068964,2.476923076923077,696408.9358053273,697734.6836296323,699420.5261133295,649063.3886708786
2019-07-19,707664.8458176497,4,0,0,26.699324324324323,3.5419642857142857,699473.2455395967,689192.8288261124,694748.8657054873,651702.2482410982
2019-07-20,574701.7021193365,5,1,0,27.003496503496503,2.7019607843137257,707664.8458176497,545388.9067962045,698761.9002551464,655889.7904301172
2019-07-21,554604.6081651617,6,1,0,26.41549295774648,4.448039215686275,574701.7021193365,540021.3320984382,698465.9151064437,657973.1155825062
2019-07-22,688363.0449548147,0,0,0,26.17876712328767,6.290400000000001,554604.6081651617,679863.968624052,555604.4974839994,659187.2693440438
2019-07-23,685217.9629162214,1,0,0,26.093055555555555,4.562931034482758,688363.0449548147,693094.5030064195,563242.6221832511,658062.0493311583
2019-07-24,686341.6450916819,2,0,0,26.0986301369863,5.323893805309734,685217.9629162214,696408.9358053273,706840.0448741387,656623.8649434947
2019-07-25,684761.2374063138,3,0,0,26.072972972972973,2.352212389380531,686341.6450916819,699473.2455395967,713249.2795583922,654522.1494958828
2019-07-26,689758.0208836264,4,0,0,26.201408450704225,4.2981981981981985,684761.2374063138,707664.8458176497,709155.1714193544,651964.0316481652
2019-07-27,548458.5856591148,5,1,0,26.26382978723404,4.298245614035087,689758.0208836264,574701.7021193365,709036.4016168793,648215.0150109906
2019-07-28,550724.0461244996,6,1,0,26.335915492957746,4.214150943396226,548458.5856591148,554604.6081651617,702218.7562550118,647660.6490051819
2019-07-29,691481.6151809206,0,0,0,26.24931506849315,1.814516129032258,550724.0461244996,688363.0449548147,554919.7446975311,648106.1590374827
2019-07-30,688091.5417537519,1,0,0,26.175342465753424,3.575438596491228,691481.6151809206,685217.9629162214,552399.7013143462,648516.6702999871
2019-07-31,690988.5364120802,2,0,0,26.226573426573427,2.4,688091.5417537519,686341.6450916819,703947.3910953422,649180.5119171868
2019-08-01,694652.9111626202,3,0,0,26.33103448275862,1.4675438596491228,690988.5364120802,684761.2374063138,705626.7563935773,650593.6081680877
2019-08-02,697816.2725428821,4,0,0,26.416,2.8512820512820514,694652.9111626202,689758.0208836264,710535.9192358,651744.7869765528
2019-08-03,547439.8988049155,5,1,0,26.220689655172414,0.9642857142857143,697816.2725428821,548458.5856591148,704788.6899264775,651599.2602830958
2019-08-04,546527.9977059807,6,1,0,26.22222222222222,0.7913793103448276,547439.8988049155,550724.0461244996,706942.757333156,650999.8247947359
2019-08-05,684848.9333055062,0,0,0,26.071140939597313,2.252991452991453,546527.9977059807,691481.6151809206,558454.3188023696,650052.2988125338
2019-08-06,687182.3121710853,1,0,0,26.122758620689655,2.6903508771929823,684848.9333055062,688091.5417537519,551503.1745873309,649922.4088721529
2019-08-07,686803.294591229,2,0,0,26.11388888888889,0.9716666666666666,687182.3121710853,690988.5364120802,692742.1235116547,649324.51718346
2019-08-08,695298.0623846396,3,0,0,26.352739726027398,1.8133333333333335,686803.294591229,694652.9111626202,690999.8037326181,649416.6816437483
2019-08-09,701485.4118115612,4,0,0,26.5421768707483,2.599047619047619,695298.0623846396,697816.2725428821,691550.3785971131,649940.8443964168
2019-08-10,563272.0899814406,5,1,0,26.687248322147653,1.737037037037037,701485.4118115612,547439.8988049155,697734.6836296323,652202.5859930633
2019-08-11,567596.3171347567,6,1,0,26.813103448275864,2.525892857142857,563272.0899814406,546527.9977059807,689192.8288261124,655212.3459114598
2019-08-12,715706.4336013118,0,0,0,26.914685314685315,1.7642857142857142,567596.3171347567,684848.9333055062,545388.9067962045,659620.560239432
2019-08-13,720464.0303735376,1,0,0,27.058333333333334,1.3106194690265487,715706.4336013118,687182.3121710853,540021.3320984382,664375.0914112108
2019-08-14,715755.5693669192,2,0,0,26.913013698630138,1.972972972972973,720464.0303735376,686803.294591229,679863.968624052,668511.130664881
2019-08-15,706887.7538094294,3,0,0,26.669444444444444,3.852727272727273,715755.5693669192,695298.0623846396,693094.5030064195,670166.8008684224
2019-08-16,706191.4003105912,4,0,0,26.654609929078017,3.399107142857143,706887.7538094294,701485.4118115612,696408.9358053273,670839.0849397123
2019-08-17,566597.9379346771,5,1,0,26.763448275862068,3.7483050847457626,706191.4003105912,563272.0899814406,699473.2455395967,671314.206075889
2019-08-18,560724.4513435988,6,1,0,26.60492957746479,2.006194690265487,566597.9379346771,567596.3171347567,707664.8458176497,670332.5109628664
2019-08-19,699502.1004784884,0,0,0,26.484615384615385,4.659649122807018,560724.4513435988,715706.4336013118,574701.7021193365,668017.6062310345
2019-08-20,708766.3576248866,1,0,0,26.725874125874128,4.616521739130435,699502.1004784884,720464.0303735376,554604.6081651617,666346.5101240844
2019-08-21,712897.4104687413,2,0,0,26.84452054794521,3.4752293577981654,708766.3576248866,715755.5693669192,688363.0449548147,665938.201710059
2019-08-22,707992.7649297948,3,0,0,26.713013698630135,0.8839285714285714,712897.4104687413,706887.7538094294,685217.9629162214,666096.0604415397
2019-08-23,708879.1600560943,4,0,0,26.728472222222223,3.007142857142857,707992.7649297948,706191.4003105912,686341.6450916819,666480.0261194687
2019-08-24,564339.5295589739,5,1,0,26.683916083916085,2.1719626168224297,708879.1600560943,566597.9379346771,684761.2374063138,666157.3963515112
2019-08-25,559098.9617485772,6,1,0,26.557534246575344,3.924561403508772,564339.5295589739,560724.4513435988,689758.0208836264,665925.1835522223
2019-08-26,703773.8897046272,0,0,0,26.575524475524478,3.3745454545454545,559098.9617485772,699502.1004784884,548458.5856591148,666535.4391559565
2019-08-27,692340.9818530916,1,0,0,26.259183673469387,4.854166666666667,703773.8897046272,708766.3576248866,550724.0461244996,664188.956902843
2019-08-28,685616.0912893319,2,0,0,26.09793103448276,8.671666666666669,692340.9818530916,712897.4104687413,691481.6151809206,660291.6255914987
2019-08-29,698200.667151646,3,0,0,26.43793103448276,4.4433628318584075,685616.0912893319,707992.7649297948,688091.5417537519,658892.7544803346
2019-08-30,699285.6214539716,4,0,0,26.478620689655173,2.141121495327103,698200.667151646,708879.1600560943,690988.5364120802,657522.2489657457
2019-08-31,552820.6600780218,5,1,0,26.385401459854016,0.6738738738738739,699285.6214539716,564339.5295589739,694652.9111626202,655876.6961827524
2019-09-01,559137.789724035,6,1,0,26.57361111111111,1.1794642857142856,552820.6600780218,559098.9617485772,697816.2725428821,655882.2430363894
2019-09-02,708377.1655000497,0,0,0,26.72206896551724,3.812844036697248,559137.789724035,703773.8897046272,547439.8988049155,656539.8538643068
2019-09-03,704125.1128924363,1,0,0,26.61793103448276,1.9327586206896554,708377.1655000497,692340.9818530916,546527.9977059807,658223.3011556417
2019-09-04,701729.6797749889,2,0,0,26.538620689655172,3.386440677966102,704125.1128924363,685616.0912893319,684848.9333055062,660525.2423678784
2019-09-05,705131.3728711704,3,0,0,26.648611111111112,2.2150442477876107,701729.6797749889,698200.667151646,687182.3121710853,661515.3431849534
2019-09-06,706097.3332684988,4,0,0,26.66013986013986,1.017117117117117,705131.3728711704,699285.6214539716,686803.294591229,662488.4448727431
2019-09-07,568464.8123782637,5,1,0,26.80952380952381,1.3333333333333333,706097.3332684988,552820.6600780218,695298.0623846396,664723.3237727776
2019-09-08,572731.1206394434,6,1,0,26.951020408163266,1.4439252336448598,568464.8123782637,559137.789724035,701485.4118115612,666665.2281892644
2019-09-09,715237.7335439115,0,0,0,26.93013698630137,1.85,572731.1206394434,708377.1655000497,563272.0899814406,667645.3093383875
2019-09-10,716949.7222197207,1,0,0,26.95874125874126,0.07904761904761906,715237.7335439115,704125.1128924363,567596.3171347567,669477.3963851425
2019-09-11,700068.1239256421,2,0,0,26.50135135135135,1.3419642857142855,716949.7222197207,701729.6797749889,715706.4336013118,669240.0312638072
2019-09-12,694984.8312442894,3,0,0,26.3486301369863,2.569724770642202,700068.1239256421,705131.3728711704,720464.0303735376,667790.52531711
2019-09-13,692368.3116586858,4,0,0,26.29586206896552,1.8289719626168224,694984.8312442894,706097.3332684988,715755.5693669192,665829.236515708
2019-09-14,550590.1877423092,5,1,0,26.33241379310345,1.6064814814814814,692368.3116586858,568464.8123782637,706887.7538094294,663275.7187105716
2019-09-15,548725.1342790901,6,1,0,26.263194444444444,0.5327272727272727,550590.1877423092,572731.1206394434,706191.4003105912,659846.292087664
2019-09-16,703355.5122691945,0,0,0,26.57448275862069,1.6,548725.1342790901,715237.7335439115,566597.9379346771,658148.8319055616
2019-09-17,714234.220959875,1,0,0,26.887500000000003,2.3673076923076923,703355.5122691945,716949.7222197207,560724.4513435988,657760.9031541552
2019-09-18,721250.0705529952,2,0,0,27.1,0.6644859813084112,714234.220959875,700068.1239256421,699502.1004784884,660786.8955294912
2019-09-19,720463.1878756799,3,0,0,27.08137931034483,1.29,721250.0705529952,694984.8312442894,708766.3576248866,664426.6607625472
2019-09-20,713105.1385582136,4,0,0,26.849645390070922,4.491150442477876,720463.1878756799,692368.3116586858,712897.4104687413,667389.0646053368
2019-09-21,569457.9779943927,5,1,0,26.87152777777778,2.0964285714285715,713105.1385582136,550590.1877423092,707992.7649297948,670084.4632127773
2019-09-22,571894.0431595439,6,1,0,26.926206896551726,2.47787610619469,569457.9779943927,548725.1342790901,708879.1600560943,673394.3073385564
2019-09-23,720641.0640148995,0,0,0,27.063636363636363,1.5345132743362833,571894.0431595439,703355.5122691945,564339.5295589739,675863.6718736571
2019-09-24,731272.2144341132,1,0,0,27.332867132867133,1.951818181818182,720641.0640148995,714234.220959875,559098.9617485772,678297.6709414053
2019-09-25,725544.9222514045,2,0,0,27.189583333333335,4.417699115044248,731272.2144341132,721250.0705529952,703773.8897046272,678911.2211840354
2019-09-26,724480.9623837097,3,0,0,27.182517482517483,6.694915254237288,725544.9222514045,720463.1878756799,692340.9818530916,679485.1889708968
2019-09-27,718665.4182046494,4,0,0,26.988652482269504,5.969827586206897,724480.9623837097,713105.1385582136,685616.0912893319,680279.5146346734
2019-09-28,579395.9514636187,5,1,0,27.119014084507043,4.944954128440367,718665.4182046494,569457.9779943927,698200.667151646,681699.225130277
2019-09-29,573380.5720244788,6,1,0,26.954225352112676,4.697272727272727,579395.9514636187,571894.0431595439,699285.6214539716,681911.5863966962
2019-09-30,714945.5682039692,0,0,0,26.910344827586208,7.409090909090909,573380.5720244788,720641.0640148995,552820.6600780218,681097.944137992
2019-10-01,719406.9934417721,1,0,0,27.036986301369865,5.975409836065574,714945.5682039692,731272.2144341132,559137.789724035,679402.9125676574
2019-10-02,716541.5768074569,2,0,0,26.947945205479453,4.451239669421488,719406.9934417721,725544.9222514045,708377.1655000497,678116.7203613792
2019-10-03,709525.0253509157,3,0,0,26.748979591836733,9.260833333333332,716541.5768074569,724480.9623837097,704125.1128924363,675980.157928123
2019-10-04,715670.0784468413,4,0,0,26.897222222222222,5.788524590163934,709525.0253509157,718665.4182046494,701729.6797749889,675552.2522484361
2019-10-05,573181.8845722227,5,1,0,26.963698630136985,3.2185483870967744,715670.0784468413,579395.9514636187,705131.3728711704,674664.5284068082
2019-10-06,576710.135609892,6,1,0,27.06083916083916,2.98728813559322,573181.8845722227,573380.5720244788,706097.3332684988,675140.1803475814
2019-10-07,719617.6731969118,0,0,0,27.02364864864865,6.162601626016261,576710.135609892,714945.5682039692,568464.8123782637,675807.6239180018
2019-10-08,724964.6001620919,1,0,0,27.169718309859153,3.447706422018349,719617.6731969118,719406.9934417721,572731.1206394434,676601.5677351904
2019-10-09,722567.1864439531,2,0,0,27.11862068965517,7.695901639344262,724964.6001620919,716541.5768074569,715237.7335439115,677462.3691118326
2019-10-10,730788.2679625468,3,0,0,27.312244897959186,5.18974358974359,722567.1864439531,709525.0253509157,716949.7222197207,680499.9751992085
2019-10-11,727360.2562035568,4,0,0,27.260416666666668,5.125217391304347,730788.2679625468,715670.0784468413,700068.1239256421,682170.000593025
2019-10-12,581342.7299940666,5,1,0,27.151724137931033,4.322222222222222,727360.2562035568,573181.8845722227,694984.8312442894,683335.8356532884
2019-10-13,580333.5980518995,6,1,0,27.14689655172414,5.887931034482759,581342.7299940666,576710.135609892,692368.3116586858,683853.4731450037
2019-10-14,728107.1515330177,0,0,0,27.27972027972028,5.154700854700855,580333.5980518995,719617.6731969118,550590.1877423092,685066.2557644474
2019-10-15,728760.7498570092,1,0,0,27.27123287671233,5.005882352941176,728107.1515330177,724964.6001620919,548725.1342790901,685608.5628637214
2019-10-16,727628.10445004,2,0,0,27.264137931034483,5.854054054054055,728760.7498570092,722567.1864439531,703355.5122691945,686331.5511503052
2019-10-17,730190.0393902761,3,0,0,27.315172413793103,7.1695652173913045,727628.10445004,730788.2679625468,714234.220959875,686246.0899256951
2019-10-18,734080.3620560928,4,0,0,27.426618705035974,9.511023622047245,730190.0393902761,727360.2562035568,721250.0705529952,687206.1050474859
2019-10-19,589262.4852199176,5,1,0,27.395862068965517,6.5910569105691055,734080.3620560928,581342.7299940666,720463.1878756799,688337.4986511791
2019-10-20,597266.7272353563,6,1,0,27.611724137931034,4.757377049180327,589262.4852199176,580333.5980518995,713105.1385582136,690756.5171059585
2019-10-21,747641.7484882704,0,0,0,27.78972602739726,5.243220338983051,597266.7272353563,728107.1515330177,569457.9779943927,693547.1738138518
2019-10-22,742221.6712759581,1,0,0,27.650694444444444,5.8754098360655735,747641.7484882704,728760.7498570092,571894.0431595439,695470.1625879874
2019-10-23,742240.9360555721,2,0,0,27.65310344827586,6.61864406779661,742221.6712759581,727628.10445004,720641.0640148995,697557.7099602063
2019-10-24,734558.6051998982,3,0,0,27.454109589041096,4.248760330578513,742240.9360555721,730190.0393902761,731272.2144341132,698181.7907901522
2019-10-25,736283.1637246525,4,0,0,27.47586206896552,8.595901639344262,734558.6051998982,734080.3620560928,725544.9222514045,698496.4767428037
2019-10-26,581108.3134869871,5,1,0,27.170212765957448,5.742857142857143,736283.1637246525,589262.4852199176,724480.9623837097,697331.5950666707
2019-10-27,586426.1673726308,6,1,0,27.336301369863012,10.864166666666668,581108.3134869871,597266.7272353563,718665.4182046494,695782.94365771
2019-10-28,728092.5661573628,0,0,0,27.26896551724138,8.214285714285714,586426.1673726308,747641.7484882704,579395.9514636187,692990.203324723
2019-10-29,733544.4722701343,1,0,0,27.44965034965035,4.011111111111111,728092.5661573628,742221.6712759581,573380.5720244788,691750.6034667483
2019-10-30,732499.7777429266,2,0,0,27.395890410958906,6.188095238095238,733544.4722701343,742240.9360555721,714945.5682039692,690359.0094220845
2019-10-31,739788.6877869122,3,0,0,27.575694444444444,6.4383333333333335,732499.7777429266,734558.6051998982,719406.9934417721,691106.1640773723
2019-11-01,727043.7171096901,4,0,0,27.25,6.538655462184874,739788.6877869122,736283.1637246525,716541.5768074569,689786.2431323777
2019-11-02,578313.799476839,5,1,0,27.095890410958905,6.828682170542636,727043.7171096901,581108.3134869871,709525.0253509157,689387.0268452137
2019-11-03,584651.3268853647,6,1,0,27.28,8.262393162393163,578313.799476839,586426.1673726308,715670.0784468413,689133.4782041757
2019-11-04,733351.3315554524,0,0,0,27.418243243243243,4.720491803278688,584651.3268853647,728092.5661573628,573181.8845722227,689884.7304039027
2019-11-05,742829.6074220797,1,0,0,27.66923076923077,2.7109243697478993,733351.3315554524,733544.4722701343,576710.135609892,691211.178282752
2019-11-06,743707.7508057574,2,0,0,27.68255033557047,3.8895652173913042,742829.6074220797,732499.7777429266,719617.6731969118,692812.3172917279
2019-11-07,749798.0605777872,3,0,0,27.86190476190476,2.3036036036036034,743707.7508057574,739788.6877869122,724964.6001620919,694242.2276904244
2019-11-08,744135.4950213683,4,0,0,27.732876712328768,6.201680672268908,749798.0605777872,727043.7171096901,722567.1864439531,696683.9102492355
2019-11-09,601634.5301371354,5,1,0,27.724657534246578,3.1095652173913044,744135.4950213683,578313.799476839,730788.2679625468,700015.4432007065
2019-11-10,598136.4134590072,6,1,0,27.653846153846153,3.856896551724138,601634.5301371354,584651.3268853647,727360.2562035568,701941.8841397982
2019-11-11,757377.4111962775,0,0,0,28.0875,2.9319327731092435,598136.4134590072,733351.3315554524,581342.7299940666,705374.1812313447
2019-11-12,753235.2558175724,1,0,0,27.946206896551722,6.063247863247863,757377.4111962775,742829.6074220797,580333.5980518995,706860.7024307008
2019-11-13,745835.6766631836,2,0,0,27.75,4.499180327868852,753235.2558175724,743707.7508057574,728107.1515330177,707164.6918389045
2019-11-14,731704.4787434975,3,0,0,27.380405405405405,6.70390625,745835.6766631836,749798.0605777872,728760.7498570092,704579.894434006
2019-11-15,745535.7755218609,4,0,0,27.717931034482756,6.3203125,731704.4787434975,744135.4950213683,727628.10445004,704779.9345055049
2019-11-16,606011.4531812291,5,1,0,27.864137931034485,4.199186991869919,745535.7755218609,601634.5301371354,730190.0393902761,705405.2092260896
2019-11-17,611094.2612773748,6,1,0,28.007746478873237,4.10948275862069,606011.4531812291,598136.4134590072,734080.3620560928,707256.3303429994
2019-11-18,750241.6357576469,0,0,0,27.88,2.54957264957265,611094.2612773748,757377.4111962775,589262.4852199176,706236.9338517664
2019-11-19,747624.3807188568,1,0,0,27.804137931034482,7.7655737704918035,750241.6357576469,753235.2558175724,597266.7272353563,705435.3802662356
2019-11-20,740233.9331283534,2,0,0,27.58896551724138,4.870491803278689,747624.3807188568,745835.6766631836,747641.7484882704,704635.1311898314
2019-11-21,745061.4405825605,3,0,0,27.74137931034483,9.383333333333333,740233.9331283534,731704.4787434975,742221.6712759581,706543.2685954118
2019-11-22,745175.1748333416,4,0,0,27.74551724137931,5.666399999999999,745061.4405825605,745535.7755218609,742240.9360555721,706491.7542113375
2019-11-23,598538.2451910077,5,1,0,27.651748251748252,7.727586206896552,745175.1748333416,606011.4531812291,734558.6051998982,705424.1530698774
2019-11-24,595600.4085184124,6,1,0,27.57361111111111,7.419841269841269,598538.2451910077,611094.2612773748,736283.1637246525,703210.7455328827
2019-11-25,744957.3970139582,0,0,0,27.73986013986014,6.7176470588235295,595600.4085184124,750241.6357576469,581108.3134869871,702455.8542837844
2019-11-26,742743.9014244679,1,0,0,27.689655172413794,4.82396694214876,744957.3970139582,747624.3807188568,586426.1673726308,701758.6429560146
2019-11-27,754441.8946644446,2,0,0,28.01205673758865,3.5366666666666666,742743.9014244679,740233.9331283534,728092.5661573628,703788.3517468848
2019-11-28,757645.1063643694,3,0,0,28.1013986013986,4.289908256880734,754441.8946644446,745061.4405825605,733544.4722701343,705586.0182871431
2019-11-29,763208.0201098964,4,0,0,28.243835616438357,4.506666666666666,757645.1063643694,745175.1748333416,732499.7777429266,708162.1390409367
2019-11-30,616649.8175921816,5,1,0,28.182876712328767,5.725619834710743,763208.0201098964,598538.2451910077,739788.6877869122,710749.5065268186
2019-12-01,614620.5994047403,6,1,0,28.115068493150687,4.975409836065574,616649.8175921816,595600.4085184124,727043.7171096901,713466.676653437
2019-12-02,748584.0995335383,0,0,0,27.847297297297295,6.469291338582678,614620.5994047403,744957.3970139582,578313.799476839,713984.7770133769
2019-12-03,744839.0642753885,1,0,0,27.740000000000002,11.1,748584.0995335383,742743.9014244679,584651.3268853647,714284.0859920799
2019-12-04,745094.4086023419,2,0,0,27.72123287671233,9.9251968503937,744839.0642753885,754441.8946644446,733351.3315554524,712948.7308403509
2019-12-05,744283.5077542531,3,0,0,27.729166666666668,8.223140495867769,745094.4086023419,757645.1063643694,742829.6074220797,711039.9310389058
2019-12-06,740386.3151316334,4,0,0,27.608333333333334,7.5265486725663715,744283.5077542531,763208.0201098964,743707.7508057574,707779.6874705824
2019-12-07,591864.7867593591,5,1,0,27.47361111111111,11.659230769230769,740386.3151316334,616649.8175921816,749798.0605777872,704238.9687801793
2019-12-08,592143.4927451498,6,1,0,27.482068965517243,10.605426356589147,591864.7867593591,614620.5994047403,744135.4950213683,701027.9535430949
2019-12-09,741794.9658260801,0,0,0,27.633566433566433,8.072950819672132,592143.4927451498,748584.0995335383,601634.5301371354,700058.0772991723
2019-12-10,729010.9956015506,1,0,0,27.302054794520547,9.324409448818898,741794.9658260801,744839.0642753885,598136.4134590072,697796.9246314812
2019-12-11,724734.4377406581,2,0,0,27.157638888888886,9.251937984496124,729010.9956015506,745094.4086023419,757377.4111962775,694888.3573655263
2019-12-12,721872.8513284579,3,0,0,27.093661971830986,10.904918032786886,724734.4377406581,744283.5077542531,753235.2558175724,691686.835018984
2019-12-13,723634.1865809708,4,0,0,27.148591549295773,7.41029411764706,721872.8513284579,740386.3151316334,745835.6766631836,689293.673797461
2019-12-14,579956.7861514888,5,1,0,27.146153846153847,10.318110236220473,723634.1865809708,591864.7867593591,731704.4787434975,687592.5308534794
2019-12-15,573961.6899927743,6,1,0,26.977777777777778,13.209022556390977,579956.7861514888,592143.4927451498,745535.7755218609,684995.1304602829
2019-12-16,715699.3648408055,0,0,0,26.91086956521739,12.952898550724637,573961.6899927743,741794.9658260801,606011.4531812291,681267.1874623866
2019-12-17,719873.4906897306,1,0,0,27.04895104895105,10.8056,715699.3648408055,729010.9956015506,611094.2612773748,679961.8296178409
2019-12-18,725741.974289846,2,0,0,27.21118881118881,11.510948905109489,719873.4906897306,724734.4377406581,750241.6357576469,680105.7634105821
2019-12-19,735535.5946383483,3,0,0,27.47304964539007,11.9816,725741.974289846,721872.8513284579,747624.3807188568,682057.5838834235
2019-12-20,740379.8010793038,4,0,0,27.577083333333334,7.037209302325581,735535.5946383483,723634.1865809708,740233.9331283534,684449.8145260426
2019-12-21,599710.5352205456,5,1,0,27.69090909090909,6.730645161290322,740379.8010793038,579956.7861514888,745061.4405825605,687271.7786787649
2019-12-22,579855.844570341,6,1,0,27.135211267605634,10.1625,599710.5352205456,573961.6899927743,745175.1748333416,688113.8007612744
2019-12-23,730563.4172383938,0,0,0,27.310344827586206,11.238461538461538,579855.844570341,715699.3648408055,598538.2451910077,690237.2368180727
2019-12-24,742462.5076297814,1,0,0,27.663380281690138,8.019047619047619,730563.4172383938,719873.4906897306,595600.4085184124,693464.23923808
2019-12-25,724738.6501809317,2,0,0,27.15277777777778,9.060629921259842,742462.5076297814,725741.974289846,744957.3970139582,693320.9072225208
2019-12-26,724085.4293883811,3,0,0,27.153191489361703,9.092063492063492,724738.6501809317,735535.5946383483,742743.9014244679,691685.1693296683
2019-12-27,730423.6699042819,4,0,0,27.35034965034965,9.692,724085.4293883811,740379.8010793038,754441.8946644446,690262.8648760937
2019-12-28,584969.7499348737,5,1,0,27.27714285714286,14.20625,730423.6699042819,599710.5352205456,757645.1063643694,688157.0384067121
2019-12-29,585637.1962625473,6,1,0,27.293006993006994,10.289473684210526,584969.7499348737,579855.844570341,763208.0201098964,688982.9457913131
2019-12-30,736340.9007019883,0,0,0,27.485,6.988888888888889,585637.1962625473,730563.4172383938,616649.8175921816,689808.3005718264
2019-12-31,725468.1681873974,1,0,0,27.181294964028776,10.3584,736340.9007019883,742462.5076297814,614620.5994047403,687380.5377943431
2020-01-01,689559.3004673979,2,0,0,26.874305555555555,22.446762589928056,725468.1681873974,724738.6501809317,748584.0995335383,682354.9164066954
2020-01-02,690901.0903670045,3,0,0,26.900000000000002,16.047619047619047,689559.3004673979,724085.4293883811,744839.0642753885,677614.2965464987
2020-01-03,687591.771240367,4,0,0,26.80890410958904,10.06220472440945,690901.0903670045,730423.6699042819,745094.4086023419,671495.4538802252
2020-01-04,553082.7632288903,5,1,0,26.938,13.833812949640288,687591.771240367,584969.7499348737,744283.5077542531,666940.1700650846
2020-01-05,549138.341679891,6,1,0,26.815646258503403,15.703100775193798,553082.7632288903,585637.1962625473,740386.3151316334,661726.047981848
2020-01-06,687929.6840075657,0,0,0,26.807586206896552,13.0953125,549138.341679891,736340.9007019883,591864.7867593591,654810.1598826448
2020-01-07,696726.9155145835,1,0,0,27.043243243243243,10.12892561983471,687929.6840075657,725468.1681873974,592143.4927451498,650704.2666436714
2020-01-08,692896.2639463347,2,0,0,26.95202702702703,10.761475409836066,696726.9155145835,689559.3004673979,741794.9658260801,651180.975712091
2020-01-09,692792.6966831412,3,0,0,26.973469387755102,8.8816,692896.2639463347,690901.0903670045,729010.9956015506,651451.2051858248
2020-01-10,682222.9252868617,4,0,0,26.64344827586207,12.053191489361701,692792.6966831412,687591.771240367,724734.4377406581,650684.2271924668
2020-01-11,542500.0108177816,5,1,0,26.62808219178082,14.294776119402986,682222.9252868617,553082.7632288903,721872.8513284579,649172.4054194513
2020-01-12,548991.1009454367,6,1,0,26.817333333333334,14.116911764705883,542500.0108177816,549138.341679891,723634.1865809708,649151.371028815
2020-01-13,699691.0839444468,0,0,0,27.15608108108108,10.7748031496063,548991.1009454367,687929.6840075657,579956.7861514888,650831.5710197979
2020-01-14,708444.8434202253,1,0,0,27.408391608391607,5.963636363636364,699691.0839444468,696726.9155145835,573961.6899927743,652505.5607206039
2020-01-15,703175.1359262477,2,0,0,27.263945578231294,7.252542372881357,708444.8434202253,692896.2639463347,715699.3648408055,653973.9710034487
2020-01-16,702809.6621885052,3,0,0,27.255555555555556,7.608403361344537,703175.1359262477,692792.6966831412,719873.4906897306,655404.9660756435
2020-01-17,712201.683775529,4,0,0,27.52123287671233,6.511403508771929,702809.6621885052,682222.9252868617,725741.974289846,659687.6458597389
2020-01-18,574122.6178253536,5,1,0,27.533098591549294,12.019444444444444,712201.683775529,542500.0108177816,735535.5946383483,664205.1611465348
2020-01-19,576856.9908633875,6,1,0,27.62206896551724,6.775206611570248,574122.6178253536,548991.1009454367,740379.8010793038,668186.0025633851
2020-01-20,713539.8604203315,0,0,0,27.567586206896554,7.51858407079646,576856.9908633875,699691.0839444468,599710.5352205456,670164.3992027972
2020-01-21,713544.823550352,1,0,0,27.53402777777778,9.810344827586206,713539.8604203315,708444.8434202253,579855.844570341,670892.9677928152
2020-01-22,716391.8255964363,2,0,0,27.647552447552446,7.542105263157894,713544.823550352,703175.1359262477,730563.4172383938,672781.0663171279
2020-01-23,709833.6713088654,3,0,0,27.419727891156462,10.70608695652174,716391.8255964363,702809.6621885052,742462.5076297814,673784.4961914651
2020-01-24,706504.6114797244,4,0,0,27.350684931506848,7.507692307692308,709833.6713088654,712201.683775529,724738.6501809317,672970.6287206358
2020-01-25,568983.2026190794,5,1,0,27.393706293706295,11.371428571428572,706504.6114797244,574122.6178253536,724085.4293883811,672236.4265483109
2020-01-26,572271.0255125455,6,1,0,27.45957446808511,9.540384615384616,568983.2026190794,576856.9908633875,730423.6699042819,671581.2886410478
2020-01-27,716359.8166727767,0,0,0,27.660544217687075,8.086206896551724,572271.0255125455,713539.8604203315,584969.7499348737,671984.1395342542
2020-01-28,720359.5785473391,1,0,0,27.759310344827586,6.9974358974358974,716359.8166727767,713544.823550352,585637.1962625473,672957.6759623953
2020-01-29,716093.2088799458,2,0,0,27.633108108108107,14.912173913043478,720359.5785473391,716391.8255964363,736340.9007019883,672915.016431468
2020-01-30,698115.8721866157,3,0,0,27.102721088435374,11.599152542372881,716093.2088799458,709833.6713088654,725468.1681873974,671241.0451282895
2020-01-31,698116.2119614029,4,0,0,27.1013698630137,11.531967213114754,698115.8721866157,706504.6114797244,689559.3004673979,670042.7023399578
2020-02-01,556416.7392286124,5,1,0,27.009333333333334,14.350793650793651,698116.2119614029,568983.2026190794,690901.0903670045,668247.4932841769
2020-02-02,559794.2335921114,6,1,0,27.1265306122449,10.216528925619835,556416.7392286124,572271.0255125455,687591.771240367,666465.0944384007
2020-02-03,694387.0542907085,0,0,0,26.99731543624161,9.506666666666668,559794.2335921114,716359.8166727767,553082.7632288903,663326.1283838194
2020-02-04,697346.0925526782,1,0,0,27.072666666666667,15.5140625,694387.0542907085,720359.5785473391,549138.341679891,660038.4875274393
2020-02-05,697953.0091083917,2,0,0,27.076510067114093,6.388888888888889,697346.0925526782,716093.2088799458,687929.6840075657,657447.0304172172
2020-02-06,703610.9410333291,3,0,0,27.238926174496644,10.666393442622951,697953.0091083917,698115.8721866157,696726.9155145835,658232.040252462
2020-02-07,680587.5059912202,4,0,0,26.60890410958904,8.407438016528925,703610.9410333291,698116.2119614029,692896.2639463347,655727.9393995787
2020-02-08,554076.5058697193,5,1,0,26.939473684210526,23.90514705882353,680587.5059912202,556416.7392286124,692792.6966831412,655393.6203483084
2020-02-09,547564.3524748633,6,1,0,26.78356164383562,8.529032258064515,554076.5058697193,559794.2335921114,682222.9252868617,653646.4944744158
2020-02-10,691765.1131642852,0,0,0,26.908552631578946,12.274242424242425,547564.3524748633,694387.0542907085,542500.0108177816,653271.9314563553
2020-02-11,698520.6227756592,1,0,0,27.11554054054054,10.175652173913043,691765.1131642852,697346.0925526782,548991.1009454367,653439.7214882097
2020-02-12,702373.8836712127,2,0,0,27.250340136054422,7.452459016393443,698520.6227756592,697953.0091083917,699691.0839444468,654071.2749971842
2020-02-13,701396.7616590507,3,0,0,27.207482993197278,9.92991452991453,702373.8836712127,703610.9410333291,708444.8434202253,653754.9636580015
2020-02-14,704813.2351912351,4,0,0,27.31418918918919,8.216935483870968,701396.7616590507,680587.5059912202,703175.1359262477,657215.7821151465
2020-02-15,562898.8235811864,5,1,0,27.219867549668873,9.754887218045111,704813.2351912351,554076.5058697193,702809.6621885052,658476.1132167847
2020-02-16,554875.6022978821,6,1,0,26.980405405405406,12.146511627906978,562898.8235811864,547564.3524748633,712201.683775529,659520.5774772159
2020-02-17,684429.2504841848,0,0,0,26.697986577181208,14.112213740458015,554875.6022978821,691765.1131642852,574122.6178253536,658472.5970943443
2020-02-18,681767.9025957617,1,0,0,26.624827586206894,17.28905109489051,684429.2504841848,698520.6227756592,576856.9908633875,656079.3513543591
2020-02-19,682092.0926647151,2,0,0,26.61972789115646,11.714285714285714,681767.9025957617,702373.8836712127,713539.8604203315,653181.9526391451
2020-02-20,688299.5770990482,3,0,0,26.842953020134228,16.135,682092.0926647151,701396.7616590507,713544.823550352,651310.9262734306
2020-02-21,692966.1612436746,4,0,0,26.964625850340138,10.543650793650794,688299.5770990482,704813.2351912351,716391.8255964363,649618.4871380647
2020-02-22,559927.4235145443,5,1,0,27.15034013605442,12.450000000000001,692966.1612436746,562898.8235811864,709833.6713088654,649194.0014142587
2020-02-23,567094.6300029072,6,1,0,27.35793103448276,12.94322033898305,559927.4235145443,554875.6022978821,706504.6114797244,650939.5768006908
2020-02-24,711015.673516189,0,0,0,27.4722972972973,9.518604651162791,567094.6300029072,684429.2504841848,568983.2026190794,654737.6372338344
2020-02-25,706866.0747311503,1,0,0,27.34697986577181,12.358914728682171,711015.673516189,681767.9025957617,572271.0255125455,658323.0903960327
2020-02-26,709607.0087054338,2,0,0,27.436301369863013,9.503149606299214,706866.0747311503,682092.0926647151,716359.8166727767,662253.7926875639
2020-02-27,713087.8808885972,3,0,0,27.539455782312928,11.15603448275862,709607.0087054338,688299.5770990482,720359.5785473391,665794.9789432138
2020-02-28,714096.0920137665,4,0,0,27.58013698630137,7.616666666666666,713087.8808885972,692966.1612436746,716093.2088799458,668813.5404817984
2020-02-29,573209.572289888,5,1,0,27.493197278911566,10.80390625,714096.0920137665,559927.4235145443,698115.8721866157,670710.9903068475
2020-03-01,572094.7037073136,6,1,0,27.476666666666667,12.88828125,573209.572289888,567094.6300029072,698116.2119614029,671425.286550334
2020-03-02,713415.4516186881,0,0,0,27.539735099337747,16.51914893617021,572094.7037073136,711015.673516189,556416.7392286124,671768.1119935482
2020-03-03,708998.7161815338,1,0,0,27.429333333333332,16.61825396825397,713415.4516186881,706866.0747311503,559794.2335921114,672072.7750578887
2020-03-04,696213.2816426149,2,0,0,27.064,13.529770992366412,708998.7161815338,709607.0087054338,694387.0542907085,670159.3854774861
2020-03-05,689620.3755097005,3,0,0,26.862837837837837,15.621014492753622,696213.2816426149,713087.8808885972,697346.0925526782,666806.8847090722
2020-03-06,694617.8063274982,4,0,0,26.997333333333334,13.596923076923076,689620.3755097005,714096.0920137665,697953.0091083917,664024.2724681768
2020-03-07,550826.99100905,5,1,0,26.855629139072846,12.41171875,694617.8063274982,573209.572289888,703610.9410333291,660826.7608566284
2020-03-08,552934.6135781052,6,1,0,26.9158940397351,14.323966942148761,550826.99100905,572094.7037073136,680587.5059912202,658089.6051238843
2020-03-09,704011.7074960509,0,0,0,27.284666666666666,9.287804878048782,552934.6135781052,713415.4516186881,554076.5058697193,656746.2131063648
2020-03-10,716710.3824748014,1,0,0,27.65973154362416,6.767256637168142,704011.7074960509,708998.7161815338,547564.3524748633,657847.8797196887
2020-03-11,725219.07183246,2,0,0,27.89072847682119,6.689473684210527,716710.3824748014,696213.2816426149,691765.1131642852,661991.5640325238
2020-03-12,711214.0611599558,3,0,0,27.489261744966445,6.071186440677966,725219.07183246,689620.3755097005,698520.6227756592,665076.3762682745
2020-03-13,712151.705606445,4,0,0,27.50469798657718,7.125396825396825,711214.0611599558,694617.8063274982,702373.8836712127,667581.2190224098
2020-03-14,567607.3900792201,5,1,0,27.35379310344828,8.753781512605043,712151.705606445,550826.99100905,701396.7616590507,669978.4188895768
2020-03-15,575877.2700894603,6,1,0,27.585234899328857,6.327350427350427,567607.3900792201,552934.6135781052,704813.2351912351,673255.9412483418
2020-03-16,703616.8438005012,0,0,0,27.286842105263162,9.581967213114755,575877.2700894603,704011.7074960509,562898.8235811864,673199.5321489777
2020-03-17,702678.8148115338,1,0,0,27.224137931034484,10.176612903225807,703616.8438005012,716710.3824748014,554875.6022978821,671195.0224827966
2020-03-18,700481.7867374829,2,0,0,27.179054054054053,11.285344827586206,702678.8148115338,725219.07183246,684429.2504841848,667661.1246120855
2020-03-19,692414.7770912587,3,0,0,26.95751633986928,11.916666666666666,700481.7867374829,711214.0611599558,681767.9025957617,664975.5126022716
2020-03-20,685721.0214556832,4,0,0,26.776158940397348,15.528467153284673,692414.7770912587,712151.705606445,682092.0926647151,661199.7005807344
2020-03-21,551921.868710487,5,1,0,26.913103448275862,10.546715328467155,685721.0214556832,567607.3900792201,688299.5770990482,658958.9118137724
2020-03-22,552181.0728105607,6,1,0,26.90204081632653,12.408759124087592,551921.868710487,575877.2700894603,692966.1612436746,655573.7407739295
2020-03-23,689451.0914643409,0,0,0,26.85430463576159,12.553076923076924,552181.0728105607,703616.8438005012,559927.4235145443,653550.0618687639
2020-03-24,690701.0319281337,1,0,0,26.89864864864865,9.086259541984733,689451.0914643409,702678.8148115338,567094.6300029072,651838.9500282782
2020-03-25,707543.2615681634,2,0,0,27.37027027027027,9.162096774193548,690701.0319281337,700481.7867374829,711015.673516189,652847.7321469467
2020-03-26,705130.1599838178,3,0,0,27.285135135135135,9.216379310344827,707543.2615681634,692414.7770912587,706866.0747311503,654664.2154173123
2020-03-27,704912.8795460518,4,0,0,27.30890410958904,11.6808,705130.1599838178,685721.0214556832,709607.0087054338,657405.9094302222
2020-03-28,567527.9809399885,5,1,0,27.34026845637584,8.863636363636363,704912.8795460518,551921.868710487,713087.8808885972,659635.3540344368
2020-03-29,565644.7380574093,6,1,0,27.304109589041097,7.2975,567527.9809399885,552181.0728105607,714096.0920137665,661558.7347839865
2020-03-30,703047.6374944454,0,0,0,27.243835616438357,10.957894736842105,565644.7380574093,689451.0914643409,573209.572289888,663501.0985025729
2020-03-31,703859.8141867183,1,0,0,27.282993197278913,10.499253731343284,703047.6374944454,690701.0319281337,572094.7037073136,665380.9245395135
2020-04-01,704493.2235580905,2,0,0,27.30070422535211,11.0,703859.8141867183,707543.2615681634,713415.4516186881,664945.2048237888
2020-04-02,709483.5955091006,3,0,0,27.447058823529414,9.528,704493.2235580905,705130.1599838178,708998.7161815338,665567.1241845435
2020-04-03,707591.1413330622,4,0,0,27.394890510948905,8.470992366412213,709483.5955091006,704912.8795460518,696213.2816426149,665949.7330112593
2020-04-04,573464.2873280005,5,1,0,27.53916083916084,9.206896551724139,707591.1413330622,567527.9809399885,689620.3755097005,666797.7767809752
2020-04-05,561100.3039981088,6,1,0,27.152272727272727,14.624806201550387,573464.2873280005,565644.7380574093,694617.8063274982,666148.5719153609
2020-04-06,688774.2403388113,0,0,0,26.84108527131783,13.36611570247934,561100.3039981088,703047.6374944454,550826.99100905,664109.5151788417
2020-04-07,686694.1396334113,1,0,0,26.785714285714285,13.647058823529411,688774.2403388113,703859.8141867183,552934.6135781052,661657.2759569407
2020-04-08,692218.6667304337,2,0,0,26.904615384615383,12.48595041322314,686694.1396334113,704493.2235580905,704011.7074960509,659903.767838704
2020-04-09,699745.2230136154,3,0,0,27.167441860465114,10.796774193548387,692218.6667304337,709483.5955091006,716710.3824748014,658512.5717679205
2020-04-10,711384.7692089097,4,0,0,27.515503875968992,9.605982905982907,699745.2230136154,707591.1413330622,725219.07183246,659054.5186073274
2020-04-11,564272.1076575924,5,1,0,27.2625,8.830327868852459,711384.7692089097,573464.2873280005,711214.0611599558,657741.3500829833
2020-04-12,569917.7923399105,6,1,0,27.42578125,6.555140186915888,564272.1076575924,561100.3039981088,712151.705606445,659000.9912746692
2020-04-13,708131.2696054934,0,0,0,27.369924812030074,9.342622950819672,569917.7923399105,688774.2403388113,567607.3900792201,661766.2811699094
2020-04-14,704626.7931271954,1,0,0,27.3007874015748,9.08515625,708131.2696054934,686694.1396334113,575877.2700894603,664328.0888118787
2020-04-15,712736.6559567555,2,0,0,27.528358208955225,10.160317460317462,704626.7931271954,692218.6667304337,703616.8438005012,667259.2301299246
2020-04-16,710428.6399110323,3,0,0,27.46744186046512,8.462727272727273,712736.6559567555,699745.2230136154,702678.8148115338,668785.4325438413
2020-04-17,715640.5185120585,4,0,0,27.60952380952381,8.342276422764227,710428.6399110323,711384.7692089097,700481.7867374829,669393.3967300055
2020-04-18,574489.6809118429,5,1,0,27.535820895522388,9.219642857142857,715640.5185120585,564272.1076575924,692414.7770912587,670853.0500520412
2020-04-19,570569.4793603035,6,1,0,27.453731343283582,9.415652173913044,574489.6809118429,569917.7923399105,685721.0214556832,670946.1481978117
2020-04-20,724145.2380510618,0,0,0,27.84812030075188,7.273109243697479,570569.4793603035,708131.2696054934,551921.868710487,673233.85797575
2020-04-21,724359.9701484776,1,0,0,27.87364341085271,8.62803738317757,724145.2380510618,704626.7931271954,552181.0728105607,676052.8832645045
2020-04-22,727251.0045352407,2,0,0,27.93488372093023,5.822,724359.9701484776,712736.6559567555,689451.0914643409,678126.3616328596
2020-04-23,711051.372598488,3,0,0,27.494615384615386,9.084873949579832,727251.0045352407,710428.6399110323,690701.0319281337,678215.3234453533
2020-04-24,709641.1929479453,4,0,0,27.433333333333334,7.529508196721312,711051.372598488,715640.5185120585,707543.2615681634,677358.2769361942
2020-04-25,565665.5904939253,5,1,0,27.29785714285714,13.276422764227643,709641.1929479453,574489.6809118429,705130.1599838178,676097.6925907775
2020-04-26,560747.8034434043,6,1,0,27.16268656716418,12.113223140495869,565665.5904939253,570569.4793603035,704912.8795460518,674694.5960312204
2020-04-27,698982.6246981798,0,0,0,27.125547445255474,12.178740157480314,560747.8034434043,724145.2380510618,567527.9809399885,671099.9369808087
2020-04-28,684198.4795917092,1,0,0,26.709489051094888,18.188059701492534,698982.6246981798,724359.9701484776,565644.7380574093,665362.5811869847
2020-04-29,693413.9503461359,2,0,0,26.985211267605635,16.738518518518518,684198.4795917092,727251.0045352407,703047.6374944454,660528.7163028268
2020-04-30,692250.4193433445,3,0,0,26.93450704225352,14.057142857142857,693413.9503461359,711051.372598488,703859.8141867183,657842.8658378063
2020-05-01,698110.3965238368,4,0,0,27.097619047619048,11.04396551724138,692250.4193433445,709641.1929479453,704493.2235580905,656195.6092057908
2020-05-02,554761.1684004237,5,1,0,26.977165354330708,15.466964285714285,698110.3965238368,565665.5904939253,709483.5955091006,654637.8346210049
2020-05-03,571541.3674738596,6,1,0,27.463076923076922,7.745081967213115,554761.1684004237,560747.8034434043,707591.1413330622,656179.7723396413
2020-05-04,716437.9301594318,0,0,0,27.64921875,6.416528925619835,571541.3674738596,698982.6246981798,573464.2873280005,658673.3874055345
2020-05-05,725246.7337497557,1,0,0,27.871317829457364,8.804424778761062,716437.9301594318,684198.4795917092,561100.3039981088,664537.4237138268
2020-05-06,723736.050586325,2,0,0,27.853787878787877,11.114782608695652,725246.7337497557,693413.9503461359,688774.2403388113,668869.1523195681
2020-05-07,729689.1807441105,3,0,0,28.02857142857143,6.193203883495145,723736.050586325,692250.4193433445,686694.1396334113,674217.5468053919
2020-05-08,716542.9139212944,4,0,0,27.654032258064515,13.429729729729731,729689.1807441105,698110.3965238368,692218.6667304337,676850.7635764573
2020-05-09,574091.844636446,5,1,0,27.52279411764706,11.81869918699187,716542.9139212944,554761.1684004237,699745.2230136154,679612.2887530319
2020-05-10,576420.6390993336,6,1,0,27.632846715328466,11.2675,574091.844636446,571541.3674738596,711384.7692089097,680309.327556671
2020-05-11,720376.170194502,0,0,0,27.750746268656716,10.185344827586206,576420.6390993336,716437.9301594318,564272.1076575924,680871.9332759668
2020-05-12,722818.3175669559,1,0,0,27.806015037593983,6.917241379310345,720376.170194502,725246.7337497557,569917.7923399105,680525.0166784239
2020-05-13,718004.143525154,2,0,0,27.670454545454547,10.309166666666666,722818.3175669559,723736.050586325,708131.2696054934,679706.1728125423
2020-05-14,718248.6038633094,3,0,0,27.71395348837209,8.796190476190477,718004.143525154,729689.1807441105,704626.7931271954,678071.8046867136
2020-05-15,726610.9456688574,4,0,0,27.93769230769231,8.104918032786886,718248.6038633094,716542.9139212944,712736.6559567555,679510.0949363655
2020-05-16,591135.9030749496,5,1,0,28.017293233082707,7.894690265486726,726610.9456688574,574091.844636446,710428.6399110323,681944.9604275803
2020-05-17,577851.929548464,6,1,0,27.621641791044777,8.258653846153846,591135.9030749496,576420.6390993336,715640.5185120585,682149.4304917417
2020-05-18,710421.6517859434,0,0,0,27.458015267175572,11.166911764705883,577851.929548464,720376.170194502,574489.6809118429,680727.3564333763
2020-05-19,713247.6706484755,1,0,0,27.55153846153846,14.723333333333333,710421.6517859434,722818.3175669559,570569.4793603035,679360.1211593077
2020-05-20,707681.6907856505,2,0,0,27.38832116788321,12.66825396825397,713247.6706484755,718004.143525154,724145.2380510618,677885.4850536642
2020-05-21,709444.7524065287,3,0,0,27.422764227642276,13.542148760330578,707681.6907856505,718248.6038633094,724359.9701484776,676627.7919884099
2020-05-22,704203.5186943085,4,0,0,27.2928,12.67117117117117,709444.7524065287,726610.9456688574,727251.0045352407,673426.7309920458
2020-05-23,568558.5957962915,5,1,0,27.37295081967213,10.524590163934427,704203.5186943085,591135.9030749496,711051.372598488,670201.4013808089
2020-05-24,575679.0596064709,6,1,0,27.580645161290324,6.8009900990099,568558.5957962915,577851.929548464,709641.1929479453,669890.9913890956
2020-05-25,709701.9206263938,0,0,0,27.48046875,7.578378378378379,575679.0596064709,710421.6517859434,565665.5904939253,669788.1726520171
2020-05-26,710095.1580480202,1,0,0,27.446616541353386,7.907563025210084,709701.9206263938,713247.6706484755,560747.8034434043,669337.8137090949
2020-05-27,704832.0933281437,2,0,0,27.284172661870503,10.100900900900902,710095.1580480202,707681.6907856505,698982.6246981798,668930.7283580225
2020-05-28,698440.7819020416,3,0,0,27.115328467153287,9.223636363636365,704832.0933281437,709444.7524065287,684198.4795917092,667358.7325716672
2020-05-29,701031.6930126392,4,0,0,27.199270072992704,12.60863309352518,698440.7819020416,704203.5186943085,693413.9503461359,666905.614617143
2020-05-30,570449.3062544266,5,1,0,27.423357664233578,7.051666666666667,701031.6930126392,568558.5957962915,692250.4193433445,667175.7161111623
2020-05-31,563022.1195995862,6,1,0,27.221379310344826,9.031343283582089,570449.3062544266,575679.0596064709,698110.3965238368,665367.5818244645
2020-06-01,692482.6410029859,0,0,0,26.9453125,10.29921875,563022.1195995862,709701.9206263938,554761.1684004237,662907.6847354062
2020-06-02,699463.4865504969,1,0,0,27.144776119402987,7.524,692482.6410029859,710095.1580480202,571541.3674738596,661388.8745214744
2020-06-03,697813.0510794563,2,0,0,27.111363636363635,7.622222222222222,699463.4865504969,704832.0933281437,716437.9301594318,660386.1542002333
2020-06-04,692549.8571623601,3,0,0,26.93,6.480327868852459,697813.0510794563,698440.7819020416,725246.7337497557,659544.593523136
2020-06-05,683161.5941419401,4,0,0,26.681300813008132,10.774137931034483,692549.8571623601,701031.6930126392,723736.050586325,656991.7222558932
2020-06-06,545076.6579888092,5,1,0,26.698496240601504,11.653658536585366,683161.5941419401,570449.3062544266,729689.1807441105,653367.0582179477
2020-06-07,549547.2406139034,6,1,0,26.823880597014927,12.194690265486726,545076.6579888092,563022.1195995862,716542.9139212944,651442.0755057074
2020-06-08,692511.7770253242,0,0,0,26.931297709923665,8.137606837606837,549547.2406139034,692482.6410029859,574091.844636446,651446.2377946129
2020-06-09,693376.034988896,1,0,0,26.964492753623187,9.30940170940171,692511.7770253242,699463.4865504969,576420.6390993336,650576.6018572414
2020-06-10,698727.3458111637,2,0,0,27.136231884057974,6.541025641025641,693376.034988896,697813.0510794563,720376.170194502,650707.2153903423
2020-06-11,696744.7694472185,3,0,0,27.06641791044776,5.616239316239317,698727.3458111637,692549.8571623601,722818.3175669559,651306.4885738936
2020-06-12,693612.8337178929,4,0,0,26.98190476190476,5.997321428571429,696744.7694472185,683161.5941419401,718004.143525154,652799.5227990297
2020-06-13,550755.1002278733,5,1,0,26.841911764705884,7.0128,693612.8337178929,545076.6579888092,718248.6038633094,653610.7288331817
2020-06-14,565101.6191820949,6,1,0,27.261654135338347,9.885483870967741,550755.1002278733,549547.2406139034,726610.9456688574,655832.7829143519
2020-06-15,702902.496032055,0,0,0,27.240151515151513,6.24957264957265,565101.6191820949,692511.7770253242,591135.9030749496,657317.1713438848
2020-06-16,693859.6045806897,1,0,0,26.966923076923077,11.806194690265487,702902.496032055,693376.034988896,577851.929548464,657386.2527141412
2020-06-17,693295.1425118354,2,0,0,26.966165413533833,8.931623931623932,693859.6045806897,698727.3458111637,710421.6517859434,656610.2236713798
2020-06-18,689602.3948679825,3,0,0,26.845185185185183,10.806722689075631,693295.1425118354,696744.7694472185,713247.6706484755,655589.8844457747
2020-06-19,691686.1597751487,4,0,0,26.91925925925926,9.88495575221239,689602.3948679825,693612.8337178929,707681.6907856505,655314.645311097
2020-06-20,547293.9191662932,5,1,0,26.779710144927535,10.087200000000001,691686.1597751487,550755.1002278733,709444.7524065287,654820.1908737285
2020-06-21,540775.5483894785,6,1,0,26.583458646616542,11.072222222222221,547293.9191662932,565101.6191820949,704203.5186943085,651345.0379033547
2020-06-22,675459.4953217984,0,0,0,26.453488372093023,9.14959349593496,540775.5483894785,702902.496032055,568558.5957962915,647424.6092304608
2020-06-23,678201.9953009154,1,0,0,26.545112781954888,13.21259842519685,675459.4953217984,693859.6045806897,575679.0596064709,645187.8079047789
2020-06-24,675372.7119064238,2,0,0,26.459230769230768,10.341463414634147,678201.9953009154,693295.1425118354,709701.9206263938,642627.4606754343
2020-06-25,680813.7461682856,3,0,0,26.62755905511811,8.354464285714286,675372.7119064238,689602.3948679825,710095.1580480202,641371.9394326204
2020-06-26,679960.1697703789,4,0,0,26.584848484848482,8.487378640776699,680813.7461682856,691686.1597751487,704832.0933281437,639696.7980033677
2020-06-27,536190.2320380164,5,1,0,26.446875,7.324561403508772,679960.1697703789,547293.9191662932,698440.7819020416,638110.5569850424
2020-06-28,544929.3040666532,6,1,0,26.702898550724637,5.131428571428571,536190.2320380164,540775.5483894785,701031.6930126392,638703.9506532103
2020-06-29,688244.9500017248,0,0,0,26.824460431654675,5.8914285714285715,544929.3040666532,675459.4953217984,570449.3062544266,640530.444178914
2020-06-30,682598.2892662785,1,0,0,26.655944055944058,4.479279279279279,688244.9500017248,678201.9953009154,563022.1195995862,641158.4861739659
2020-07-01,675375.7281242281,2,0,0,26.448529411764707,5.6675,682598.2892662785,675372.7119064238,692482.6410029859,641158.9170622237
2020-07-02,676347.6106906206,3,0,0,26.468702290076337,9.853389830508474,675375.7281242281,680813.7461682856,699463.4865504969,640520.8977082715
2020-07-03,680979.2267683992,4,0,0,26.641129032258064,7.69908256880734,676347.6106906206,679960.1697703789,697813.0510794563,640666.4772794173
2020-07-04,546746.3967524861,5,1,0,26.752755905511812,9.092307692307692,680979.2267683992,536190.2320380164,692549.8571623601,642174.5008100559
2020-07-05,543967.0839057488,6,1,0,26.677599999999998,7.442718446601942,546746.3967524861,544929.3040666532,683161.5941419401,642037.0407870694
2020-07-06,676354.5318546634,0,0,0,26.48153846153846,7.494594594594594,543967.0839057488,688244.9500017248,545076.6579888092,640338.4096232036
2020-07-07,675340.7849436044,1,0,0,26.43359375,9.09032258064516,676354.5318546634,682598.2892662785,549547.2406139034,639301.6232913929
2020-07-08,670569.053478399,2,0,0,26.292424242424243,6.4260504201680675,675340.7849436044,675375.7281242281,692511.7770253242,638614.9554848459
2020-07-09,666557.0367380787,3,0,0,26.196946564885497,14.089344262295082,670569.053478399,676347.6106906206,693376.034988896,637216.3020630543
2020-07-10,679976.3966331873,4,0,0,26.602380952380955,10.338842975206612,666557.0367380787,680979.2267683992,698727.3458111637,637073.0406151668
2020-07-11,540798.2598894582,5,1,0,26.57,7.075700934579439,679976.3966331873,546746.3967524861,696744.7694472185,636223.3067775915
2020-07-12,540162.9018449612,6,1,0,26.57377049180328,7.657657657657658,540798.2598894582,543967.0839057488,693612.8337178929,635679.8521974789
2020-07-13,673308.6574978719,0,0,0,26.390625,8.961206896551724,540162.9018449612,676354.5318546634,550755.1002278733,635244.7272893657
2020-07-14,674780.1102648375,1,0,0,26.437096774193545,10.97107438016529,673308.6574978719,675340.7849436044,565101.6191820949,635164.6309066849
2020-07-15,676882.6436168671,2,0,0,26.482857142857142,10.085576923076925,674780.1102648375,670569.053478399,702902.496032055,636066.5723550374
2020-07-16,679597.8793543526,3,0,0,26.575172413793105,5.993220338983051,676882.6436168671,666557.0367380787,693859.6045806897,637929.549871648
2020-07-17,690101.660053249,4,0,0,26.916901408450702,9.73302752293578,679597.8793543526,679976.3966331873,693295.1425118354,639376.016074514
2020-07-18,543608.2650185861,5,1,0,26.647826086956524,8.043103448275861,690101.660053249,540798.2598894582,689602.3948679825,639777.445378675
2020-07-19,544901.1567276071,6,1,0,26.66830985915493,6.23828125,543608.2650185861,540162.9018449612,691686.1597751487,640454.3389333388
2020-07-20,683938.9192869635,0,0,0,26.690070921985818,6.063114754098361,544901.1567276071,673308.6574978719,547293.9191662932,641972.9477603518
2020-07-21,684331.7689797519,1,0,0,26.73093525179856,6.025,683938.9192869635,674780.1102648375,540775.5483894785,643337.4704339111
2020-07-22,682095.3559517751,2,0,0,26.65821917808219,6.498347107438017,684331.7689797519,676882.6436168671,675459.4953217984,644082.1436246121
2020-07-23,671523.505634055,3,0,0,26.322857142857142,12.37008547008547,682095.3559517751,679597.8793543526,678201.9953009154,642928.6616645696
2020-07-24,669649.3720834707,4,0,0,26.298540145985402,8.225,671523.505634055,690101.660053249,675372.7119064238,640006.9062403155
2020-07-25,527397.6532634092,5,1,0,26.194615384615386,5.829824561403509,669649.3720834707,543608.2650185861,680813.7461682856,637691.1045610047
2020-07-26,525637.079311201,6,1,0,26.13985507246377,9.80940170940171,527397.6532634092,544901.1567276071,679960.1697703789,634939.0935015181
2020-07-27,668786.0633639558,0,0,0,26.246043165467626,7.981746031746031,525637.079311201,683938.9192869635,536190.2320380164,632774.3997982312
2020-07-28,672858.3483299474,1,0,0,26.35,7.935964912280702,668786.0633639558,684331.7689797519,544929.3040666532,631135.339705402
2020-07-29,667558.2864992587,2,0,0,26.227407407407405,6.93,672858.3483299474,682095.3559517751,688244.9500017248,629058.6154978996
2020-07-30,666116.1078330766,3,0,0,26.195652173913043,6.255,667558.2864992587,671523.505634055,682598.2892662785,628286.1300977599
2020-07-31,666728.9614507422,4,0,0,26.208955223880597,5.081372549019608,666116.1078330766,669649.3720834707,675375.7281242281,627868.9285787987
2020-08-01,523141.4273604657,5,1,0,26.09271523178808,6.126724137931035,666728.9614507422,527397.6532634092,676347.6106906206,627260.8963069497
2020-08-02,527254.3062256633,6,1,0,26.18175675675676,5.66,523141.4273604657,525637.079311201,680979.2267683992,627491.9287233015
2020-08-03,668410.9065667223,0,0,0,26.26038961038961,3.619090909090909,527254.3062256633,668786.0633639558,546746.3967524861,627438.3348951252
2020-08-04,676861.5266984509,1,0,0,26.48993288590604,7.883478260869565,668410.9065667223,672858.3483299474,543967.0839057488,628010.217519197
2020-08-05,670797.1438791669,2,0,0,26.306,9.491150442477876,676861.5266984509,667558.2864992587,676354.5318546634,628472.9114306124
2020-08-06,677548.2009235255,3,0,0,26.514666666666667,4.546491228070175,670797.1438791669,666116.1078330766,675340.7849436044,630106.067586391
2020-08-07,688045.1317514799,4,0,0,26.812582781456953,2.3085714285714287,677548.2009235255,666728.9614507422,670569.053478399,633151.2347722107
2020-08-08,554743.1049132062,5,1,0,26.976,3.9298076923076923,688045.1317514799,523141.4273604657,666557.0367380787,637665.760136888
2020-08-09,557875.4763422335,6,1,0,27.069736842105264,6.3446428571428575,554743.1049132062,527254.3062256633,679976.3966331873,642040.2130106837
2020-08-10,698872.2979854534,0,0,0,27.143046357615898,5.036206896551724,557875.4763422335,668410.9065667223,540798.2598894582,646391.8403562166
2020-08-11,695068.9969364539,1,0,0,27.016556291390728,5.161157024793388,698872.2979854534,676861.5266984509,540162.9018449612,648992.9075330741
2020-08-12,689804.4215780741,2,0,0,26.873509933774834,7.77936507936508,695068.9969364539,670797.1438791669,673308.6574978719,651708.2329186323
2020-08-13,680629.9501426378,3,0,0,26.601960784313725,4.190990990990991,689804.4215780741,677548.2009235255,674780.1102648375,652148.4828070769
2020-08-14,680091.6068294396,4,0,0,26.600662251655628,10.993846153846155,680629.9501426378,688045.1317514799,676882.6436168671,651012.2649610712
2020-08-15,541115.3317503962,5,1,0,26.587999999999997,5.61590909090909,680091.6068294396,554743.1049132062,679597.8793543526,649065.4402235269
2020-08-16,540635.6650632047,6,1,0,26.58344370860927,8.318253968253968,541115.3317503962,557875.4763422335,690101.660053249,646602.6100408084
2020-08-17,683579.656648444,0,0,0,26.70066225165563,5.9822033898305085,540635.6650632047,698872.2979854534,543608.2650185861,644417.9469926644
2020-08-18,677509.7129406842,1,0,0,26.514285714285712,5.281818181818182,683579.656648444,695068.9969364539,544901.1567276071,641909.4778504117
2020-08-19,678203.0071019373,2,0,0,26.5317880794702,4.673983739837398,677509.7129406842,689804.4215780741,683938.9192869635,640252.132925249
2020-08-20,688891.1595797586,3,0,0,26.83219178082192,4.372033898305085,678203.0071019373,680629.9501426378,684331.7689797519,641432.3057019806
2020-08-21,696026.7558274253,4,0,0,27.060526315789474,1.4537735849056603,688891.1595797586,680091.6068294396,682095.3559517751,643708.7555588357
2020-08-22,553747.1170578501,5,1,0,26.941447368421052,5.149056603773585,696026.7558274253,541115.3317503962,671523.505634055,645513.2963170435
2020-08-23,552437.0291743891,6,1,0,26.898692810457515,6.46,553747.1170578501,540635.6650632047,669649.3720834707,647199.205475784
2020-08-24,687265.1528449142,0,0,0,26.80268456375839,4.7939655172413795,552437.0291743891,683579.656648444,527397.6532634092,647725.7049324226
2020-08-25,689174.94580679,1,0,0,26.85921052631579,3.5911999999999997,687265.1528449142,677509.7129406842,525637.079311201,649392.1667704378
2020-08-26,685405.5992106292,2,0,0,26.735333333333333,4.76875,689174.94580679,678203.0071019373,668786.0633639558,650421.108500251
2020-08-27,689524.9201915206,3,0,0,26.865333333333336,4.945454545454545,685405.5992106292,688891.1595797586,672858.3483299474,650511.6457305027
2020-08-28,687594.7774199549,4,0,0,26.825675675675676,6.723853211009174,689524.9201915206,696026.7558274253,667558.2864992587,649307.0773865783
2020-08-29,545396.4403320076,5,1,0,26.70743243243243,9.27603305785124,687594.7774199549,553747.1170578501,666116.1078330766,648114.1235686009
2020-08-30,554188.1715092215,6,1,0,26.944666666666667,7.338211382113822,545396.4403320076,552437.0291743891,666728.9614507422,648364.2867592911
2020-08-31,696420.125379797,0,0,0,27.040277777777778,4.146296296296296,554188.1715092215,687265.1528449142,523141.4273604657,649672.13997856
2020-09-01,696649.44066888,1,0,0,27.05352112676056,8.304273504273505,696420.125379797,689174.94580679,527254.3062256633,650739.9249588586
2020-09-02,686819.8668161145,2,0,0,26.774305555555557,9.344067796610169,696649.44066888,685405.5992106292,668410.9065667223,650941.9631882136
2020-09-03,686131.1333019004,3,0,0,26.756338028169015,9.66904761904762,686819.8668161145,689524.9201915206,676861.5266984509,650457.1364896966
2020-09-04,696351.9741290704,4,0,0,27.037323943661974,10.461290322580645,686131.1333019004,687594.7774199549,670797.1438791669,651708.1645909988
2020-09-05,552094.5722477544,5,1,0,26.909859154929578,7.728925619834711,696351.9741290704,545396.4403320076,677548.2009235255,652665.0405789627
2020-09-06,548540.4381631481,6,1,0,26.8112676056338,9.045384615384616,552094.5722477544,554188.1715092215,688045.1317514799,651858.2215295236
2020-09-07,691976.6271176289,0,0,0,26.915328467153284,8.83421052631579,548540.4381631481,696420.125379797,554743.1049132062,651223.4360634995
2020-09-08,696421.2976788147,1,0,0,27.05,8.881081081081081,691976.6271176289,696649.44066888,557875.4763422335,651190.8442077759
2020-09-09,694040.0598570707,2,0,0,27.014705882352942,10.01217391304348,696421.2976788147,686819.8668161145,698872.2979854534,652222.3003564839
2020-09-10,681967.9691351758,3,0,0,26.63986013986014,11.729411764705883,694040.0598570707,686131.1333019004,695068.9969364539,651627.5626183804
2020-09-11,686759.5962108752,4,0,0,26.78721804511278,11.776153846153846,681967.9691351758,696351.9741290704,689804.4215780741,650257.2229157811
2020-09-12,552639.2908966797,5,1,0,26.913636363636364,7.32578125,686759.5962108752,552094.5722477544,680629.9501426378,650335.0398656277
2020-09-13,543894.961415223,6,1,0,26.67786259541985,5.416379310344827,552639.2908966797,548540.4381631481,680091.6068294396,649671.4003302098
2020-09-14,677581.3014547434,0,0,0,26.537499999999998,10.561946902654867,543894.961415223,691976.6271176289,541115.3317503962,647614.9252355117
2020-09-15,777744.2729221049,1,0,0,29.4,0.0,677581.3014547434,696421.2976788147,540635.6650632047,659232.4931274104
2020-09-16,752781.8053336975,2,0,0,28.7,0.0,777744.2729221049,694040.0598570707,683579.656648444,667624.1710526427
2020-09-17,767264.2835415615,3,0,0,29.1,0.0,752781.8053336975,681967.9691351758,677509.7129406842,679809.3588249836
2020-09-18,826097.1432449728,4,0,0,30.8,0.0,767264.2835415615,686759.5962108752,678203.0071019373,699714.7226869975
2020-09-19,687491.4850992534,5,1,0,30.8,0.0,826097.1432449728,552639.2908966797,688891.1595797586,718979.3218587937
2020-09-20,681132.1031113596,6,1,0,30.6,0.0,687491.4850992534,543894.961415223,696026.7558274253,738584.6278153847
2020-09-21,791274.1280572879,0,0,0,29.8,0.0,681132.1031113596,677581.3014547434,553747.1170578501,754826.4601871768
2020-09-22,694806.4488388598,1,0,0,27.0,9.0,791274.1280572879,777744.2729221049,552437.0291743891,742978.1996038562
2020-09-23,753351.732969199,2,0,0,28.7,5.6,694806.4488388598,752781.8053336975,687265.1528449142,743059.617837499
2020-09-24,791480.8171045866,3,0,0,29.8,0.0,753351.732969199,767264.2835415615,689174.94580679,746519.1226322169
2020-09-25,778135.4795810875,4,0,0,29.4,0.0,791480.8171045866,826097.1432449728,685405.5992106292,739667.4563945191
2020-09-26,649770.5555222273,5,1,0,29.7,0.0,778135.4795810875,687491.4850992534,689524.9201915206,734278.7521692298
2020-09-27,625048.6020015499,6,1,0,29.0,8.3,649770.5555222273,681132.1031113596,687594.7774199549,726266.8234392569
2020-09-28,701442.296474348,0,0,0,27.218571428571426,10.65952380952381,625048.6020015499,791274.1280572879,545396.4403320076,713433.704641694
2020-09-29,707546.7180776959,1,0,0,27.395652173913042,4.188793103448275,701442.296474348,694806.4488388598,554188.1715092215,715253.7431043849
2020-09-30,703930.4126223243,2,0,0,27.271830985915493,8.18018018018018,707546.7180776959,753351.732969199,696420.125379797,708193.5544834028
2020-10-01,706301.322347278,3,0,0,27.333112582781457,6.401550387596899,703930.4126223243,791480.8171045866,696649.44066888,696025.0552323587
2020-10-02,707510.077202464,4,0,0,27.404697986577183,9.01,706301.322347278,778135.4795810875,686819.8668161145,685935.7120354126
2020-10-03,551860.453063412,5,1,0,26.912837837837838,7.76046511627907,707510.077202464,649770.5555222273,686131.1333019004,671948.554541296
2020-10-04,556959.3867314712,6,1,0,27.040939597315436,9.786861313868613,551860.453063412,625048.6020015499,696351.9741290704,662221.5237884277
2020-10-05,702106.3952576987,0,0,0,27.225675675675678,10.096875,556959.3867314712,701442.296474348,552094.5722477544,662316.3950431921
2020-10-06,699147.6591481258,1,0,0,27.105960264900663,10.52436974789916,702106.3952576987,707546.7180776959,548540.4381631481,661116.5294818248
2020-10-07,694348.9027059968,2,0,0,27.010135135135137,7.456779661016949,699147.6591481258,703930.4126223243,691976.6271176289,659747.7423509209
2020-10-08,691908.265537982,3,0,0,26.925850340136055,9.667910447761194,694348.9027059968,706301.322347278,696421.2976788147,657691.5913781644
2020-10-09,685379.188719458,4,0,0,26.744594594594595,9.611450381679388,691908.265537982,707510.077202464,694040.0598570707,654530.0358805921
2020-10-10,553920.4634546867,5,1,0,26.94054054054054,12.277464788732393,685379.188719458,551860.453063412,681967.9691351758,654824.3230793456
2020-10-11,563737.312037167,6,1,0,27.251006711409396,10.99402985074627,553920.4634546867,556959.3867314712,686759.5962108752,655792.5981230165
2020-10-12,702250.4644789794,0,0,0,27.227272727272727,9.394573643410853,563737.312037167,702106.3952576987,552639.2908966797,655813.1794403422
2020-10-13,709078.8038568384,1,0,0,27.41448275862069,6.99391304347826,702250.4644789794,699147.6591481258,543894.961415223,657231.9143987298
2020-10-14,715196.6254218585,2,0,0,27.605405405405406,6.1213235294117645,709078.8038568384,694348.9027059968,677581.3014547434,660210.1605009957
2020-10-15,703859.9889647856,3,0,0,27.26554054054054,8.8703125,715196.6254218585,691908.265537982,777744.2729221049,661917.5495619677
2020-10-16,709125.7967703517,4,0,0,27.420833333333334,9.036220472440943,703859.9889647856,685379.188719458,752781.8053336975,665309.9221406669
2020-10-17,561350.7316162923,5,1,0,27.193617021276598,8.978740157480315,709125.7967703517,553920.4634546867,767264.2835415615,666371.3890208962
2020-10-18,564411.0559647717,6,1,0,27.261643835616436,7.62063492063492,561350.7316162923,563737.312037167,826097.1432449728,666467.6381534111
2020-10-19,691043.0153442287,0,0,0,26.93617021276596,10.467716535433071,564411.0559647717,702250.4644789794,687491.4850992534,664866.5739913039
2020-10-20,710828.6494900531,1,0,0,27.495804195804197,10.98709677419355,691043.0153442287,709078.8038568384,681132.1031113596,665116.551938906
2020-10-21,707871.9847217025,2,0,0,27.361940298507463,9.26578947368421,710828.6494900531,715196.6254218585,791274.1280572879,664070.1746960265
2020-10-22,705488.0892449021,3,0,0,27.3,10.678260869565218,707871.9847217025,703859.9889647856,694806.4488388598,664302.7604503288
2020-10-23,712083.8256128358,4,0,0,27.51297709923664,4.658196721311475,705488.0892449021,709125.7967703517,753351.732969199,664725.3359992552
2020-10-24,568350.7472455058,5,1,0,27.365891472868217,8.462608695652174,712083.8256128358,561350.7316162923,791480.8171045866,665725.338232
2020-10-25,562711.6214510184,6,1,0,27.195488721804512,11.527049180327868,568350.7472455058,564411.0559647717,778135.4795810875,665482.5618728923
2020-10-26,693551.9604092521,0,0,0,26.95925925925926,10.937121212121212,562711.6214510184,691043.0153442287,649770.5555222273,665840.9825964671
2020-10-27,696662.3745737892,1,0,0,27.061940298507466,9.565573770491802,693551.9604092521,710828.6494900531,625048.6020015499,663817.2290370009
2020-10-28,708580.0828600276,2,0,0,27.392307692307693,6.303389830508475,696662.3745737892,707871.9847217025,701442.296474348,663918.3859139045
2020-10-29,712851.4583970391,3,0,0,27.525925925925925,8.399166666666666,708580.0828600276,705488.0892449021,707546.7180776959,664970.295792781
2020-10-30,705141.3777757667,4,0,0,27.320863309352518,6.21869918699187,712851.4583970391,712083.8256128358,703930.4126223243,663978.5175303427
2020-10-31,551316.809647213,5,1,0,26.87832167832168,8.3109375,705141.3777757667,568350.7472455058,706301.322347278,661545.0978734437
2020-11-01,555882.7180211409,6,1,0,27.018620689655172,11.434042553191489,551316.809647213,562711.6214510184,707510.077202464,660569.5402406042
2020-11-02,695051.054358569,0,0,0,26.99266666666667,11.936690647482015,555882.7180211409,693551.9604092521,551860.453063412,660783.6965190779
2020-11-03,688624.1471622004,1,0,0,26.831756756756757,12.987969924812031,695051.054358569,696662.3745737892,556959.3867314712,659635.3783174223
2020-11-04,701885.0111532412,2,0,0,27.219727891156463,11.946456692913387,688624.1471622004,708580.0828600276,702106.3952576987,658678.9395021672
2020-11-05,701254.3838153799,3,0,0,27.199324324324323,5.988429752066116,701885.0111532412,712851.4583970391,699147.6591481258,657022.2145619302
2020-11-06,702639.3857442616,4,0,0,27.23793103448276,7.042105263157895,701254.3838153799,705141.3777757667,694348.9027059968,656664.787128858
2020-11-07,572034.6115898566,5,1,0,27.44864864864865,6.329166666666667,702639.3857442616,551316.809647213,691908.265537982,659624.4731206642
2020-11-08,556758.682946969,6,1,0,27.054054054054053,10.515748031496063,572034.6115898566,555882.7180211409,685379.188719458,659749.6109672112
2020-11-09,704425.6751672091,0,0,0,27.302758620689655,9.1592,556758.682946969,695051.054358569,553920.4634546867,661088.8425113026
2020-11-10,716879.7891801783,1,0,0,27.6556338028169,7.584745762711864,704425.6751672091,688624.1471622004,563737.312037167,665125.3627995851
2020-11-11,724661.6081340554,2,0,0,27.886986301369863,5.032407407407407,716879.7891801783,701885.0111532412,702250.4644789794,668379.1623682728
2020-11-12,734500.0696728688,3,0,0,28.161904761904765,4.747863247863248,724661.6081340554,701254.3838153799,709078.8038568384,673128.5460621997
2020-11-13,738678.8828679525,4,0,0,28.275524475524477,2.518103448275862,734500.0696728688,702639.3857442616,715196.6254218585,678277.0456512986
2020-11-14,582043.6905857112,5,1,0,27.77133333333333,6.658196721311475,738678.8828679525,572034.6115898566,703859.9889647856,679706.9140792778
2020-11-15,578976.2477878428,6,1,0,27.66887417218543,9.465185185185184,582043.6905857112,556758.682946969,709125.7967703517,682880.8519136881
2020-11-16,721982.0239209292,0,0,0,27.826351351351352,8.112878787878788,578976.2477878428,704425.6751672091,561350.7316162923,685388.9017356483
2020-11-17,710536.1274469793,1,0,0,27.475524475524477,10.597709923664121,721982.0239209292,716879.7891801783,564411.0559647717,684482.6643451912
2020-11-18,719410.3516425245,2,0,0,27.73900709219858,8.853333333333333,710536.1274469793,724661.6081340554,691043.0153442287,683732.4848464011
2020-11-19,715171.7181420492,3,0,0,27.60810810810811,10.012403100775193,719410.3516425245,734500.0696728688,710828.6494900531,680971.2917705697
2020-11-20,711964.8948233088,4,0,0,27.508783783783784,11.559701492537313,715171.7181420492,738678.8828679525,707871.9847217025,677155.0077641922
2020-11-21,560883.3540785974,5,1,0,27.152083333333334,11.48409090909091,711964.8948233088,582043.6905857112,705488.0892449021,674132.1025488902
2020-11-22,550649.6906797723,6,1,0,26.86357142857143,11.904411764705882,560883.3540785974,578976.2477878428,712083.8256128358,670085.4515334516
2020-11-23,683147.7250051495,0,0,0,26.683098591549296,11.96086956521739,550649.6906797723,721982.0239209292,568350.7472455058,664537.694545483
2020-11-24,686372.0342909131,1,0,0,26.77957746478873,14.6953125,683147.7250051495,710536.1274469793,562711.6214510184,661085.6812374735
2020-11-25,687695.9383171399,2,0,0,26.80148148148148,13.460144927536232,686372.0342909131,719410.3516425245,693551.9604092521,656555.0507624187
2020-11-26,687322.1979636268,3,0,0,26.82027972027972,15.283703703703704,687695.9383171399,715171.7181420492,696662.3745737892,652576.5478797868
2020-11-27,688639.5748513112,4,0,0,26.837956204379562,12.683216783216784,687322.1979636268,711964.8948233088,708580.0828600276,649244.3593123585
2020-11-28,544974.4004241659,5,1,0,26.68692307692308,12.893382352941176,688639.5748513112,560883.3540785974,712851.4583970391,646971.6516474398
2020-11-29,543248.762542366,6,1,0,26.637588652482272,15.153030303030304,544974.4004241659,550649.6906797723,705141.3777757667,645914.3761992389
2020-11-30,684204.6370922937,0,0,0,26.716788321167883,14.438759689922481,543248.762542366,683147.7250051495,551316.809647213,646065.3636402594
2020-12-01,696586.7147510395,1,0,0,27.070198675496687,8.600000000000001,684204.6370922937,686372.0342909131,555882.7180211409,647524.6037059919
2020-12-02,698549.2016456592,2,0,0,27.12,10.70390625,696586.7147510395,687695.9383171399,695051.054358569,649075.0698957804
2020-12-03,690751.5106276047,3,0,0,26.894,13.825373134328357,698549.2016456592,687322.1979636268,688624.1471622004,649564.9717049199
2020-12-04,690026.6732731205,4,0,0,26.85034013605442,10.820454545454545,690751.5106276047,688639.5748513112,701885.0111532412,649763.1286223214
2020-12-05,548905.4076513853,5,1,0,26.82054794520548,11.913235294117648,690026.6732731205,544974.4004241659,701254.3838153799,650324.7010833527
2020-12-06,545609.440205314,6,1,0,26.708904109589042,15.726086956521737,548905.4076513853,543248.762542366,702639.3857442616,650661.9407494881
2020-12-07,687221.9630334725,0,0,0,26.807792207792204,11.945522388059702,545609.440205314,684204.6370922937,572034.6115898566,651092.9873125136
2020-12-08,707770.0672150665,1,0,0,27.396575342465756,7.373484848484848,687221.9630334725,696586.7147510395,556758.682946969,652690.6090930889
2020-12-09,692448.3080522707,2,0,0,26.956462585034014,9.626865671641792,707770.0672150665,698549.2016456592,704425.6751672091,651819.052865462
2020-12-10,698076.574089484,3,0,0,27.116666666666667,10.07258064516129,692448.3080522707,690751.5106276047,716879.7891801783,652865.4905028733
2020-12-11,696992.9776561708,4,0,0,27.093333333333334,8.53587786259542,698076.574089484,690026.6732731205,724661.6081340554,653860.6768433091
2020-12-12,541381.3987739187,5,1,0,26.595302013422817,10.332608695652175,696992.9776561708,548905.4076513853,734500.0696728688,652785.8184322425
2020-12-13,539648.6516464223,6,1,0,26.53904109589041,16.46027397260274,541381.3987739187,545609.440205314,738678.8828679525,651934.2772095437
2020-12-14,680902.2896107667,0,0,0,26.636666666666667,10.167460317460316,539648.6516464223,687221.9630334725,582043.6905857112,651031.4667205857
2020-12-15,675526.0028926264,1,0,0,26.429801324503313,10.887943262411348,680902.2896107667,707770.0672150665,578976.2477878428,646425.17181738
2020-12-16,668026.5826124678,2,0,0,26.26225165562914,11.856849315068493,675526.0028926264,692448.3080522707,721982.0239209292,642936.3538974082
2020-12-17,675161.5732057475,3,0,0,26.444666666666667,12.941025641025641,668026.5826124678,698076.574089484,710536.1274469793,639662.7823425886
2020-12-18,673529.3960990688,4,0,0,26.366,14.306993006993007,675161.5732057475,696992.9776561708,719410.3516425245,636310.8421201454
2020-12-19,541178.7235280261,5,1,0,26.581456953642384,12.264827586206897,673529.3960990688,541381.3987739187,715171.7181420492,636281.8885135894
2020-12-20,541627.4075941653,6,1,0,26.605333333333334,11.062878787878788,541178.7235280261,539648.6516464223,711964.8948233088,636564.5679346955
2020-12-21,687475.2229724518,0,0,0,26.814765100671142,12.421969696969697,541627.4075941653,680902.2896107667,560883.3540785974,637503.5584149362
2020-12-22,689986.073592391,1,0,0,26.89798657718121,9.73228346456693,687475.2229724518,675526.0028926264,550649.6906797723,639569.2828006169
2020-12-23,691839.616351158,2,0,0,26.922377622377624,10.776470588235293,689986.073592391,668026.5826124678,683147.7250051495,642971.1447632869
2020-12-24,679485.8553260729,3,0,0,26.59548872180451,14.992,691839.616351158,675161.5732057475,686372.0342909131,643588.8993519049
2020-12-25,685527.3883375751,4,0,0,26.741610738255034,8.981746031746033,679485.8553260729,673529.3960990688,687695.9383171399,645302.8982431199
2020-12-26,537968.9262786459,5,1,0,26.510596026490067,14.920588235294119,685527.3883375751,541178.7235280261,687322.1979636268,644844.3557789229
2020-12-27,556436.8513895269,6,1,0,27.029931972789115,6.63875968992248,537968.9262786459,541627.4075941653,688639.5748513112,646959.9906068316
2020-12-28,679526.7609624086,0,0,0,26.57986577181208,12.294814814814815,556436.8513895269,687475.2229724518,544974.4004241659,645824.4960339683
2020-12-29,680784.4246310326,1,0,0,26.610596026490065,11.669465648854962,679526.7609624086,689986.073592391,543248.762542366,644509.9747537744
2020-12-30,672048.4585971772,2,0,0,26.371724137931036,12.9336,680784.4246310326,691839.616351158,684204.6370922937,641682.6665032057
2020-12-31,670632.2172852216,3,0,0,26.308724832214764,16.665248226950357,672048.4585971772,679485.8553260729,696586.7147510395,640417.8610687982
2021-01-01,742700.3818568303,4,0,0,26.830170981606226,15.336765837364547,670632.2172852216,685527.3883375751,698549.2016456592,648585.431571549
2021-01-02,591112.3321991588,5,1,0,26.806436781609197,11.78148761598037,742700.3818568303,537968.9262786459,690751.5106276047,656177.3467030508
2021-01-03,591869.3016134885,6,1,0,26.80876936103299,11.307124796625532,591112.3321991588,556436.8513895269,690026.6732731205,661239.125306474
2021-01-04,745109.8781486549,0,0,0,26.930833675877295,12.750901206426677,591869.3016134885,679526.7609624086,548905.4076513853,670608.1420473662
2021-01-05,743042.4887920187,1,0,0,26.85438145197196,10.990485228241726,745109.8781486549,680784.4246310326,545609.440205314,679502.1512132214
2021-01-06,741788.0473596541,2,0,0,26.834429223744294,10.633841115991851,743042.4887920187,672048.4585971772,687221.9630334725,689464.949607861
2021-01-07,746018.5640848881,3,0,0,26.942947245986762,9.650824116802145,741788.0473596541,670632.2172852216,707770.0672150665,700234.4277220991
2021-01-08,746606.1037105361,4,0,0,26.958239838799596,10.640547802917402,746018.5640848881,742700.3818568303,692448.3080522707,700792.3879869141
2021-01-09,590572.3147851985,5,1,0,26.77394103911961,10.303183552938977,746606.1037105361,591112.3321991588,698076.574089484,700715.2426420627
2021-01-10,584233.8610900119,6,1,0,26.625798212005108,10.369902106623393,590572.3147851985,591869.3016134885,696992.9776561708,699624.4654244232
2021-01-11,732790.5834869228,0,0,0,26.572227658186563,12.872813745227353,584233.8610900119,745109.8781486549,541381.3987739187,697864.5661870328
2021-01-12,735291.9444083637,1,0,0,26.65688090000766,13.723516931432664,732790.5834869228,743042.4887920187,539648.6516464223,696757.3455607964
2021-01-13,737239.4414373222,2,0,0,26.715960204809125,11.829218304233711,735291.9444083637,741788.0473596541,680902.2896107667,696107.5447147491
2021-01-14,731862.0851384578,3,0,0,26.555617319846533,12.526965326340326,737239.4414373222,746018.5640848881,675526.0028926264,694085.1905795448
2021-01-15,733676.1779292616,4,0,0,26.608196290203225,10.796040949832209,731862.0851384578,746606.1037105361,668026.5826124678,692238.0583250768
2021-01-16,584160.5386043598,5,1,0,26.61300446998723,12.138652173024083,733676.1779292616,590572.3147851985,675161.5732057475,691322.0902992429
2021-01-17,590599.5815267279,6,1,0,26.787996012605316,9.303640983191924,584160.5386043598,584233.8610900119,673529.3960990688,692231.4789330595
2021-01-18,740800.6547944266,0,0,0,26.774785698316887,13.23789949223417,590599.5815267279,732790.5834869228,541178.7235280261,693375.7748341315
2021-01-19,742015.5998881077,1,0,0,26.85487388250319,8.485018541448698,740800.6547944266,735291.9444083637,541627.4075941653,694336.2970455234
2021-01-20,742660.5516359592,2,0,0,26.82940481813888,10.127538765085497,742015.5998881077,737239.4414373222,687475.2229724518,695110.7413596144
2021-01-21,741953.6581403809,3,0,0,26.812172733077904,13.873464243015354,742660.5516359592,731862.0851384578,689986.073592391,696552.3946456034
2021-01-22,741690.0114344618,4,0,0,26.82510391435049,12.336034286437247,741953.6581403809,733676.1779292616,691839.616351158,697697.2280034891
2021-01-23,598714.5468101555,5,1,0,26.9891104994705,14.022766690425279,741690.0114344618,584160.5386043598,679485.8553260729,699776.3720328885
2021-01-24,597499.1509568236,6,1,0,26.96382492956378,7.945932855023764,598714.5468101555,590599.5815267279,685527.3883375751,700762.0248086165
2021-01-25,748232.2625197476,0,0,0,26.998821638131982,10.082717209690893,597499.1509568236,740800.6547944266,537968.9262786459,701823.6830550908
2021-01-26,751887.7833947566,1,0,0,27.096992802990602,9.60813014970769,748232.2625197476,742015.5998881077,556436.8513895269,703233.9949846121
2021-01-27,753237.2272860071,2,0,0,27.09925109590335,9.964227308529244,751887.7833947566,742660.5516359592,679526.7609624086,704744.9486489047
2021-01-28,754439.8796880759,3,0,0,27.156184434191356,8.806341551754395,753237.2272860071,741953.6581403809,680784.4246310326,706528.6945842897
2021-01-29,749218.9948478059,4,0,0,27.03398934005948,10.746432255349182,754439.8796880759,741690.0114344618,672048.4585971772,707604.2636433389
2021-01-30,593670.8913762642,5,1,0,26.884725574999134,10.361027037933818,749218.9948478059,598714.5468101555,670632.2172852216,706883.7414384972
2021-01-31,595376.0707811242,6,1,0,26.908708254991495,9.375653219538144,593670.8913762642,597499.1509568236,742700.3818568303,706580.4442705401
2021-02-01,742810.7667550123,0,0,0,26.862570570570572,10.985806401413612,595376.0707811242,748232.2625197476,591112.3321991588,705805.944875578
2021-02-02,740061.596380129,1,0,0,26.786770478054237,12.070301176264813,742810.7667550123,751887.7833947566,591869.3016134885,704116.4895877742
2021-02-03,742271.2246847735,2,0,0,26.814041366600094,10.815022222222224,740061.596380129,753237.2272860071,745109.8781486549,702549.9177875977
2021-02-04,744612.6696224038,3,0,0,26.891578544061304,10.690960465879265,742271.2246847735,754439.8796880759,743042.4887920187,701146.030635359
2021-02-05,736992.7964450109,4,0,0,26.704045784578252,10.201677891038813,744612.6696224038,749218.9948478059,741788.0473596541,699399.4308635312
2021-02-06,588412.8770923086,5,1,0,26.740749826429067,11.98407651967839,736992.7964450109,593670.8913762642,746018.5640848881,698648.2859658232
2021-02-07,585129.1165732148,6,1,0,26.62296803652968,10.975777983829424,588412.8770923086,595376.0707811242,746606.1037105361,697184.4353646933
2021-02-08,736997.2810808984,0,0,0,26.725792870137777,16.565973092876416,585129.1165732148,742810.7667550123,590572.3147851985,696353.9374112485
2021-02-09,735243.888555341,1,0,0,26.64893842736309,10.62694698535764,736997.2810808984,740061.596380129,584233.8610900119,695665.6934362787
2021-02-10,736371.1446335486,2,0,0,26.698522573450145,12.48870694238208,735243.888555341,742271.2246847735,732790.5834869228,694822.8248575323
2021-02-11,737573.5079259424,3,0,0,26.693138286888285,11.076539528708928,736371.1446335486,744612.6696224038,735291.9444083637,693817.2303294664
2021-02-12,740201.023179734,4,0,0,26.800103865747214,11.886948784793162,737573.5079259424,736992.7964450109,737239.4414373222,694275.5484344268
2021-02-13,594584.2367850872,5,1,0,26.903439729483665,9.640095849186759,740201.023179734,588412.8770923086,731862.0851384578,695157.1712476809
2021-02-14,596710.1819274045,6,1,0,26.942410889150022,8.103039454514475,594584.2367850872,585129.1165732148,733676.1779292616,696811.6091554223
2021-02-15,737785.1123516666,0,0,0,26.73430863325649,11.318236742298224,596710.1819274045,736997.2810808984,584160.5386043598,696924.1564798177
2021-02-16,739266.3192825003,1,0,0,26.773737296045805,14.441735303617572,737785.1123516666,735243.888555341,590599.5815267279,697498.7894408405
2021-02-17,737350.7603625153,2,0,0,26.706420609902153,12.862786701505149,739266.3192825003,736371.1446335486,740800.6547944266,697638.7345449786
2021-02-18,737984.0853692691,3,0,0,26.72491698350461,12.226470380449372,737350.7603625153,737573.5079259424,742015.5998881077,697697.3884654539
2021-02-19,745728.5404679772,4,0,0,26.931088462714076,8.349618963412068,737984.0853692691,740201.023179734,742660.5516359592,698487.0337923457
2021-02-20,592620.2905703797,5,1,0,26.844205752202328,11.949761904761905,745728.5404679772,594584.2367850872,741953.6581403809,698206.4700473875
2021-02-21,594160.0367142818,6,1,0,26.88417366946779,10.810847455244945,592620.2905703797,596710.1819274045,741690.0114344618,697842.1635883701
2021-02-22,745575.5391288239,0,0,0,26.899002915074345,10.478377855207123,594160.0367142818,737785.1123516666,598714.5468101555,698955.0816993925
2021-02-23,744221.4987206453,1,0,0,26.88374609172909,11.898955637283322,745575.5391288239,739266.3192825003,597499.1509568236,699662.9644762704
2021-02-24,745862.3127974344,2,0,0,26.95448224086155,10.468531141406041,744221.4987206453,737350.7603625153,748232.2625197476,700878.9005384017
2021-02-25,749327.2011640365,3,0,0,27.042622188426396,10.429595006583831,745862.3127974344,737984.0853692691,751887.7833947566,702499.3456519397
2021-02-26,748751.3139580204,4,0,0,27.013952308472856,8.8332590501659,749327.2011640365,745728.5404679772,753237.2272860071,702931.1704362317
2021-02-27,607519.9934009846,5,1,0,27.22416105719677,8.637804550753893,748751.3139580204,592620.2905703797,754439.8796880759,705059.6994120323
2021-02-28,605166.1056013276,6,1,0,27.16909998805619,8.903407315504088,607519.9934009846,594160.0367142818,749218.9948478059,706631.9949673247
2021-03-01,748741.6767315194,0,0,0,27.00355166616565,11.506768033154122,605166.1056013276,745575.5391288239,593670.8913762642,707084.3003391384
2021-03-02,747725.1740814898,1,0,0,26.99830955955956,12.264218259863062,748741.6767315194,744221.4987206453,595376.0707811242,707584.8253906874
2021-03-03,748783.762794682,2,0,0,27.008673114254947,12.626144269045986,747725.1740814898,745862.3127974344,742810.7667550123,708002.1753902944
2021-03-04,757253.1327355615,3,0,0,27.23816858237548,11.569973735167162,748783.762794682,749327.2011640365,740061.596380129,709134.4513290835
2021-03-05,743539.6136340663,4,0,0,26.862447637292462,11.779414451877832,757253.1327355615,748751.3139580204,742271.2246847735,708389.922711376
2021-03-06,589555.2276554356,5,1,0,26.742714653428937,11.95017422982498,743539.6136340663,607519.9934009846,744612.6696224038,705823.5276048689
2021-03-07,587515.3077456383,6,1,0,26.70513063559544,12.795117609663064,589555.2276554356,605166.1056013276,736992.7964450109,703301.9850540562
2021-03-08,739387.8510970823,0,0,0,26.77418321238571,11.879813942307692,587515.3077456383,748741.6767315194,588412.8770923086,701965.7242491365
2021-03-09,743740.6515801096,1,0,0,26.872235562496414,10.816318044923904,739387.8510970823,747725.1740814898,585129.1165732148,701396.5067489393
2021-03-10,744964.6394180761,2,0,0,26.914564814814813,11.084915190314556,743740.6515801096,748783.762794682,736997.2810808984,700850.9176951386
2021-03-11,748817.0162569929,3,0,0,26.996474578605454,11.229009829612515,744964.6394180761,757253.1327355615,735243.888555341,699645.7581982001
2021-03-12,752072.1728590385,4,0,0,27.08176398962823,9.594077406631332,748817.0162569929,743539.6136340663,736371.1446335486,700864.695230339
2021-03-13,594578.2517752586,5,1,0,26.904085881183196,10.359458841107532,752072.1728590385,589555.2276554356,737573.5079259424,701582.2701045994
2021-03-14,599970.0925597765,6,1,0,27.034567747277478,10.011037997537136,594578.2517752586,587515.3077456383,740201.023179734,703361.5250780478
2021-03-15,751725.0590166784,0,0,0,27.076709734077586,8.215938099830096,599970.0925597765,739387.8510970823,594584.2367850872,705123.9833522758
2021-03-16,751704.0859539144,1,0,0,27.10442717312516,7.2040637450976375,751725.0590166784,743740.6515801096,596710.1819274045,706261.6168342478
2021-03-17,745140.7096444824,2,0,0,26.910453867734393,11.059928464977645,751704.0859539144,744964.6394180761,737785.1123516666,706286.7697237346
2021-03-18,746638.1009642343,3,0,0,26.957612732095487,11.743802288291372,745140.7096444824,748817.0162569929,739266.3192825003,705975.4961104832
2021-03-19,754031.8411109654,4,0,0,27.13791753033436,9.782408935085884,746638.1009642343,752072.1728590385,737350.7603625153,706255.4487179015
2021-03-20,601888.0745260606,5,1,0,27.07385882054496,9.502894491129785,754031.8411109654,594578.2517752586,737984.0853692691,707299.7091108732
2021-03-21,595363.5126506061,6,1,0,26.914456323915104,11.067193729457463,601888.0745260606,599970.0925597765,745728.5404679772,706641.6262667059
2021-03-22,747994.081584551,0,0,0,26.989634126598673,10.081061720528846,595363.5126506061,751725.0590166784,592620.2905703797,706108.6294906876
2021-03-23,751674.1333405438,1,0,0,27.099513152191722,10.792713992335678,747994.081584551,751704.0859539144,594160.0367142818,706104.3505459204
2021-03-24,744153.5654094641,2,0,0,26.896176010564243,10.169454258080895,751674.1333405438,745140.7096444824,745575.5391288239,705963.3299409179
2021-03-25,744641.4261307868,3,0,0,26.895887808991258,9.815745050580276,744153.5654094641,746638.1009642343,744221.4987206453,705678.0906789968
2021-03-26,749849.8648590781,4,0,0,27.03661000210296,8.632106089222995,744641.4261307868,754031.8411109654,745862.3127974344,705080.6655001558
2021-03-27,597041.9661294562,5,1,0,26.974408917887178,10.067231331886504,749849.8648590781,601888.0745260606,749327.2011640365,704388.3643006409
2021-03-28,601938.8028538668,6,1,0,27.088907189968836,11.12805903689806,597041.9661294562,595363.5126506061,748751.3139580204,705327.6914725353
2021-03-29,754659.4561777506,0,0,0,27.175517766098164,9.308308895405668,601938.8028538668,747994.081584551,607519.9934009846,706279.8878429923
2021-03-30,750953.6407900655,1,0,0,27.095603165942652,8.863149832564034,754659.4561777506,751674.1333405438,605166.1056013276,706176.9603357811
2021-03-31,750594.909826997,2,0,0,27.07156712346757,9.785134520390033,750953.6407900655,744153.5654094641,748741.6767315194,707097.1523954287
2021-04-01,748300.3734609032,3,0,0,27.001262282690856,8.891949252928256,750594.909826997,744641.4261307868,747725.1740814898,707619.8591568739
2021-04-02,747312.827855169,4,0,0,26.98320771475701,11.58052276234568,748300.3734609032,749849.8648590781,748783.762794682,707257.4252991725
2021-04-03,600891.5922618911,5,1,0,27.05534463977162,10.528336771857006,747312.827855169,597041.9661294562,757253.1327355615,707807.3718895204
2021-04-04,606059.5576816528,6,1,0,27.203071611757746,9.846233496591479,600891.5922618911,601938.8028538668,743539.6136340663,708396.0511506328
2021-04-05,758531.3868127252,0,0,0,27.2511287304245,8.283854166666666,606059.5576816528,754659.4561777506,589555.2276554356,708949.1840984862
2021-04-06,754627.5587810924,1,0,0,27.166771865909794,10.857290042627211,758531.3868127252,750953.6407900655,587515.3077456383,709474.0295257758
2021-04-07,751413.157747932,2,0,0,27.079419529667238,9.98685416433996,754627.5587810924,750594.909826997,739387.8510970823,709590.9220859094
2021-04-08,753656.7222973761,3,0,0,27.134991338456818,9.338448667672198,751413.157747932,748300.3734609032,743740.6515801096,710356.114776834
2021-04-09,756975.4976973213,4,0,0,27.206178675677965,8.891445964733261,753656.7222973761,747312.827855169,744964.6394180761,711736.4961828559
2021-04-10,611141.3050885918,5,1,0,27.336377491163976,7.535356296701295,756975.4976973213,600891.5922618911,748817.0162569929,713200.7408723846
2021-04-11,617185.2545117767,6,1,0,27.486510090702684,8.8218191925509,611141.3050885918,606059.5576816528,752072.1728590385,714790.1261338309
2021-04-12,762641.1601386587,0,0,0,27.38985376221292,7.931860872372989,617185.2545117767,758531.3868127252,594578.2517752586,715377.2366089643
2021-04-13,765291.1934915014,1,0,0,27.457338042237442,6.701495126385414,762641.1601386587,754627.5587810924,599970.0925597765,716900.6129961654
2021-04-14,762068.3018331156,2,0,0,27.373689774629625,9.139414793130365,765291.1934915014,751413.157747932,751725.0590166784,718422.776436906
2021-04-15,761980.9619607024,3,0,0,27.369770768596453,8.363871777963631,762068.3018331156,753656.7222973761,751704.0859539144,719611.9535316669
2021-04-16,759834.7249678939,4,0,0,27.28837488029337,10.79078332688089,761980.9619607024,756975.4976973213,745140.7096444824,720020.41457032
2021-04-17,612858.9522884412,5,1,0,27.383598073224547,10.439590340909092,759834.7249678939,611141.3050885918,746638.1009642343,720265.7927417271
2021-04-18,616013.4993601887,6,1,0,27.472303425874856,8.274847322994239,612858.9522884412,617185.2545117767,754031.8411109654,720098.3991486431
2021-04-19,764159.0467987154,0,0,0,27.425955467793568,9.133594402673351,616013.4993601887,762641.1601386587,601888.0745260606,720315.2401000798
2021-04-20,760335.4463473725,1,0,0,27.32375090360165,11.071131652021757,764159.0467987154,765291.1934915014,595363.5126506061,719607.2762223472
2021-04-21,766594.4312018728,2,0,0,27.504456690921753,8.764775449653547,760335.4463473725,762068.3018331156,747994.081584551,720253.8661321696
2021-04-22,770309.2733218839,3,0,0,27.580397101191007,8.329643257209671,766594.4312018728,761980.9619607024,751674.1333405438,721443.6248980527
2021-04-23,767678.8432900205,4,0,0,27.491528934765096,9.286412903225807,770309.2733218839,759834.7249678939,744153.5654094641,722564.213229785
2021-04-24,609939.151707608,5,1,0,27.28319570840119,10.432345040580335,767678.8432900205,612858.9522884412,744641.4261307868,722147.0988610946
2021-04-25,605859.0099561904,6,1,0,27.182493201243204,10.59811296635925,609939.151707608,616013.4993601887,749849.8648590781,720696.4575176662
2021-04-26,750753.6351887864,0,0,0,27.0648958879223,14.048869316470944,605859.0099561904,764159.0467987154,597041.9661294562,718781.3987162478
2021-04-27,749334.1948493512,1,0,0,27.027307375375255,12.984343028327084,750753.6351887864,760335.4463473725,601938.8028538668,717209.7913593876
2021-04-28,751937.8313237837,2,0,0,27.09775823932758,12.422693165606551,749334.1948493512,766594.4312018728,754659.4561777506,715115.9913768035
2021-04-29,750794.7905698193,3,0,0,27.08834820221681,14.559924006879493,751937.8313237837,770309.2733218839,750953.6407900655,712328.2081265085
2021-04-30,754731.5118256734,4,0,0,27.150446712911503,12.444829023291163,750794.7905698193,767678.8432900205,750594.909826997,710478.5893458875
2021-05-01,604676.4870083554,5,1,0,27.17418654488745,10.713123359580052,754731.5118256734,609939.151707608,748300.3734609032,709726.7801031371
2021-05-02,603616.4281620105,6,1,0,27.128041391144837,8.66775321162948,604676.4870083554,605859.0099561904,747312.827855169,709406.4112753972
2021-05-03,759022.6680906541,0,0,0,27.282254217861063,8.761833576708874,603616.4281620105,750753.6351887864,600891.5922618911,710587.7016899496
2021-05-04,765656.4603003925,1,0,0,27.453107377934966,5.698737416394839,759022.6680906541,749334.1948493512,606059.5576816528,712919.4538972413
2021-05-05,766198.7189858429,2,0,0,27.47257935754089,7.621559566304072,765656.4603003925,751937.8313237837,758531.3868127252,714956.7235632496
2021-05-06,772734.6995099242,3,0,0,27.66249068133892,8.27958477234266,766198.7189858429,750794.7905698193,754627.5587810924,718090.9962689789
2021-05-07,774928.4612222825,4,0,0,27.710517029267027,6.881504715776269,772734.6995099242,754731.5118256734,751413.157747932,720976.2747542087
2021-05-08,622599.4335272263,5,1,0,27.646312696312695,5.9056138992052025,774928.4612222825,604676.4870083554,753656.7222973761,723536.6956854762
2021-05-09,619440.7961795285,6,1,0,27.549276108953524,7.734614183986465,622599.4335272263,603616.4281620105,756975.4976973213,725797.3196879786
2021-05-10,766825.248651858,0,0,0,27.482659485705707,8.59033929741725,619440.7961795285,759022.6680906541,611141.3050885918,726911.9740538651
2021-05-11,764695.6336634924,1,0,0,27.447948953355734,8.773632633844498,766825.248651858,765656.4603003925,617185.2545117767,726774.7131057364
2021-05-12,767235.5624915843,2,0,0,27.48174300909247,6.932242042695466,764695.6336634924,766198.7189858429,762641.1601386587,726922.8336065566
2021-05-13,770279.888494795,3,0,0,27.581676374033677,6.46732219894366,767235.5624915843,772734.6995099242,765291.1934915014,726572.146318681
2021-05-14,768081.8362256495,4,0,0,27.53137320930863,7.431705998033432,770279.888494795,774928.4612222825,762068.3018331156,725594.0570334477
2021-05-15,618074.2972296652,5,1,0,27.530697984260055,7.4711566293183935,768081.8362256495,622599.4335272263,761980.9619607024,724947.608990939
2021-05-16,615311.9423515989,6,1,0,27.449096953908597,9.494414823598563,618074.2972296652,619440.7961795285,759834.7249678939,724357.7727298063
2021-05-17,761412.7437953113,0,0,0,27.34459581213261,9.055020211952366,615311.9423515989,766825.248651858,612858.9522884412,723584.5577502995
2021-05-18,755902.7506548581,1,0,0,27.191414415139874,7.547645976221364,761412.7437953113,764695.6336634924,616013.4993601887,722328.4316062089
2021-05-19,756516.2378455672,2,0,0,27.20900146758159,9.854287967152674,755902.7506548581,767235.5624915843,764159.0467987154,720797.0995139207
2021-05-20,758142.9720875814,3,0,0,27.25353179228179,9.433085934085147,756516.2378455672,770279.888494795,760335.4463473725,719063.2543128902
2021-05-21,759399.5442402533,4,0,0,27.324397892679453,9.597347714014381,758142.9720875814,768081.8362256495,766594.4312018728,717822.9268864051
2021-05-22,615334.4916401792,5,1,0,27.44321272684492,8.899257397971512,759399.5442402533,618074.2972296652,770309.2733218839,717431.526087907
2021-05-23,610700.3693072995,6,1,0,27.302495104895105,10.601508633151765,615334.4916401792,615311.9423515989,767678.8432900205,716772.7299387214
2021-05-24,759533.2516291906,0,0,0,27.290684595223883,8.845250582440613,610700.3693072995,761412.7437953113,609939.151707608,716504.231057847
2021-05-25,764060.0929490332,1,0,0,27.405759434350927,5.579444009364983,759533.2516291906,755902.7506548581,605859.0099561904,717669.5656713005
2021-05-26,761534.9228436706,2,0,0,27.33418077619844,7.09210486283657,764060.0929490332,756516.2378455672,750753.6351887864,718386.5206710297
2021-05-27,759855.4757963729,3,0,0,27.29905303408026,8.163617053601103,761534.9228436706,758142.9720875814,749334.1948493512,718631.164058
2021-05-28,758363.0625649713,4,0,0,27.273234824476503,9.071927866282705,759855.4757963729,759399.5442402533,751937.8313237837,718483.0952472453
2021-05-29,603806.2038234436,5,1,0,27.12253532063635,7.992834540091177,758363.0625649713,615334.4916401792,750794.7905698193,716836.1969877117
2021-05-30,600227.6747488442,6,1,0,27.037640403529167,10.577863923737043,603806.2038234436,610700.3693072995,754731.5118256734,715340.0977650752
2021-05-31,753342.6990695618,0,0,0,27.129535444954097,7.051436068415678,600227.6747488442,759533.2516291906,604676.4870083554,714455.7331136997
2021-06-01,746252.7966554938,1,0,0,26.95378295245221,8.06332403048608,753342.6990695618,764060.0929490332,603616.4281620105,711911.833643194
2021-06-02,743558.374058551,2,0,0,26.879862675175175,9.949202025993884,746252.7966554938,761534.9228436706,759022.6680906541,709343.7552453197
2021-06-03,742843.0019778511,3,0,0,26.85091606180958,9.241488869446876,743558.374058551,759855.4757963729,765656.4603003925,706913.4018426739
2021-06-04,747614.1872994828,4,0,0,26.97193347265761,9.439402930272772,742843.0019778511,758363.0625649713,766198.7189858429,705377.8482333183
2021-06-05,604919.0267964723,5,1,0,27.170029828486207,5.923370159182704,747614.1872994828,603806.2038234436,772734.6995099242,705536.822943751
2021-06-06,601753.8078206774,6,1,0,27.090791842589017,6.767753433060413,604919.0267964723,600227.6747488442,774928.4612222825,705754.841954013
2021-06-07,747294.2379652316,0,0,0,26.973501791007198,8.714096705177578,601753.8078206774,753342.6990695618,622599.4335272263,704890.7760819657
2021-06-08,746117.1596001346,1,0,0,26.950830304291188,9.00482619219246,747294.2379652316,746252.7966554938,619440.7961795285,704871.3993597716
2021-06-09,749954.444412095,2,0,0,27.032074384202577,8.003130484330484,746117.1596001346,743558.374058551,766825.248651858,705785.123695992
2021-06-10,754600.2748957608,3,0,0,27.153086310725914,6.063379001173118,749954.444412095,742843.0019778511,764695.6336634924,707464.7341128364
2021-06-11,760258.2829199972,4,0,0,27.339025493905805,4.539826529464687,754600.2748957608,747614.1872994828,767235.5624915843,709271.0334871955
2021-06-12,600364.6805479368,5,1,0,27.035162320908736,6.219938412391243,760258.2829199972,604919.0267964723,770279.888494795,708620.4125945476
2021-06-13,600108.9410257156,6,1,0,27.01868404675679,7.664030473267199,600364.6805479368,601753.8078206774,768081.8362256495,708385.4316238388
2021-06-14,747745.8692455203,0,0,0,26.99358770535241,6.049914814814815,600108.9410257156,747294.2379652316,618074.2972296652,708449.9503781657
2021-06-15,746626.9331114804,1,0,0,26.96377661374571,8.484898504500338,747745.8692455203,746117.1596001346,615311.9423515989,708522.7751655009
2021-06-16,745968.7986035667,2,0,0,26.941363798682545,6.941616486902789,746626.9331114804,749954.444412095,761412.7437953113,707953.3971928541
2021-06-17,744374.9976293074,3,0,0,26.872458891315826,7.627655980453696,745968.7986035667,754600.2748957608,755902.7506548581,706492.6432976463
2021-06-18,737078.2995118275,4,0,0,26.710121373093944,7.1295101447082985,744374.9976293074,760258.2829199972,756516.2378455672,703181.2170964793
2021-06-19,585333.8156435913,5,1,0,26.645352916134524,8.22704248366013,737078.2995118275,600364.6805479368,758142.9720875814,701033.9506815728
2021-06-20,588372.3260242835,6,1,0,26.724838706874834,8.060744476387796,585333.8156435913,600108.9410257156,759399.5442402533,699357.2913956539
2021-06-21,736033.829447449,0,0,0,26.66815732009779,8.576602898550725,588372.3260242835,747745.8692455203,615334.4916401792,697684.1428530723
2021-06-22,729777.4039546173,1,0,0,26.515597434671648,8.253790088273364,736033.829447449,746626.9331114804,610700.3693072995,695277.0672592346
2021-06-23,727637.4793865063,2,0,0,26.4211815700404,8.204227642276424,729777.4039546173,745968.7986035667,759533.2516291906,692658.3073710831
2021-06-24,727994.0523867569,3,0,0,26.44653115635101,10.330672568367978,727637.4793865063,744374.9976293074,764060.0929490332,690318.1723364331
2021-06-25,720648.9645179999,4,0,0,26.272044885904023,9.335535423925668,727994.0523867569,737078.2995118275,761534.9228436706,687971.1244801721
2021-06-26,574771.8328274951,5,1,0,26.378904794638768,6.85389652014652,720648.9645179999,585333.8156435913,759855.4757963729,686462.2697921582
2021-06-27,578545.6046765129,6,1,0,26.43460219112393,6.188927299081392,574771.8328274951,588372.3260242835,758363.0625649713,685058.4524567624
2021-06-28,723187.3386660026,0,0,0,26.335261369696365,6.841891924336746,578545.6046765129,736033.829447449,603806.2038234436,683223.2394879845
2021-06-29,722375.7624269344,1,0,0,26.315511073292182,7.458696205755029,723187.3386660026,729777.4039546173,600227.6747488442,682165.8621268868
2021-06-30,727793.2142955172,2,0,0,26.4470626356926,7.346992706992707,722375.7624269344,727637.4793865063,753342.6990695618,682188.1099710313
2021-07-01,726940.2313897861,3,0,0,26.409520388287515,5.289331328299886,727793.2142955172,727994.0523867569,746252.7966554938,682037.5641143211
2021-07-02,725530.9260597439,4,0,0,26.372504522778357,5.453354978354979,726940.2313897861,720648.9645179999,743558.374058551,682734.9871917132
2021-07-03,577475.0936705158,5,1,0,26.419190224262127,8.96212859397516,725530.9260597439,574771.8328274951,742843.0019778511,683121.1673121447
2021-07-04,578080.7927642175,6,1,0,26.44886843699435,6.3892258700432185,577475.0936705158,578545.6046765129,747614.1872994828,683054.7656103882
2021-07-05,728938.8522558045,0,0,0,26.494982562111243,6.506386675387195,578080.7927642175,723187.3386660026,604919.0267964723,683876.4104089312
2021-07-06,724431.661322851,1,0,0,26.360740719002198,7.35781778154655,728938.8522558045,722375.7624269344,601753.8078206774,684170.1102512052
2021-07-07,721736.8329789032,2,0,0,26.31132510889849,4.870933904050787,724431.661322851,727793.2142955172,747294.2379652316,683304.9129202602
2021-07-08,724919.3690614204,3,0,0,26.387178077271297,6.333734977862112,721736.8329789032,726940.2313897861,746117.1596001346,683016.2183019223
2021-07-09,723279.9852019292,4,0,0,26.33820040463876,6.861178908568905,724919.3690614204,725530.9260597439,749954.444412095,682694.6553222345
2021-07-10,570066.5972304909,5,1,0,26.244499429674477,7.9601929114482575,723279.9852019292,577475.0936705158,754600.2748957608,681636.2986879452
2021-07-11,577120.4240213321,6,1,0,26.421522628410106,7.136200268810778,570066.5972304909,578080.7927642175,760258.2829199972,681499.1031532473
2021-07-12,723660.7732003388,0,0,0,26.34301081282625,4.99085683326561,577120.4240213321,728938.8522558045,600364.6805479368,680745.0918596095
2021-07-13,724020.6664454842,1,0,0,26.34179477627582,6.036916188916188,723660.7732003388,724431.661322851,600108.9410257156,680686.3783056998
2021-07-14,719673.1686937573,2,0,0,26.22219861255765,5.317787919765608,724020.6664454842,721736.8329789032,747745.8692455203,680391.5691221076
2021-07-15,719982.0826177611,3,0,0,26.256370809923613,5.6652785391169855,719673.1686937573,724919.3690614204,746626.9331114804,679686.242487299
2021-07-16,725086.8173665317,4,0,0,26.37231361634885,5.96546069873667,719982.0826177611,723279.9852019292,745968.7986035667,679944.3613679566
2021-07-17,579764.8078622117,5,1,0,26.48814888435578,3.3917737264397285,725086.8173665317,570066.5972304909,744374.9976293074,681329.820029631
2021-07-18,587527.860492832,6,1,0,26.721725756839888,5.077920041222794,579764.8078622117,577120.4240213321,737078.2995118275,682816.5966684166
2021-07-19,737997.8837572456,0,0,0,26.731920507463986,5.024274278676988,587527.860492832,723660.7732003388,585333.8156435913,684864.7553194034
2021-07-20,743973.7565100397,1,0,0,26.906355545541345,4.537319735343632,737997.8837572456,724020.6664454842,588372.3260242835,687715.196757197
2021-07-21,736063.9991626812,2,0,0,26.68996651468932,5.288229774439997,743973.7565100397,719673.1686937573,736033.829447449,690056.7439670432
2021-07-22,734850.0379091477,3,0,0,26.635401957196574,6.622890342679128,736063.9991626812,719982.0826177611,729777.4039546173,692180.7375800984
2021-07-23,731658.132159284,4,0,0,26.563387874175543,4.746457793338671,734850.0379091477,725086.8173665317,727637.4793865063,693119.496836206
2021-07-24,575046.2739464997,5,1,0,26.3840331749138,7.479338657547637,731658.132159284,579764.8078622117,727994.0523867569,692445.4205625328
2021-07-25,574817.4022465002,6,1,0,26.362504372986127,4.647324764714146,575046.2739464997,587527.860492832,720648.9645179999,690629.6408130567
2021-07-26,722464.6873292302,0,0,0,26.313387255451364,4.834954954954955,574817.4022465002,737997.8837572456,574771.8328274951,688410.6127519117
2021-07-27,724091.0101466969,1,0,0,26.349839397677048,5.782087061607645,722464.6873292302,743973.7565100397,578545.6046765129,685570.2204142914
2021-07-28,723999.3797931807,2,0,0,26.349693982032203,5.525990815613457,724091.0101466969,736063.9991626812,723187.3386660026,683846.7033615056
2021-07-29,724367.8919933962,3,0,0,26.358904109589037,5.507517704461677,723999.3797931807,734850.0379091477,722375.7624269344,682349.2539449697
2021-07-30,720709.7034642461,4,0,0,26.263501658400546,6.129431913116124,724367.8919933962,731658.132159284,727793.2142955172,680785.1927028215
2021-07-31,571705.0022998219,5,1,0,26.287000370230185,4.466039755351682,720709.7034642461,575046.2739464997,726940.2313897861,680307.8681818675
2021-08-01,568856.7772311956,6,1,0,26.193068464304577,4.068937048503613,571705.0022998219,574817.4022465002,725530.9260597439,679456.3503225382
2021-08-02,717674.7917161246,0,0,0,26.170504144861763,5.951927988996954,568856.7772311956,722464.6873292302,577475.0936705158,678772.079520666
2021-08-03,715401.2817248175,1,0,0,26.140125815470643,2.9378824721377916,717674.7917161246,724091.0101466969,578080.7927642175,677530.6897461119
2021-08-04,717470.5539267149,2,0,0,26.169666907166903,2.577716877268957,715401.2817248175,723999.3797931807,728938.8522558045,676598.0003366166
2021-08-05,720047.9677836905,3,0,0,26.251636480647235,4.823267682398117,717470.5539267149,724367.8919933962,724431.661322851,675980.8683066588
2021-08-06,719154.0955946009,4,0,0,26.236625833936177,4.981974798864645,720047.9677836905,720709.7034642461,721736.8329789032,675758.6386109951
2021-08-07,574892.0322759317,5,1,0,26.36163119457486,3.34890977443609,719154.0955946009,571705.0022998219,724919.3690614204,676213.9286075822
2021-08-08,584208.6629276625,6,1,0,26.60465705204433,2.465786435786436,574892.0322759317,568856.7772311956,723279.9852019292,678407.0551356489
2021-08-09,738473.190735366,0,0,0,26.750656658065527,3.561862026862027,584208.6629276625,717674.7917161246,570066.5972304909,681378.2549955406
2021-08-10,740732.2258297699,1,0,0,26.807340043095962,4.470083774250441,738473.190735366,715401.2817248175,577120.4240213321,684996.9612962481
2021-08-11,746856.6964389066,2,0,0,26.94668862993595,4.383547140120416,740732.2258297699,717470.5539267149,723660.7732003388,689194.9816551326
2021-08-12,744829.5014101821,3,0,0,26.896229471528894,3.343794444379503,746856.6964389066,720047.9677836905,724020.6664454842,692735.2007446314
2021-08-13,747910.9487341089,4,0,0,26.990154652254446,4.5109472304162574,744829.5014101821,719154.0955946009,719673.1686937573,696843.322621704
2021-08-14,591269.4839374486,5,1,0,26.811612498880834,2.6220459590024805,747910.9487341089,574892.0322759317,719982.0826177611,699182.9585733492
2021-08-15,588967.9999844852,6,1,0,26.748196484906924,5.418996697746699,591269.4839374486,584208.6629276625,725086.8173665317,699862.8638671811
2021-08-16,734109.2317327927,0,0,0,26.638277383766745,3.4195268634006255,588967.9999844852,738473.190735366,579764.8078622117,699239.4411525277
2021-08-17,735368.4609245224,1,0,0,26.64734362445341,4.584408573222132,734109.2317327927,740732.2258297699,587527.860492832,698473.1890232067
2021-08-18,734034.4662422015,2,0,0,26.61445135562755,3.803659575085762,735368.4609245224,746856.6964389066,737997.8837572456,696641.4418522489
2021-08-19,732960.4721154064,3,0,0,26.604428220181646,4.398014874737609,734034.4662422015,744829.5014101821,743973.7565100397,694945.8662387094
2021-08-20,737340.0219176062,4,0,0,26.7117377419175,3.764189111545979,732960.4721154064,747910.9487341089,736063.9991626812,693435.7338363519
2021-08-21,591279.4420299596,5,1,0,26.8136167532672,3.712596523964242,737340.0219176062,591269.4839374486,734850.0379091477,693437.1564209963
2021-08-22,592511.6840291807,6,1,0,26.826474122453593,3.3253399711145257,591279.4420299596,588967.9999844852,731658.132159284,693943.3969988099
2021-08-23,741510.7670703793,0,0,0,26.81806843497633,4.582066486972147,592511.6840291807,734109.2317327927,575046.2739464997,695000.7591898937
2021-08-24,734581.763812197,1,0,0,26.637792708380942,4.165769717158631,741510.7670703793,735368.4609245224,574817.4022465002,694888.373888133
2021-08-25,730497.7747887954,2,0,0,26.521899420796178,5.409116816720638,734581.763812197,734034.4662422015,722464.6873292302,694383.1322519322
2021-08-26,734795.038593627,3,0,0,26.642564249439715,3.4394409247110276,730497.7747887954,732960.4721154064,724091.0101466969,694645.2131773921
2021-08-27,732551.7787720085,4,0,0,26.58150566893424,4.331765873015873,734795.038593627,737340.0219176062,723999.3797931807,693961.1784423068
2021-08-28,582782.676932745,5,1,0,26.578663880181125,6.162569815805111,732551.7787720085,591279.4420299596,724367.8919933962,692747.3548569905
2021-08-29,581680.2135649824,6,1,0,26.56369049963028,7.154468839686018,582782.676932745,592511.6840291807,720709.7034642461,691200.0019335336
2021-08-30,730329.1950603409,0,0,0,26.524721670066498,6.406335468343399,581680.2135649824,741510.7670703793,571705.0022998219,689602.6345035279
2021-08-31,734661.0448188947,1,0,0,26.630353678107365,3.814120161781831,730329.1950603409,734581.763812197,568856.7772311956,689613.9603616277
2021-09-01,736459.6777713968,2,0,0,26.68538080333855,3.9170663928339366,734661.0448188947,730497.7747887954,717674.7917161246,690465.6607877137
2021-09-02,738643.4503878432,3,0,0,26.717737489966726,5.761366224348741,736459.6777713968,734795.038593627,715401.2817248175,691015.4339011731
2021-09-03,735788.6228879017,4,0,0,26.6541251596424,6.1659934211512235,738643.4503878432,732551.7787720085,717470.5539267149,691477.8402034435
2021-09-04,578749.9662979221,5,1,0,26.48119628493683,6.230617311125786,735788.6228879017,582782.676932745,720047.9677836905,690901.7386841832
2021-09-05,587409.4827373592,6,1,0,26.713311684924363,6.292111523456086,578749.9662979221,581680.2135649824,719154.0955946009,691720.2057088084
2021-09-06,736661.0199634265,0,0,0,26.688390476287513,4.7156533893814965,587409.4827373592,730329.1950603409,574892.0322759317,692624.7521235349
2021-09-07,741792.9156163343,1,0,0,26.81309485528085,4.735719438563476,736661.0199634265,734661.0448188947,584208.6629276625,693643.5908088833
2021-09-08,744305.4220918562,2,0,0,26.913897113689995,5.42968161695658,741792.9156163343,736459.6777713968,738473.190735366,694764.4114260919
2021-09-09,744450.4900637744,3,0,0,26.881558664464524,5.758277027027027,744305.4220918562,738643.4503878432,740732.2258297699,695593.9885226535
2021-09-10,743621.1484204496,4,0,0,26.885067965950316,7.371183876392826,744450.4900637744,735788.6228879017,746856.6964389066,696712.9207415889
2021-09-11,581893.2557256778,5,1,0,26.551408396613876,7.209852622867328,743621.1484204496,578749.9662979221,744829.5014101821,697161.9620884111
2021-09-12,582642.6049497451,6,1,0,26.57608732506751,6.141035446522775,581893.2557256778,587409.4827373592,747910.9487341089,696480.9795473234
2021-09-13,731694.8839623686,0,0,0,26.54201671891327,4.8630223127023395,582642.6049497451,736661.0199634265,591269.4839374486,695771.5315471722
2021-09-14,730297.0978288129,1,0,0,26.529452860101372,3.270620263942103,731694.8839623686,741792.9156163343,588967.9999844852,694129.2718632406
2021-09-15,730460.4187583913,2,0,0,26.512585793835793,4.910837337739992,730297.0978288129,744305.4220918562,734109.2317327927,692151.4142441743
2021-09-16,769760.948257076,3,0,0,27.575272030651337,3.006422018348624,730460.4187583913,744450.4900637744,735368.4609245224,695767.1939860744
2021-09-17,768570.988009905,4,0,0,27.54571995464853,1.6751867064973862,769760.948257076,743621.1484204496,734034.4662422015,699331.456784568
2021-09-18,624514.310866614,5,1,0,27.688578088578094,3.006007111614588,768570.988009905,581893.2557256778,732960.4721154064,705420.1789475589
2021-09-19,640586.507194077,6,1,0,28.12347346874508,3.9667601246105924,624514.310866614,582642.6049497451,737340.0219176062,713697.8792681779
2021-09-20,788558.3335554476,0,0,0,28.086918833727342,3.603300147492625,640586.507194077,731694.8839623686,591279.4420299596,721821.2292100462
2021-09-21,788091.0942796927,1,0,0,28.050416019166022,2.4361552028218694,788558.3335554476,730297.0978288129,592511.6840291807,730077.5144173149
2021-09-22,784932.0292399782,2,0,0,27.977117985125087,2.5693930454992397,788091.0942796927,730460.4187583913,741510.7670703793,737859.1730575415
2021-09-23,752209.3741564803,3,0,0,27.102477328024776,4.783073052229741,784932.0292399782,769760.948257076,734581.763812197,735351.805328885
2021-09-24,774875.8757405808,4,0,0,27.71831203279479,5.115349650349651,752209.3741564803,768570.988009905,730497.7747887954,736252.5035761243
2021-09-25,639287.9620988537,5,1,0,28.08281619385343,2.8045925154722653,774875.8757405808,624514.310866614,734795.038593627,738363.02518073
2021-09-26,634549.8243908349,6,1,0,27.942998785252303,3.397981460150293,639287.9620988537,640586.507194077,732551.7787720085,737500.641923124
2021-09-27,784866.8392650298,0,0,0,27.95771984150768,3.6179425287356324,634549.8243908349,788558.3335554476,582782.676932745,736973.2855959216
2021-09-28,776529.0546870987,1,0,0,27.75,5.510582193756853,784866.8392650298,788091.0942796927,581680.2135649824,735321.5656541223
2021-09-29,755002.8461467519,2,0,0,27.182598926894702,5.928023088023089,776529.0546870987,784932.0292399782,730329.1950603409,731045.9680693757
2021-09-30,759386.578987234,3,0,0,27.29088788938864,4.858869138931501,755002.8461467519,752209.3741564803,734661.0448188947,732071.2830451977
2021-10-01,758161.2785468315,4,0,0,27.270578998438186,5.900708223237033,759386.578987234,774875.8757405808,736459.6777713968,729683.4834460906
2021-10-02,605027.9508266916,5,1,0,27.185577821312194,5.475089040412857,758161.2785468315,639287.9620988537,738643.4503878432,724789.1961214961
2021-10-03,607080.329060107,6,1,0,27.210485118730563,7.427932098765432,605027.9508266916,634549.8243908349,735788.6228879017,720864.9825028207
2021-10-04,750937.7895367865,0,0,0,27.066165144736573,6.362390508208274,607080.329060107,784866.8392650298,578749.9662979221,716017.9753987858
2021-10-05,755514.862317328,1,0,0,27.19717825972552,5.936053998181123,750937.7895367865,776529.0546870987,587409.4827373592,713015.94791739
2021-10-06,757516.1424209551,2,0,0,27.238227950199782,5.853288023390886,755514.862317328,755002.8461467519,736661.0199634265,713374.9902422762
2021-10-07,756177.4681544881,3,0,0,27.168679161659295,7.750260299241648,757516.1424209551,759386.578987234,741792.9156163343,712916.5458375982
2021-10-08,754186.0953289517,4,0,0,27.149836205802696,6.391725246069238,756177.4681544881,758161.2785468315,744305.4220918562,712348.6625207585
2021-10-09,601568.5391801916,5,1,0,27.06838689498788,8.551627838558963,754186.0953289517,605027.9508266916,744450.4900637744,711854.4608569725
2021-10-10,600650.8989085865,6,1,0,27.05275602132745,7.166423631499967,601568.5391801916,607080.329060107,743621.1484204496,710935.9708353268
2021-10-11,750568.7407955154,0,0,0,27.05055055055055,9.080837562837106,600650.8989085865,750937.7895367865,581893.2557256778,710883.2495865738
2021-10-12,751343.3149415106,1,0,0,27.097901023854217,9.897979341127238,750568.7407955154,755514.862317328,582642.6049497451,710287.3142471713
2021-10-13,753069.4054216369,2,0,0,27.0988727528629,9.58431315350077,751343.3149415106,757516.1424209551,731694.8839623686,709652.0661044115
2021-10-14,756024.2108476696,3,0,0,27.230938049817365,7.7572075825788795,753069.4054216369,756177.4681544881,730297.0978288129,709630.1722034374
2021-10-15,762441.9539606158,4,0,0,27.368808505386763,6.384306722689075,756024.2108476696,754186.0953289517,730460.4187583913,710809.5805793895
2021-10-16,606477.2476678612,5,1,0,27.22468155625271,8.853993744317712,762441.9539606158,601568.5391801916,769760.948257076,711510.8246490565
2021-10-17,609576.1578041484,6,1,0,27.283796787503686,7.617786168455409,606477.2476678612,600650.8989085865,768570.988009905,712785.8616341369
2021-10-18,754921.810017562,0,0,0,27.164726462761468,9.038097360471452,609576.1578041484,750568.7407955154,624514.310866614,713407.7286658578
2021-10-19,756235.1426890377,1,0,0,27.225506663029666,8.032199163860462,754921.810017562,751343.3149415106,640586.507194077,714106.5612012187
2021-10-20,757588.9486306522,2,0,0,27.258855226456106,7.739614528204466,756235.1426890377,753069.4054216369,788558.3335554476,714752.2102310781
2021-10-21,767211.6026150772,3,0,0,27.501749511020204,8.257806853817486,757588.9486306522,756024.2108476696,788091.0942796927,716350.4090549935
2021-10-22,765741.3067647358,4,0,0,27.462192801641248,7.320651342243639,767211.6026150772,762441.9539606158,784932.0292399782,716821.7451698678
2021-10-23,610637.47394578,5,1,0,27.331399779562275,8.224324437810068,765741.3067647358,606477.2476678612,752209.3741564803,717416.0632095704
2021-10-24,615672.8128382791,6,1,0,27.452898359962045,5.074599719051048,610637.47394578,609576.1578041484,774875.8757405808,718287.013928732
2021-10-25,763332.3036468924,0,0,0,27.40980825823682,7.648546349289241,615672.8128382791,754921.810017562,639287.9620988537,719488.5130186363
2021-10-26,757791.2523173763,1,0,0,27.25859114340267,8.459559417669857,763332.3036468924,756235.1426890377,634549.8243908349,719710.8143941134
2021-10-27,757404.3948852157,2,0,0,27.257028368215583,8.731602132435468,757791.2523173763,757588.9486306522,784866.8392650298,719684.4495733368
2021-10-28,755014.8927696783,3,0,0,27.186557646345506,8.802110024337603,757404.3948852157,767211.6026150772,776529.0546870987,717942.0624525653
2021-10-29,764946.1896415906,4,0,0,27.418974676117532,6.582055869428751,755014.8927696783,765741.3067647358,755002.8461467519,717828.4742921161
2021-10-30,616552.4714450664,5,1,0,27.487225492248324,6.322938434273386,764946.1896415906,610637.47394578,759386.578987234,718673.4739348713
2021-10-31,616442.9734478794,6,1,0,27.47408406608047,7.280915602013163,616552.4714450664,615672.8128382791,758161.2785468315,718783.4968790999
2021-11-01,757648.7411766612,0,0,0,27.24806124909573,7.2871731892298195,616442.9734478794,763332.3036468924,605027.9508266916,717971.5593833525
2021-11-02,752290.5169554952,1,0,0,27.119803019932586,9.052875454359462,757648.7411766612,757791.2523173763,607080.329060107,717185.7400459409
2021-11-03,760685.6156427418,2,0,0,27.31651247165533,10.068305714402838,752290.5169554952,757404.3948852157,750937.7895367865,717654.4858684448
2021-11-04,759159.0192433263,3,0,0,27.28286384976526,8.516855663749539,760685.6156427418,755014.8927696783,755514.862317328,718246.5039361088
2021-11-05,766973.926930778,4,0,0,27.496092796092796,7.878357790117864,759159.0192433263,764946.1896415906,757516.1424209551,718536.1806917068
2021-11-06,614690.4876902857,5,1,0,27.428889726814248,6.586365777220716,766973.926930778,616552.4714450664,756177.4681544881,718270.1830124526
2021-11-07,614195.8395579251,6,1,0,27.42679711731436,6.748328076360113,614690.4876902857,616442.9734478794,754186.0953289517,717949.1638853161
2021-11-08,762586.266528615,0,0,0,27.382962157362844,9.520258115411615,614195.8395579251,757648.7411766612,601568.5391801916,718654.524649881
2021-11-09,757024.4626366999,1,0,0,27.23250117820312,9.079301947159987,762586.266528615,752290.5169554952,600650.8989085865,719330.8026043389
2021-11-10,761992.4750679831,2,0,0,27.380319505344136,8.098749741159954,757024.4626366999,760685.6156427418,750568.7407955154,719517.4968079447
2021-11-11,774993.0554347197,3,0,0,27.67855026987321,7.1874023303685535,761992.4750679831,759159.0192433263,751343.3149415106,721779.5019781438
2021-11-12,773927.4928639814,4,0,0,27.69169502993783,8.793360500054488,774993.0554347197,766973.926930778,753069.4054216369,722772.86854003
2021-11-13,625368.2938405048,5,1,0,27.731137203739944,6.740106479267022,773927.4928639814,614690.4876902857,756024.2108476696,724298.2694186327
2021-11-14,624034.6583771119,6,1,0,27.690004795990713,7.577008697239495,625368.2938405048,614195.8395579251,762441.9539606158,725703.8149642309
2021-11-15,774008.0344648522,0,0,0,27.690634418901663,8.925058629326047,624034.6583771119,762586.266528615,606477.2476678612,727335.496097979
2021-11-16,777956.9816152013,1,0,0,27.795726256628864,6.504216013041357,774008.0344648522,757024.4626366999,609576.1578041484,730325.8559520507
2021-11-17,779399.1226849695,2,0,0,27.8317090806631,7.494841236220547,777956.9816152013,761992.4750679831,754921.810017562,732812.5198973344
2021-11-18,769964.1960195957,3,0,0,27.57882561882562,7.325447467432201,779399.1226849695,774993.0554347197,756235.1426890377,732094.1114094595
2021-11-19,770337.858636766,4,0,0,27.5920040520334,9.949522706924762,769964.1960195957,773927.4928639814,757588.9486306522,731581.3065198574
2021-11-20,618255.4410563045,5,1,0,27.542614285372906,7.9506290507053,770337.858636766,625368.2938405048,767211.6026150772,730565.184693543
2021-11-21,617475.3001294795,6,1,0,27.522657104435567,10.106450205114777,618255.4410563045,624034.6583771119,765741.3067647358,729628.1335153098
2021-11-22,762203.1902516561,0,0,0,27.399889846743296,8.92113137829912,617475.3001294795,774008.0344648522,610637.47394578,727941.727199139
2021-11-23,758536.4848174603,1,0,0,27.271540126540128,9.627610434978589,762203.1902516561,777956.9816152013,615672.8128382791,725167.3705137473
2021-11-24,750180.0381174015,2,0,0,27.08465036065692,9.73722107200368,758536.4848174603,779399.1226849695,763332.3036468924,720993.2155755234
2021-11-25,753405.8238347401,3,0,0,27.139349571919993,10.642024770973963,750180.0381174015,769964.1960195957,757791.2523173763,718627.7338348298
2021-11-26,752397.1528111725,4,0,0,27.084426503679378,10.719972773765965,753405.8238347401,770337.858636766,757404.3948852157,716064.775859745
2021-11-27,609563.8159021259,5,1,0,27.275825115585757,9.87883313420948,752397.1528111725,618255.4410563045,755014.8927696783,714823.1151234338
2021-11-28,610927.3363074447,6,1,0,27.33454684002129,9.286396871289336,609563.8159021259,617475.3001294795,764946.1896415906,713887.6917202858
2021-11-29,760309.904328592,0,0,0,27.307954047212434,8.553770093623035,610927.3363074447,762203.1902516561,616552.4714450664,713617.2223027053
2021-11-30,757062.7442209488,1,0,0,27.227924905776344,13.00967924488009,760309.904328592,758536.4848174603,616442.9734478794,713406.6879317751
2021-12-01,756114.4188036046,2,0,0,27.224641926611937,10.430589841996019,757062.7442209488,750180.0381174015,757648.7411766612,714254.4566012325
2021-12-02,759949.7466591927,3,0,0,27.297895482994818,9.791376682753366,756114.4188036046,753405.8238347401,752290.5169554952,715189.3027190117
2021-12-03,760529.7442737124,4,0,0,27.303892617449662,12.075345799180328,759949.7466591927,752397.1528111725,760685.6156427418,716351.1014993744
2021-12-04,607901.638534333,5,1,0,27.251881278538814,11.57003732315163,760529.7442737124,609563.8159021259,759159.0192433263,716113.6475896898
2021-12-05,609076.4279016815,6,1,0,27.238004614991535,11.162499160115567,607901.638534333,610927.3363074447,766973.926930778,715849.2321031522
2021-12-06,753864.4845935928,0,0,0,27.177663622526637,10.06924096599391,609076.4279016815,760309.904328592,614690.4876902857,714928.4578552952
2021-12-07,756519.8675100439,1,0,0,27.197751158577905,13.620551201205034,753864.4845935928,757062.7442209488,614195.8395579251,714850.9040394516
2021-12-08,754055.238183714,2,0,0,27.16573150221426,11.348938837747964,756519.8675100439,756114.4188036046,762586.266528615,714556.7353794671
2021-12-09,766020.0348838076,3,0,0,27.475104729941762,9.037790384009316,754055.238183714,759949.7466591927,757024.4626366999,715423.919411555
2021-12-10,755698.6556593542,4,0,0,27.201090874769935,8.504944814164864,766020.0348838076,760529.7442737124,761992.4750679831,714733.7638952181
2021-12-11,608632.6429741383,5,1,0,27.26309051398337,11.980252648632243,755698.6556593542,607901.638534333,774993.0554347197,714838.1931009045
2021-12-12,604915.1916078787,6,1,0,27.165618153364633,10.594199724690277,608632.6429741383,609076.4279016815,773927.4928639814,714243.7307732186
2021-12-13,747211.1868639733,0,0,0,26.980171728113405,10.646541374924881,604915.1916078787,753864.4845935928,625368.2938405048,713293.2596689871
2021-12-14,744745.0211718315,1,0,0,26.918685289732192,15.144957586147177,747211.1868639733,756519.8675100439,624034.6583771119,711611.1387635282
2021-12-15,745116.5928714557,2,0,0,26.914838124838127,12.39269005847953,744745.0211718315,754055.238183714,774008.0344648522,710334.1894332056
2021-12-16,741374.5897807203,3,0,0,26.831244038070167,11.370087766913096,745116.5928714557,766020.0348838076,777956.9816152013,706813.411561336
2021-12-17,740513.5651381834,4,0,0,26.804635135760964,11.422216998580254,741374.5897807203,755698.6556593542,779399.1226849695,704644.1129154544
2021-12-18,597925.6990599722,5,1,0,26.987568264307992,11.911670086806948,740513.5651381834,608632.6429741383,769964.1960195957,703114.549499145
2021-12-19,599627.8633365772,6,1,0,26.995085513980598,11.928307760740788,597925.6990599722,604915.1916078787,770337.858636766,702359.2168889592
2021-12-20,752436.1743241464,0,0,0,27.111180095658572,9.525048710743318,599627.8633365772,747211.1868639733,618255.4410563045,703105.6436689838
2021-12-21,750067.0202076073,1,0,0,27.057598049460115,8.51226439331278,752436.1743241464,744745.0211718315,617475.3001294795,703865.9292455232
2021-12-22,744812.3582438214,2,0,0,26.919240949050003,11.33465374079781,750067.0202076073,745116.5928714557,762203.1902516561,703822.4671558611
2021-12-23,747928.6677917843,3,0,0,26.972662192393738,13.371431130041747,744812.3582438214,741374.5897807203,758536.4848174603,704758.7640145847
2021-12-24,753949.732880159,4,0,0,27.12345776289438,9.422875816993463,747928.6677917843,740513.5651381834,750180.0381174015,706678.2165491525
2021-12-25,590899.6803918588,5,1,0,26.788154560893627,10.995598862642169,753949.732880159,597925.6990599722,753405.8238347401,705674.4995965649
2021-12-26,592732.0318250605,6,1,0,26.85860804180899,9.265463389656938,590899.6803918588,599627.8633365772,752397.1528111725,704689.3808092054
2021-12-27,741332.697962128,0,0,0,26.788900357507725,12.384912331874899,592732.0318250605,752436.1743241464,609563.8159021259,703103.1699003456
2021-12-28,751117.8373381806,1,0,0,27.070413832199545,10.57980322997416,741332.697962128,750067.0202076073,610927.3363074447,703253.2866332846
2021-12-29,748612.5387309144,2,0,0,27.004750691721302,11.038622482131254,751117.8373381806,744812.3582438214,760309.904328592,703796.1695600123
2021-12-30,753972.166042732,3,0,0,27.15293015697817,8.31581514894492,748612.5387309144,747928.6677917843,757062.7442209488,704659.5264530048
2021-12-31,742868.7429434826,4,0,0,26.873937809400314,10.056156862745098,753972.166042732,753949.732880159,756114.4188036046,703076.5278906224
2022-01-01,629588.5132022073,5,1,0,26.830170981606226,15.336765837364547,742868.7429434826,590899.6803918588,759949.7466591927,708603.5040063865
2022-01-02,628529.450603229,6,1,0,26.806436781609197,11.78148761598037,629588.5132022073,592732.0318250605,760529.7442737124,713717.4209746962
2022-01-03,787927.2247615262,0,0,0,26.80876936103299,11.307124796625532,628529.450603229,741332.697962128,607901.638534333,720373.7819460388
2022-01-04,793486.8169519153,1,0,0,26.930833675877295,12.750901206426677,787927.2247615262,751117.8373381806,609076.4279016815,726426.4933194295
2022-01-05,788834.6897900525,2,0,0,26.85438145197196,10.990485228241726,793486.8169519153,748612.5387309144,753864.4845935928,732172.5148993063
2022-01-06,789583.439447436,3,0,0,26.834429223744294,10.633841115991851,788834.6897900525,753972.166042732,756519.8675100439,737259.839671407
2022-01-07,794089.4856511,4,0,0,26.942947245986762,9.650824116802145,789583.439447436,742868.7429434826,754055.238183714,744577.0886296381
2022-01-08,634683.9558351913,5,1,0,26.958239838799596,10.640547802917402,794089.4856511,629588.5132022073,766020.0348838076,745305.0090057786
2022-01-09,627361.7849573712,6,1,0,26.77394103911961,10.303183552938977,634683.9558351913,628529.450603229,755698.6556593542,745138.199627799
2022-01-10,781171.292646865,0,0,0,26.625798212005108,10.369902106623393,627361.7849573712,787927.2247615262,608632.6429741383,744173.0664685618
2022-01-11,777888.6331944545,1,0,0,26.572227658186563,12.872813745227353,781171.292646865,793486.8169519153,604915.1916078787,741944.7545032101
2022-01-12,781897.8999053553,2,0,0,26.65688090000766,13.723516931432664,777888.6331944545,788834.6897900525,747211.1868639733,740953.7845196819
2022-01-13,785077.1716278936,3,0,0,26.715960204809125,11.829218304233711,781897.8999053553,789583.439447436,744745.0211718315,740310.0319740329
2022-01-14,778628.4043718262,4,0,0,26.555617319846533,12.526965326340326,785077.1716278936,794089.4856511,745116.5928714557,738101.3060769939
2022-01-15,620359.7293778955,5,1,0,26.608196290203225,10.796040949832209,778628.4043718262,634683.9558351913,741374.5897807203,736054.9880116658
2022-01-16,621100.1951595818,6,1,0,26.61300446998723,12.138652173024083,620359.7293778955,627361.7849573712,740513.5651381834,735160.4751834103
2022-01-17,786142.7710850035,0,0,0,26.787996012605316,9.303640983191924,621100.1951595818,781171.292646865,597925.6990599722,735870.6863888586
2022-01-18,786905.6697945601,1,0,0,26.774785698316887,13.23789949223417,786142.7710850035,777888.6331944545,599627.8633365772,737158.834474588
2022-01-19,790624.7388521213,2,0,0,26.85487388250319,8.485018541448698,786905.6697945601,781897.8999053553,752436.1743241464,738405.5257526974
2022-01-20,788835.4986777678,3,0,0,26.82940481813888,10.127538765085497,790624.7388521213,785077.1716278936,750067.0202076073,738942.4296169652
2022-01-21,788522.5013359751,4,0,0,26.812172733077904,13.873464243015354,788835.4986777678,778628.4043718262,744812.3582438214,740355.872040415
2022-01-22,630128.1351604941,5,1,0,26.82510391435049,12.336034286437247,788522.5013359751,620359.7293778955,747928.6677917843,741751.3585807864
2022-01-23,636154.7999950348,6,1,0,26.9891104994705,14.022766690425279,630128.1351604941,621100.1951595818,753949.732880159,743902.0164144224
2022-01-24,793268.3020144606,0,0,0,26.96382492956378,7.945932855023764,636154.7999950348,786142.7710850035,590899.6803918588,744919.9494043448
2022-01-25,795761.8873390362,1,0,0,26.998821638131982,10.082717209690893,793268.3020144606,786905.6697945601,592732.0318250605,746185.1233392701
2022-01-26,799051.3594853731,2,0,0,27.096992802990602,9.60813014970769,795761.8873390362,790624.7388521213,741332.697962128,747388.9262868774
2022-01-27,799099.2808662677,3,0,0,27.09925109590335,9.964227308529244,799051.3594853731,788835.4986777678,751117.8373381806,748855.1808852346
2022-01-28,801030.1478863215,4,0,0,27.156184434191356,8.806341551754395,799099.2808662677,788522.5013359751,748612.5387309144,750641.987535284
2022-01-29,638377.9413923951,5,1,0,27.03398934005948,10.746432255349182,801030.1478863215,630128.1351604941,753972.166042732,751820.5312826985
2022-01-30,632124.8003195376,6,1,0,26.884725574999134,10.361027037933818,638377.9413923951,636154.7999950348,742868.7429434826,751244.8170433417
2022-01-31,791791.110670646,0,0,0,26.908708254991495,9.375653219538144,632124.8003195376,793268.3020144606,629588.5132022073,751033.7897085111
2022-02-01,791160.9402708999,1,0,0,26.862570570570572,10.985806401413612,791791.110670646,795761.8873390362,628529.450603229,750376.5115559201
2022-02-02,787620.565213508,2,0,0,26.786770478054237,12.070301176264813,791160.9402708999,799051.3594853731,787927.2247615262,748743.5409456537
2022-02-03,788971.0113957921,3,0,0,26.814041366600094,10.815022222222224,787620.565213508,799099.2808662677,793486.8169519153,747296.6453070145
2022-02-04,791323.0474818982,4,0,0,26.891578544061304,10.690960465879265,788971.0113957921,801030.1478863215,788834.6897900525,745909.9166778111
2022-02-05,624057.1208068874,5,1,0,26.704045784578252,10.201677891038813,791323.0474818982,638377.9413923951,789583.439447436,743864.0851655955
2022-02-06,626624.284991378,6,1,0,26.740749826429067,11.98407651967839,624057.1208068874,632124.8003195376,794089.4856511,743078.2972615727
2022-02-07,780590.038794655,0,0,0,26.62296803652968,10.975777983829424,626624.284991378,791791.110670646,634683.9558351913,741478.1441364313
2022-02-08,784552.9604131909,1,0,0,26.725792870137777,16.565973092876416,780590.038794655,791160.9402708999,627361.7849573712,740534.1470139014
2022-02-09,781402.2176665701,2,0,0,26.64893842736309,10.62694698535764,784552.9604131909,787620.565213508,781171.292646865,739645.811650053
2022-02-10,783185.1982891952,3,0,0,26.698522573450145,12.48870694238208,781402.2176665701,788971.0113957921,777888.6331944545,738819.2669205392
2022-02-11,782575.8210572435,4,0,0,26.693138286888285,11.076539528708928,783185.1982891952,791323.0474818982,781897.8999053553,737569.6631455886
2022-02-12,629230.5345620688,5,1,0,26.800103865747214,11.886948784793162,782575.8210572435,624057.1208068874,785077.1716278936,738308.7222534716
2022-02-13,632904.6462424435,6,1,0,26.903439729483665,9.640095849186759,629230.5345620688,626624.284991378,778628.4043718262,739205.9167179095
2022-02-14,792875.5464055184,0,0,0,26.942410889150022,8.103039454514475,632904.6462424435,780590.038794655,620359.7293778955,740960.9892337471
2022-02-15,785409.3633432114,1,0,0,26.73430863325649,11.318236742298224,792875.5464055184,784552.9604131909,621100.1951595818,741083.3325094645
2022-02-16,786104.7442810779,2,0,0,26.773737296045805,14.441735303617572,785409.3633432114,781402.2176665701,786142.7710850035,741755.1220258226
2022-02-17,784558.350542141,3,0,0,26.706420609902153,12.862786701505149,786104.7442810779,783185.1982891952,786905.6697945601,741951.2866333864
2022-02-18,783409.8621282532,4,0,0,26.72491698350461,12.226470380449372,784558.350542141,782575.8210572435,790624.7388521213,742070.4353578163
2022-02-19,633209.7704303444,5,1,0,26.931088462714076,8.349618963412068,783409.8621282532,629230.5345620688,788835.4986777678,742638.8976247128
2022-02-20,629800.4207680486,6,1,0,26.844205752202328,11.949761904761905,633209.7704303444,632904.6462424435,788522.5013359751,742195.4368426565
2022-02-21,791973.2190393291,0,0,0,26.88417366946779,10.810847455244945,629800.4207680486,792875.5464055184,630128.1351604941,742066.5329332008
2022-02-22,792622.9884083299,1,0,0,26.899002915074345,10.478377855207123,791973.2190393291,785409.3633432114,636154.7999950348,743097.0507996463
2022-02-23,791288.3067814023,2,0,0,26.88374609172909,11.898955637283322,792622.9884083299,786104.7442810779,793268.3020144606,743837.559728264
2022-02-24,794206.1508568123,3,0,0,26.95448224086155,10.468531141406041,791288.3067814023,784558.350542141,795761.8873390362,745215.8169160743
2022-02-25,796579.5434357101,4,0,0,27.042622188426396,10.429595006583831,794206.1508568123,783409.8621282532,799051.3594853731,747097.1999599967
2022-02-26,637674.4527171177,5,1,0,27.013952308472856,8.8332590501659,796579.5434357101,633209.7704303444,799099.2808662677,747735.0117152501
2022-02-27,645104.9437631094,6,1,0,27.22416105719677,8.637804550753893,637674.4527171177,629800.4207680486,801030.1478863215,749921.3721431158
2022-02-28,803049.776783578,0,0,0,27.16909998805619,8.903407315504088,645104.9437631094,791973.2190393291,638377.9413923951,751503.7375351514
2022-03-01,796147.1823727203,1,0,0,27.00355166616565,11.506768033154122,803049.776783578,792622.9884083299,632124.8003195376,752007.1938157786
2022-03-02,796426.9186465014,2,0,0,26.99830955955956,12.264218259863062,796147.1823727203,791288.3067814023,791791.110670646,752741.2812250784
2022-03-03,796320.842692235,3,0,0,27.008673114254947,12.626144269045986,796426.9186465014,794206.1508568123,791160.9402708999,753043.3800587103
2022-03-04,804363.1954459469,4,0,0,27.23816858237548,11.569973735167162,796320.842692235,796579.5434357101,787620.565213508,754155.3303458869
2022-03-05,630515.4877432847,5,1,0,26.862447637292462,11.779414451877832,804363.1954459469,637674.4527171177,788971.0113957921,753132.6210639107
2022-03-06,626083.8855543238,6,1,0,26.742714653428937,11.95017422982498,630515.4877432847,645104.9437631094,791323.0474818982,750415.3270340842
2022-03-07,784073.5339347289,0,0,0,26.70513063559544,12.795117609663064,626083.8855543238,803049.776783578,624057.1208068874,747704.4351985344
2022-03-08,786207.6581674678,1,0,0,26.77418321238571,11.879813942307692,784073.5339347289,796147.1823727203,626624.284991378,746284.5031692127
2022-03-09,791254.3542323158,2,0,0,26.872235562496414,10.816318044923904,786207.6581674678,796426.9186465014,780590.038794655,745545.5653957576
2022-03-10,792746.2050710394,3,0,0,26.914564814814813,11.084915190314556,791254.3542323158,796320.842692235,784552.9604131909,745034.9028784438
2022-03-11,795735.0161619756,4,0,0,26.996474578605454,11.229009829612515,792746.2050710394,804363.1954459469,781402.2176665701,743802.3058378765
2022-03-12,638962.377737623,5,1,0,27.08176398962823,9.594077406631332,795735.0161619756,630515.4877432847,783185.1982891952,745009.0044084964
2022-03-13,632774.2441260671,6,1,0,26.904085881183196,10.359458841107532,638962.377737623,626083.8855543238,782575.8210572435,745964.7699187454
