Date,Demand_MWh,Day_of_Week,Is_Weekend,Is_Holiday,Avg_Temp,Rainfall,Lag_1,Lag_7,Lag_30,Rolling_7,GDP,Population,Industrial_Index,Prophet_Residuals,Hybrid_Prediction
2019-01-01,717518.9629042461,1,0,0,26.82536231884058,9.250420168067226,711326.7121570602,712218.2131033223,544763.8090189267,668848.8487895897,1119.0998713502,272489381.0,105.55434707834333,5653.357781180181,707633.3385309036
2019-01-02,673370.3351241486,2,0,0,26.662068965517243,9.628148148148147,717518.9629042461,663674.2165773321,693421.9041955355,670234.0085819921,1119.0998713502,272489381.0,105.55434707834333,-39778.164033894194,702187.3891422405
2019-01-03,686148.8348327394,3,0,0,26.828,13.377868852459017,673370.3351241486,696786.5601408192,679721.9892084507,668714.3335379807,1119.0998713502,272489381.0,105.55434707834333,-26873.13751335605,695345.6472607274
2019-01-04,678852.5990629982,4,0,0,27.08827586206897,12.1070796460177,686148.8348327394,750366.2671257637,691559.3155751906,658498.0952433,1119.0998713502,272489381.0,105.55434707834333,-35380.21167684998,678328.860717334
2019-01-05,619608.4593442099,5,1,0,27.217361111111114,8.1890756302521,678852.5990629982,568681.4113741752,653203.2493482004,665773.3878104478,1119.0998713502,272489381.0,105.55434707834333,52478.68503174279,574177.5256683044
2019-01-06,618682.7069251192,6,1,0,27.27241379310345,8.815454545454546,619608.4593442099,573587.811247732,696884.2176739781,672215.5157643602,1119.0998713502,272489381.0,105.55434707834333,51139.358043038636,589161.9428009471
2019-01-07,680412.3387129925,0,0,0,27.321768707482995,5.382677165354331,618682.7069251192,711326.7121570602,548991.1622297682,667799.176700922,1119.0998713502,272489381.0,105.55434707834333,-38246.8314838598,700324.2551894524
2019-01-08,804170.8602113042,1,0,0,27.20958904109589,10.11967213114754,680412.3387129925,717518.9629042461,615308.5049678552,680178.0191733588,1119.0998713502,272489381.0,105.55434707834333,82456.10889825237,738099.4713631672
2019-01-09,774006.8691811565,2,0,0,26.962937062937065,11.848275862068968,804170.8602113042,673370.3351241486,653090.2052512758,694554.6668957885,1119.0998713502,272489381.0,105.55434707834333,50350.40582405648,734417.7464495205
2019-01-10,778296.7548200149,3,0,0,27.022222222222226,9.953125,774006.8691811565,686148.8348327394,734411.0457600799,707718.6554653993,1119.0998713502,272489381.0,105.55434707834333,54208.50576064619,744823.1499249269
2019-01-11,637665.2984050816,4,0,0,27.19931506849315,7.9632,778296.7548200149,678852.5990629982,723208.8014335494,701834.7553714113,1119.0998713502,272489381.0,105.55434707834333,-88078.84909460228,714279.4514819033
2019-01-12,554842.787111928,5,1,0,27.13006993006993,8.050413223140495,637665.2984050816,619608.4593442099,653773.9548392827,692582.5164810853,1119.0998713502,272489381.0,105.55434707834333,-24119.13972812658,579980.3030402627
2019-01-13,534544.3593648204,6,1,0,26.976258992805754,11.668503937007875,554842.787111928,618682.7069251192,642312.9637649992,680562.7525438998,1119.0998713502,272489381.0,105.55434707834333,-45018.78950837103,565744.1609124761
2019-01-14,689932.8710565991,0,0,0,26.53380281690141,13.145384615384616,534544.3593648204,680412.3387129925,552091.297157264,681922.8285929865,1119.0998713502,272489381.0,105.55434707834333,-40793.99106675596,708458.5038102322
2019-01-15,758009.4412042812,1,0,0,26.511347517730496,15.106766917293234,689932.8710565991,804170.8602113042,558561.3725218383,675328.3401634117,1119.0998713502,272489381.0,105.55434707834333,24322.894121484598,727574.1320516815
2019-01-16,667785.605584935,2,0,0,26.40138888888889,17.44233576642336,758009.4412042812,774006.8691811565,736177.3488811452,660153.87393538,1119.0998713502,272489381.0,105.55434707834333,-67601.65176480985,683628.237483566
2019-01-17,710037.4591745536,3,0,0,26.46056338028169,10.36190476190476,667785.605584935,778296.7548200149,765382.3811863159,650402.5459860284,1119.0998713502,272489381.0,105.55434707834333,-25396.971961687203,713708.205333188
2019-01-18,696765.1195303202,4,0,0,26.645,17.503125,710037.4591745536,637665.2984050816,738277.5132024321,658845.3775753481,1119.0998713502,272489381.0,105.55434707834333,-39801.328675750294,711369.7959353692
2019-01-19,562762.4198039054,5,1,0,26.87013888888889,7.392857142857143,696765.1195303202,554842.787111928,693306.5810886516,659976.7536742022,1119.0998713502,272489381.0,105.55434707834333,-26365.80747740739,574541.3507268967
2019-01-20,531023.8135032494,6,1,0,26.80890410958904,9.5900826446281,562762.4198039054,534544.3593648204,693870.8956541454,659473.8185511205,1119.0998713502,272489381.0,105.55434707834333,-57927.374193675816,562030.9993639538
2019-01-21,677010.4219363761,0,0,0,26.541379310344823,15.545985401459856,531023.8135032494,689932.8710565991,531562.9357425872,657627.7543910888,1119.0998713502,272489381.0,105.55434707834333,-62216.35177908989,691082.1576533611
2019-01-22,696791.4774153506,1,0,0,26.342142857142857,18.526153846153846,677010.4219363761,758009.4412042812,515710.6675864563,648882.33099267,1119.0998713502,272489381.0,105.55434707834333,-44411.69100268127,718624.1592952439
2019-01-23,677217.4245948258,2,0,0,26.85323741007194,17.195,696791.4774153506,667785.605584935,655954.6629675488,650229.7337083687,1119.0998713502,272489381.0,105.55434707834333,-64624.721304350416,710996.1843384012
2019-01-24,756234.9113012938,3,0,0,26.88972602739726,8.27142857142857,677217.4245948258,710037.4591745536,712218.2131033223,656829.3697264745,1119.0998713502,272489381.0,105.55434707834333,15467.368633843027,717436.0325022527
2019-01-25,699040.3861311009,4,0,0,26.80413793103448,11.122556390977444,756234.9113012938,696765.1195303202,663674.2165773321,657154.4078123003,1119.0998713502,272489381.0,105.55434707834333,-41697.044955748366,701143.0947089925
2019-01-26,676203.0378326648,5,1,0,27.080689655172417,10.08235294117647,699040.3861311009,562762.4198039054,696786.5601408192,673360.2103878374,1119.0998713502,272489381.0,105.55434707834333,84085.73901354906,620771.354750047
2019-01-27,596674.0077947989,6,1,0,26.55352112676056,10.088617886178865,676203.0378326648,531023.8135032494,750366.2671257637,682738.8095723444,1119.0998713502,272489381.0,105.55434707834333,5914.439904649858,598012.7966758405
2019-01-28,725975.2479693784,0,0,0,26.66549295774648,12.867460317460315,596674.0077947989,677010.4219363761,568681.4113741752,689733.7847199162,1119.0998713502,272489381.0,105.55434707834333,-13901.414353614324,722005.8171993801
2019-01-29,644615.3577701958,1,0,0,26.42569444444445,9.66015037593985,725975.2479693784,696791.4774153506,573587.811247732,682280.0533420369,1119.0998713502,272489381.0,105.55434707834333,-96121.90442920243,712640.4621330636
2019-01-30,763076.2125636222,2,0,0,26.629078014184397,13.1875,644615.3577701958,677217.4245948258,711326.7121570602,694545.5944804364,1119.0998713502,272489381.0,105.55434707834333,22753.50859396532,748186.4061119471
2019-01-31,661946.9813256197,3,0,0,26.641666666666666,9.63658536585366,763076.2125636222,756234.9113012938,717518.9629042461,681075.8901981972,1119.0998713502,272489381.0,105.55434707834333,-76328.03754624538,695332.535369278
2019-02-01,716135.1158209742,4,0,0,26.64391891891892,10.705645161290322,661946.9813256197,699040.3861311009,673370.3351241486,683517.9944396077,1119.0998713502,272489381.0,101.66639725716328,-21233.587025914807,728556.4476988729
2019-02-02,622534.274574415,5,1,0,26.742,15.603174603174605,716135.1158209742,676203.0378326648,686148.8348327394,675851.0282598577,1119.0998713502,272489381.0,101.66639725716328,34550.74279612466,587315.2237991592
2019-02-03,565428.0023588587,6,1,0,26.85244755244755,11.088,622534.274574415,596674.0077947989,678852.5990629982,671387.3131975805,1119.0998713502,272489381.0,101.66639725716328,-20555.762273230357,568126.747786765
2019-02-04,754833.1707746158,0,0,0,26.694482758620687,7.01,565428.0023588587,725975.2479693784,619608.4593442099,675509.8735983288,1119.0998713502,272489381.0,101.66639725716328,20242.219552434166,747204.4072853301
2019-02-05,687090.3967434871,1,0,0,26.634965034965035,11.624806201550388,754833.1707746158,644615.3577701958,618682.7069251192,681577.736308799,1119.0998713502,272489381.0,101.66639725716328,-47989.592169104144,702791.1482971676
2019-02-06,716963.8399914949,2,0,0,26.753793103448277,10.270992366412214,687090.3967434871,763076.2125636222,680412.3387129925,674990.2545127807,1119.0998713502,272489381.0,101.66639725716328,-17471.552999083302,720606.7572464406
2019-02-07,812844.8143516551,3,0,0,26.94689655172414,10.49349593495935,716963.8399914949,661946.9813256197,804170.8602113042,696547.0878022144,1119.0998713502,272489381.0,101.66639725716328,80545.53849862039,782940.718117213
2019-02-08,698260.6484442723,4,0,0,26.80141843971631,11.846280991735538,812844.8143516551,716135.1158209742,774006.8691811565,693993.5924626855,1119.0998713502,272489381.0,101.66639725716328,-33182.48149685876,715981.3862266596
2019-02-09,613749.3188101656,5,1,0,26.792307692307695,12.720661157024791,698260.6484442723,622534.274574415,778296.7548200149,692738.5987820785,1119.0998713502,272489381.0,101.66639725716328,31508.590780347935,597767.097583011
2019-02-10,604648.0983073317,6,1,0,26.728859060402684,12.278947368421052,613749.3188101656,565428.0023588587,637665.2984050816,698341.4696318604,1119.0998713502,272489381.0,101.66639725716328,24100.616849846323,596443.6302727342
2019-02-11,708429.3967808265,0,0,0,26.597902097902097,11.69236641221374,604648.0983073317,754833.1707746158,554842.787111928,691712.359061319,1119.0998713502,272489381.0,101.66639725716328,-21144.072533142753,722140.4901120835
2019-02-12,704996.6364458343,1,0,0,26.697916666666668,12.82279411764706,708429.3967808265,687090.3967434871,534544.3593648204,694270.3933045116,1119.0998713502,272489381.0,101.66639725716328,-25583.141114493832,723131.9108491223
2019-02-13,759882.521341702,2,0,0,26.84931506849315,9.476859504132232,704996.6364458343,716963.8399914949,689932.8710565991,700401.6334973982,1119.0998713502,272489381.0,101.66639725716328,29347.415362593252,755319.2641015555
2019-02-14,751850.426716864,3,0,0,26.91304347826087,5.912844036697248,759882.521341702,812844.8143516551,758009.4412042812,691688.149549571,1119.0998713502,272489381.0,101.66639725716328,22786.296774401097,727814.5863158518
2019-02-15,648910.5379458627,4,0,0,26.785915492957745,8.56,751850.426716864,698260.6484442723,667785.605584935,684638.1337640837,1119.0998713502,272489381.0,101.66639725716328,-80009.16470058484,685492.6396627957
2019-02-16,569393.4058623863,5,1,0,26.63943661971831,11.5515625,648910.5379458627,613749.3188101656,710037.4591745536,678301.574771544,1119.0998713502,272489381.0,101.66639725716328,-11062.79538841697,567161.4023826071
2019-02-17,552667.8636629435,6,1,0,26.663636363636364,14.51732283464567,569393.4058623863,604648.0983073317,696765.1195303202,670875.8269652027,1119.0998713502,272489381.0,101.66639725716328,-26841.483031077194,566651.1041330092
2019-02-18,707141.2172620541,0,0,0,26.686986301369863,12.595238095238097,552667.8636629435,708429.3967808265,562762.4198039054,670691.8013196638,1119.0998713502,272489381.0,101.66639725716328,-22128.48177452339,727406.1102831552
2019-02-19,761015.9940201937,1,0,0,27.64206896551724,7.444827586206896,707141.2172620541,704996.6364458343,531023.8135032494,678694.5666874294,1119.0998713502,272489381.0,101.66639725716328,30036.537996998755,737414.349831998
2019-02-20,726201.338049299,2,0,0,27.02867132867133,8.5,761015.9940201937,759882.521341702,677010.4219363761,673882.969074229,1119.0998713502,272489381.0,101.66639725716328,-5388.163659660728,707422.7560857912
2019-02-21,646106.4756815357,3,0,0,26.938235294117646,7.714634146341464,726201.338049299,751850.426716864,696791.4774153506,658776.6903548965,1119.0998713502,272489381.0,101.66639725716328,-84601.7058341367,688574.3576390289
2019-02-22,700112.4816801446,4,0,0,26.92638888888889,8.276190476190475,646106.4756815357,648910.5379458627,677217.4245948258,666091.2537455081,1119.0998713502,272489381.0,101.66639725716328,-30961.39781642903,718598.4798415618
2019-02-23,624296.821868007,5,1,0,26.987142857142857,7.742622950819673,700112.4816801446,569393.4058623863,756234.9113012938,673934.5988891682,1119.0998713502,272489381.0,101.66639725716328,41268.12952540128,601396.2279923862
2019-02-24,572674.4817862856,6,1,0,26.97448275862069,10.593023255813954,624296.821868007,552667.8636629435,699040.3861311009,676792.6871925028,1119.0998713502,272489381.0,101.66639725716328,-9724.040401297156,584390.6686880188
2019-02-25,747925.0344389323,0,0,0,27.285714285714285,6.12824427480916,572674.4817862856,707141.2172620541,676203.0378326648,682618.9467891996,1119.0998713502,272489381.0,101.66639725716328,15558.25070782681,736050.8300489408
2019-02-26,719554.5642837546,1,0,0,27.4,6.241509433962264,747925.0344389323,761015.9940201937,596674.0077947989,676695.8853982798,1119.0998713502,272489381.0,101.66639725716328,-14616.784289767384,721792.0652183441
2019-02-27,738705.5536480678,2,0,0,27.455944055944055,5.085840707964602,719554.5642837546,726201.338049299,725975.2479693784,678482.2019123897,1119.0998713502,272489381.0,101.66639725716328,3943.883200737764,736535.3274890992
2019-02-28,699698.0900616656,3,0,0,27.298591549295775,9.236290322580643,738705.5536480678,646106.4756815357,644615.3577701958,686138.1468238367,1119.0998713502,272489381.0,101.66639725716328,-34049.476216528914,716020.6355048203
2019-03-01,691204.5174045713,4,0,0,26.96923076923077,13.633333333333333,699698.0900616656,700112.4816801446,763076.2125636222,684865.5804987549,1119.0998713502,272489381.0,102.4656572927204,-42667.21172736725,726710.8117897555
2019-03-02,603109.3388230823,5,1,0,26.875694444444445,14.64817518248175,691204.5174045713,624296.821868007,661946.9813256197,681838.7972066227,1119.0998713502,272489381.0,102.4656572927204,17626.06905489904,587941.010566973
2019-03-03,558384.8758722853,6,1,0,26.770068027210883,9.4488,603109.3388230823,572674.4817862856,716135.1158209742,679797.4249331942,1119.0998713502,272489381.0,102.4656572927204,-26032.736398326466,577645.9627605526
2019-03-04,777531.2879195553,0,0,0,27.095172413793104,9.488188976377952,558384.8758722853,747925.0344389323,622534.274574415,684026.8897161402,1119.0998713502,272489381.0,102.4656572927204,43661.34307113872,758441.506691723
2019-03-05,690516.5343985157,1,0,0,26.93862068965517,11.049180327868852,777531.2879195553,719554.5642837546,565428.0023588587,679878.5997325347,1119.0998713502,272489381.0,102.4656572927204,-44575.32087015058,705517.028499081
2019-03-06,656625.0661791574,2,0,0,26.517687074829933,11.25,690516.5343985157,738705.5536480678,754833.1707746158,668152.8158084046,1119.0998713502,272489381.0,102.4656572927204,-78423.03641270753,694223.5073353172
2019-03-07,691674.7743644827,3,0,0,26.63655172413793,11.391735537190083,656625.0661791574,699698.0900616656,687090.3967434871,667006.6278516642,1119.0998713502,272489381.0,102.4656572927204,-41690.23479520716,701157.9815372458
2019-03-08,758777.2380446346,4,0,0,26.86344827586207,11.306923076923075,691674.7743644827,691204.5174045713,716963.8399914949,676659.8736573877,1119.0998713502,272489381.0,102.4656572927204,25974.679294449743,741755.7038290281
2019-03-09,566280.4394701438,5,1,0,27.00567375886525,5.666393442622951,758777.2380446346,603109.3388230823,812844.8143516551,671398.6023212535,1119.0998713502,272489381.0,102.4656572927204,-17447.068395676906,574467.4879099899
2019-03-10,532747.6268758125,6,1,0,26.740277777777777,9.297709923664122,566280.4394701438,558384.8758722853,698260.6484442723,667736.1381789002,1119.0998713502,272489381.0,102.4656572927204,-49245.21974654158,563308.9121481054
2019-03-11,725004.9780329297,0,0,0,26.57361111111111,10.47063492063492,532747.6268758125,777531.2879195553,613749.3188101656,660232.379623668,1119.0998713502,272489381.0,102.4656572927204,-5805.842732193996,713085.6655234484
2019-03-12,793904.290594552,1,0,0,26.789285714285715,9.098496240601502,725004.9780329297,690516.5343985157,604648.0983073317,675002.0590802446,1119.0998713502,272489381.0,102.4656572927204,62455.13567575149,739779.2197948417
2019-03-13,723385.8347395345,2,0,0,26.865277777777777,9.691735537190082,793904.290594552,656625.0661791574,708429.3967808265,684539.3117317271,1119.0998713502,272489381.0,102.4656572927204,-7501.603971975273,708518.5954796061
2019-03-14,727552.4189403398,3,0,0,26.838194444444444,11.748175182481752,723385.8347395345,691674.7743644827,704996.6364458343,689664.6895282781,1119.0998713502,272489381.0,102.4656572927204,-1212.7500403780723,740856.1147977804
2019-03-15,709092.9567771822,4,0,0,26.8612676056338,6.518032786885247,727552.4189403398,758777.2380446346,759882.521341702,682566.9350614992,1119.0998713502,272489381.0,102.4656572927204,-18760.585484124254,715957.3452841569
2019-03-16,572158.3533174027,5,1,0,26.786713286713287,9.19527559055118,709092.9567771822,566280.4394701438,751850.426716864,683406.637039679,1119.0998713502,272489381.0,102.4656572927204,-6369.958321271231,578972.5124329239
2019-03-17,568206.2270944881,6,1,0,26.628873239436626,13.656,572158.3533174027,532747.6268758125,648910.5379458627,688472.1513566327,1119.0998713502,272489381.0,102.4656572927204,-8442.823123605805,573068.1918201252
2019-03-18,725551.8237624706,0,0,0,26.81793103448276,13.296899224806202,568206.2270944881,725004.9780329297,569393.4058623863,688550.2721751386,1119.0998713502,272489381.0,102.4656572927204,119.78672555694357,732751.5752126317
2019-03-19,706914.7749024191,1,0,0,27.100684931506848,9.263636363636364,725551.8237624706,793904.290594552,552667.8636629435,676123.1985048337,1119.0998713502,272489381.0,102.4656572927204,-19231.633362874156,707591.9977485649
2019-03-20,775189.8997796492,2,0,0,27.337671232876712,7.95,706914.7749024191,723385.8347395345,707141.2172620541,683523.7792248502,1119.0998713502,272489381.0,102.4656572927204,49419.36332806607,739908.2960129672
2019-03-21,681083.0337679434,3,0,0,27.29448275862069,4.862280701754385,775189.8997796492,727552.4189403398,761015.9940201937,676885.2956287935,1119.0998713502,272489381.0,102.4656572927204,-42857.09672374523,699281.5392931122
2019-03-22,724737.1866993343,4,0,0,27.52551724137931,8.178048780487805,681083.0337679434,709092.9567771822,726201.338049299,679120.1856176725,1119.0998713502,272489381.0,102.4656572927204,1317.0383092493284,726712.506506075
2019-03-23,541577.6791835994,5,1,0,27.395804195804196,9.09621212121212,724737.1866993343,572158.3533174027,646106.4756815357,674751.517884272,1119.0998713502,272489381.0,102.4656572927204,-33000.15403298999,574283.1192457401
2019-03-24,620905.5474566276,6,1,0,27.17013888888889,9.535483870967743,541577.6791835994,568206.2270944881,700112.4816801446,682279.9922217205,1119.0998713502,272489381.0,102.4656572927204,47643.33805750788,588939.7486788197
2019-03-25,712204.4577889519,0,0,0,27.18758620689655,9.545528455284552,620905.5474566276,725551.8237624706,624296.821868007,680373.225654075,1119.0998713502,272489381.0,102.4656572927204,-10472.79098274128,717094.5663376077
2019-03-26,739959.7990180997,1,0,0,27.182517482517483,6.277310924369748,712204.4577889519,706914.7749024191,572674.4817862856,685093.9433848865,1119.0998713502,272489381.0,102.4656572927204,15881.457314424682,732281.2930448723
2019-03-27,673036.3397573747,2,0,0,27.12867132867133,9.987878787878788,739959.7990180997,775189.8997796492,747925.0344389323,670500.5776674188,1119.0998713502,272489381.0,102.4656572927204,-51392.687859393656,683949.8214048945
2019-03-28,754619.5362287017,3,0,0,26.95138888888889,11.100813008130082,673036.3397573747,681083.0337679434,719554.5642837546,681005.7923046699,1119.0998713502,272489381.0,102.4656572927204,31270.06779179338,729746.9172251875
2019-03-29,778069.6940574315,4,0,0,27.2387323943662,9.375,754619.5362287017,724737.1866993343,738705.5536480678,688624.7219272553,1119.0998713502,272489381.0,102.4656572927204,54480.94661220978,730936.7340240084
2019-03-30,549404.0012564946,5,1,0,27.11748251748252,9.021259842519685,778069.6940574315,541577.6791835994,699698.0900616656,689742.7679376688,1119.0998713502,272489381.0,102.4656572927204,-26094.292872409336,558614.051851302
2019-03-31,586647.8994478424,6,1,0,27.037062937062935,9.153543307086617,549404.0012564946,620905.5474566276,691204.5174045713,684848.8182221281,1119.0998713502,272489381.0,102.4656572927204,11736.137050491758,574880.0422411129
2019-04-01,707558.1754396862,0,0,0,26.672222222222224,8.795238095238096,586647.8994478424,712204.4577889519,603109.3388230823,684185.0636008044,1119.0998713502,272489381.0,105.21345311053211,-17460.38666297507,717242.2714910217
2019-04-02,740204.940820688,1,0,0,26.76891891891892,12.097037037037037,707558.1754396862,739959.7990180997,558384.8758722853,684220.083858317,1119.0998713502,272489381.0,105.21345311053211,13144.2705881726,729501.3084171936
2019-04-03,795174.3714568259,2,0,0,26.967586206896552,10.97984496124031,740204.940820688,673036.3397573747,777531.2879195553,701668.3741010957,1119.0998713502,272489381.0,105.21345311053211,67184.70360018476,771600.1396858875
2019-04-04,726299.4083540472,3,0,0,27.27432432432432,7.6140495867768605,795174.3714568259,754619.5362287017,690516.5343985157,697622.6415475737,1119.0998713502,272489381.0,105.21345311053211,-1116.070763753145,723357.8745121561
2019-04-05,681342.090688192,4,0,0,26.959999999999997,11.3765625,726299.4083540472,778069.6940574315,656625.0661791574,683804.4124948252,1119.0998713502,272489381.0,105.21345311053211,-46736.7978820476,705132.2568243855
2019-04-06,630375.1441801931,5,1,0,27.30344827586207,8.549606299212599,681342.090688192,549404.0012564946,691674.7743644827,695371.7186267821,1119.0998713502,272489381.0,105.21345311053211,50050.01159382786,611078.9750406723
2019-04-07,612416.5626325236,6,1,0,27.500694444444445,9.05390625,630375.1441801931,586647.8994478424,758777.2380446346,699052.9562245937,1119.0998713502,272489381.0,105.21345311053211,32432.67395286623,603163.2287298198
2019-04-08,713942.3136296141,0,0,0,27.757615894039738,7.07948717948718,612416.5626325236,707558.1754396862,566280.4394701438,699964.975966012,1119.0998713502,272489381.0,105.21345311053211,-16300.546997435973,736226.5229249034
2019-04-09,733843.8008882853,1,0,0,27.681506849315067,5.9102362204724415,713942.3136296141,740204.940820688,532747.6268758125,699056.2416899545,1119.0998713502,272489381.0,105.21345311053211,1499.215721967048,741980.5878573032
2019-04-10,695220.6347587155,2,0,0,27.54513888888889,6.833870967741936,733843.8008882853,795174.3714568259,725004.9780329297,684777.1364473673,1119.0998713502,272489381.0,105.21345311053211,-38022.77251359343,714156.9208583188
2019-04-11,695743.1733716555,3,0,0,27.495774647887323,11.390243902439025,695220.6347587155,726299.4083540472,793904.290594552,680411.9600213113,1119.0998713502,272489381.0,105.21345311053211,-36810.9292581972,716934.2894339426
2019-04-12,695029.1553504027,4,0,0,27.290845070422534,8.89516129032258,695743.1733716555,681342.090688192,723385.8347395345,682367.2549730557,1119.0998713502,272489381.0,105.21345311053211,-37995.0719859472,727846.595493256
2019-04-13,568118.0463153551,5,1,0,27.32123287671233,8.82824427480916,695029.1553504027,630375.1441801931,727552.4189403398,673473.3838495074,1119.0998713502,272489381.0,105.21345311053211,-16889.449200523086,584800.3100312946
2019-04-14,563540.3069709319,6,1,0,27.18175675675676,12.1408,568118.0463153551,612416.5626325236,709092.9567771822,666491.0616121372,1119.0998713502,272489381.0,105.21345311053211,-20803.207817157265,564483.1143048381
2019-04-15,754751.6992102987,0,0,0,27.27241379310345,8.980597014925374,563540.3069709319,713942.3136296141,572158.3533174027,672320.9738379492,1119.0998713502,272489381.0,105.21345311053211,20520.614712197217,736184.4947056232
2019-04-16,736590.5880844045,1,0,0,27.197183098591548,9.66,754751.6992102987,733843.8008882853,568206.2270944881,672713.3720088234,1119.0998713502,272489381.0,105.21345311053211,665.8977966627572,727635.2643405016
2019-04-17,786656.0983767072,2,0,0,27.5486301369863,10.26484375,736590.5880844045,695220.6347587155,725551.8237624706,685775.581097108,1119.0998713502,272489381.0,105.21345311053211,50264.94803716079,740244.9724115259
2019-04-18,709462.1609242307,3,0,0,27.714189189189188,4.618399999999999,786656.0983767072,695743.1733716555,706914.7749024191,687735.4364617616,1119.0998713502,272489381.0,105.21345311053211,-25795.739664757508,725352.037537434
2019-04-19,789443.6001612009,4,0,0,27.65170068027211,8.875,709462.1609242307,695029.1553504027,775189.8997796492,701223.2142918755,1119.0998713502,272489381.0,105.21345311053211,54158.592452701065,762588.0006586631
2019-04-20,581095.8163173292,5,1,0,27.32307692307692,9.724409448818898,789443.6001612009,568118.0463153551,681083.0337679434,703077.1814350147,1119.0998713502,272489381.0,105.21345311053211,-5742.4028794864425,592128.9039797586
2019-04-21,595262.0310807091,6,1,0,27.588489208633096,9.036842105263158,581095.8163173292,563540.3069709319,724737.1866993343,707608.85630784,1119.0998713502,272489381.0,105.21345311053211,9493.642255909275,608416.1653730844
2019-04-22,754202.3525175152,0,0,0,27.694444444444443,6.833333333333333,595262.0310807091,754751.6992102987,541577.6791835994,707530.3782088709,1119.0998713502,272489381.0,105.21345311053211,18917.862411165494,748768.3918392904
2019-04-23,684201.4861965951,1,0,0,27.57702702702703,10.15483870967742,754202.3525175152,736590.5880844045,620905.5474566276,700046.2207963268,1119.0998713502,272489381.0,105.21345311053211,-52448.37219132576,739862.4483378286
2019-04-24,718769.1623055734,2,0,0,27.413013698630134,9.045238095238096,684201.4861965951,786656.0983767072,712204.4577889519,690348.0870718791,1119.0998713502,272489381.0,105.21345311053211,-18069.460679000826,737353.5767824486
2019-04-25,773712.5063060526,3,0,0,27.377083333333335,14.562411347517733,718769.1623055734,709462.1609242307,739959.7990180997,699526.7078407108,1119.0998713502,272489381.0,105.21345311053211,38228.684596522595,744272.7509371447
2019-04-26,718626.0452804761,4,0,0,27.211724137931032,13.55851851851852,773712.5063060526,789443.6001612009,673036.3397573747,689409.9142863216,1119.0998713502,272489381.0,105.21345311053211,-16723.245171738672,709364.3580794018
2019-04-27,565930.1729260273,5,1,0,26.916438356164385,18.01014492753623,718626.0452804761,581095.8163173292,754619.5362287017,687243.3938018499,1119.0998713502,272489381.0,105.21345311053211,-20872.466821001726,588929.755762845
2019-04-28,629607.5607815306,6,1,0,26.972727272727273,15.605555555555556,565930.1729260273,595262.0310807091,778069.6940574315,692149.8980448243,1119.0998713502,272489381.0,105.21345311053211,43912.90291443514,610469.1458913168
2019-04-29,721496.5642256615,0,0,0,27.22222222222222,18.44126984126984,629607.5607815306,754202.3525175152,549404.0012564946,687477.6425745595,1119.0998713502,272489381.0,105.21345311053211,-13735.788556878339,708454.8424820349
2019-04-30,697368.7935788996,1,0,0,27.113986013986015,13.112295081967211,721496.5642256615,684201.4861965951,586647.8994478424,689358.6864863172,1119.0998713502,272489381.0,105.21345311053211,-39306.48004974087,731102.7108994054
2019-05-01,736948.2238497494,2,0,0,27.44460431654676,11.739370078740158,697368.7935788996,718769.1623055734,707558.1754396862,691955.6952783425,1119.0998713502,272489381.0,104.73490113961284,-43.8438050346449,746241.0318287943
2019-05-02,697636.2287259753,3,0,0,27.36758620689655,9.03529411764706,736948.2238497494,773712.5063060526,740204.940820688,681087.6556240456,1119.0998713502,272489381.0,104.73490113961284,-38172.53528682981,701010.8632850582
2019-05-03,728920.2461276365,4,0,0,27.7958041958042,5.843307086614173,697636.2287259753,718626.0452804761,795174.3714568259,682558.2557450685,1119.0998713502,272489381.0,104.73490113961284,-6960.624619328766,735304.0745248026
2019-05-04,620691.6837862763,5,1,0,27.755555555555556,4.182905982905983,728920.2461276365,565930.1729260273,726299.4083540472,690381.3287251041,1119.0998713502,272489381.0,104.73490113961284,33125.09240291582,621825.9104920056
2019-05-05,669980.7495551086,6,1,0,27.27872340425532,11.908527131782948,620691.6837862763,629607.5607815306,681342.090688192,696148.9271213297,1119.0998713502,272489381.0,104.73490113961284,83274.25549439352,624156.7010414558
2019-05-06,690319.3331568262,0,0,0,27.473793103448276,9.836290322580645,669980.7495551086,721496.5642256615,630375.1441801931,691695.0369686389,1119.0998713502,272489381.0,104.73490113961284,-46177.505471037584,721669.9440578641
2019-05-07,722337.3974102221,1,0,0,27.797902097902096,4.30672268907563,690319.3331568262,697368.7935788996,612416.5626325236,695261.9803731134,1119.0998713502,272489381.0,104.73490113961284,-15848.79592754005,744049.9591242404
2019-05-08,776371.0626116279,2,0,0,27.763513513513512,5.753913043478261,722337.3974102221,736948.2238497494,713942.3136296141,700893.8144819533,1119.0998713502,272489381.0,104.73490113961284,37638.77047169884,757729.7389922404
2019-05-09,730011.806429558,3,0,0,27.657432432432433,4.097413793103448,776371.0626116279,697636.2287259753,733843.8008882853,705518.8970110364,1119.0998713502,272489381.0,104.73490113961284,-7738.80684976757,746939.4736967409
2019-05-10,761503.2034189375,4,0,0,27.64965986394558,7.1226890756302526,730011.806429558,728920.2461276365,695220.6347587155,710173.6051955081,1119.0998713502,272489381.0,104.73490113961284,23516.444049867103,764792.3578028873
2019-05-11,596398.426413146,5,1,0,27.50816326530612,7.061016949152543,761503.2034189375,620691.6837862763,695743.1733716555,706703.1398564894,1119.0998713502,272489381.0,104.73490113961284,6608.4885887585115,596442.055991105
2019-05-12,550647.391175935,6,1,0,27.55862068965517,4.10695652173913,596398.426413146,669980.7495551086,695029.1553504027,689655.5172308934,1119.0998713502,272489381.0,104.73490113961284,-38345.476768119144,589435.0217234006
2019-05-13,791147.6707082835,0,0,0,27.51901408450704,3.821008403361344,550647.391175935,690319.3331568262,568118.0463153551,704059.56545253,1119.0998713502,272489381.0,104.73490113961284,52362.356563156005,768177.9246316786
2019-05-14,823926.8965423717,1,0,0,27.544897959183672,6.5125,791147.6707082835,722337.3974102221,563540.3069709319,718572.351042837,1119.0998713502,272489381.0,104.73490113961284,83516.02461011731,781229.4085457708
2019-05-15,762360.6134421846,2,0,0,27.60067567567568,6.009243697478992,823926.8965423717,776371.0626116279,754751.6992102987,716570.8583043452,1119.0998713502,272489381.0,104.73490113961284,21536.65987764066,754387.4440331238
2019-05-16,702306.6675091378,3,0,0,27.258904109589043,11.19527559055118,762360.6134421846,730011.806429558,736590.5880844045,712612.9813157137,1119.0998713502,272489381.0,104.73490113961284,-37331.78365797328,739532.1650432005
2019-05-17,701269.6513855812,4,0,0,27.01156462585034,8.85,702306.6675091378,761503.2034189375,786656.0983767072,704008.1881680915,1119.0998713502,272489381.0,104.73490113961284,-38330.50427309808,752039.1565710339
2019-05-18,585739.4813037612,5,1,0,27.086394557823127,6.900813008130081,701269.6513855812,596398.426413146,709462.1609242307,702485.4817238936,1119.0998713502,272489381.0,104.73490113961284,-5320.748468301259,614960.1648442057
2019-05-19,660920.2395869058,6,1,0,27.396575342465756,7.3592,585739.4813037612,550647.391175935,789443.6001612009,718238.7457826036,1119.0998713502,272489381.0,104.73490113961284,71065.17755141121,630935.4429460749
2019-05-20,790321.0906866974,0,0,0,27.404861111111114,4.314634146341464,660920.2395869058,791147.6707082835,581095.8163173292,718120.662922377,1119.0998713502,272489381.0,104.73490113961284,51141.38771878532,759272.4819444375
2019-05-21,765064.3902117229,1,0,0,27.550340136054423,3.8145299145299143,790321.0906866974,823926.8965423717,595262.0310807091,709711.7334465701,1119.0998713502,272489381.0,104.73490113961284,24779.877280360437,763521.9254543696
2019-05-22,738934.4111966607,2,0,0,27.434931506849313,3.985087719298246,765064.3902117229,762360.6134421846,754202.3525175152,706365.1331257811,1119.0998713502,272489381.0,104.73490113961284,-1197.5612865809817,748252.4490522478
2019-05-23,676120.7715670314,3,0,0,27.552447552447553,9.078070175438596,738934.4111966607,702306.6675091378,684201.4861965951,702624.2908483372,1119.0998713502,272489381.0,104.73490113961284,-62224.36621546617,736725.3649651795
2019-05-24,715379.189856969,4,0,0,27.33496503496503,4.726086956521739,676120.7715670314,701269.6513855812,718769.1623055734,704639.9392013926,1119.0998713502,272489381.0,104.73490113961284,-22300.635148081812,749644.2835488648
2019-05-25,622199.1786332084,5,1,0,27.424827586206895,3.472477064220183,715379.189856969,585739.4813037612,773712.5063060526,709848.4673913138,1119.0998713502,272489381.0,104.73490113961284,33701.35035727604,630130.1745882379
2019-05-26,639402.5912590973,6,1,0,27.53076923076923,4.507692307692308,622199.1786332084,660920.2395869058,718626.0452804761,706774.5176301982,1119.0998713502,272489381.0,104.73490113961284,52756.086580074276,613109.7156279841
2019-05-27,711972.1309133832,0,0,0,27.464335664335664,5.187288135593221,639402.5912590973,790321.0906866974,565930.1729260273,695581.8090911533,1119.0998713502,272489381.0,104.73490113961284,-23359.80369146692,725652.5193107338
2019-05-28,734664.8924328064,1,0,0,27.55070422535211,4.831818181818182,711972.1309133832,765064.3902117229,629607.5607815306,691239.0236941652,1119.0998713502,272489381.0,104.73490113961284,-1150.4015589678893,738126.8630028672
2019-05-29,712609.9372117876,2,0,0,27.42887323943662,5.327433628318584,734664.8924328064,738934.4111966607,721496.5642256615,687478.384553469,1119.0998713502,272489381.0,104.73490113961284,-22459.45915039978,729731.8675024105
2019-05-30,753725.2452870181,3,0,0,27.152112676056337,7.641322314049587,712609.9372117876,676120.7715670314,697368.7935788996,698564.7379420387,1119.0998713502,272489381.0,104.73490113961284,20998.3512602119,759697.2097430829
2019-05-31,787138.0826544847,4,0,0,27.069565217391304,5.6512396694214875,753725.2452870181,715379.189856969,736948.2238497494,708816.0083416837,1119.0998713502,272489381.0,104.73490113961284,55585.85383242066,766289.0206021973
2019-06-01,556217.1709491335,5,1,0,26.885915492957743,7.496946564885496,787138.0826544847,622199.1786332084,697636.2287259753,699390.0072439587,1119.0998713502,272489381.0,107.81159325673984,-25697.471779319458,581010.4775354161
2019-06-02,542864.7297297253,6,1,0,26.938194444444445,13.59609375,556217.1709491335,639402.5912590973,728920.2461276365,685598.8841683341,1119.0998713502,272489381.0,107.81159325673984,-36802.857338928035,575511.3966271412
2019-06-03,741370.7575737805,0,0,0,26.487837837837837,12.707874015748033,542864.7297297253,711972.1309133832,620691.6837862763,689798.6879769622,1119.0998713502,272489381.0,107.81159325673984,13349.014728893177,744209.0565699972
2019-06-04,701372.1881589635,1,0,0,26.733103448275862,12.777118644067796,741370.7575737805,734664.8924328064,669980.7495551086,685042.5873664133,1119.0998713502,272489381.0,107.81159325673984,-26869.10397871479,699934.9295315049
2019-06-05,798076.0526506694,2,0,0,27.166666666666668,7.58,701372.1881589635,712609.9372117876,690319.3331568262,697252.0324291106,1119.0998713502,272489381.0,107.81159325673984,70775.65181769291,771624.110791188
2019-06-06,759869.081173492,3,0,0,27.093706293706298,8.28034188034188,798076.0526506694,753725.2452870181,722337.3974102221,698129.7232700356,1119.0998713502,272489381.0,107.81159325673984,35037.6778346519,735901.0549680239
2019-06-07,658810.5205918108,4,0,0,26.825342465753423,11.536,759869.081173492,787138.0826544847,776371.0626116279,679797.2144039393,1119.0998713502,272489381.0,107.81159325673984,-64786.25928403495,674556.0365604286
2019-06-08,588650.4429683662,5,1,0,26.71048951048951,10.870731707317074,658810.5205918108,556217.1709491335,730011.806429558,684430.5389781154,1119.0998713502,272489381.0,107.81159325673984,14688.207157051424,585147.6786215415
2019-06-09,626679.0013568719,6,1,0,26.869655172413793,12.7064,588650.4429683662,542864.7297297253,761503.2034189375,696404.006353422,1119.0998713502,272489381.0,107.81159325673984,54902.781544291065,613724.7368521034
2019-06-10,728394.2695836388,0,0,0,27.135862068965515,5.975833333333333,626679.0013568719,741370.7575737805,596398.426413146,694550.2223548304,1119.0998713502,272489381.0,107.81159325673984,8151.179133180762,725523.6851973219
2019-06-11,781098.7993784702,1,0,0,27.28150684931507,5.7482456140350875,728394.2695836388,701372.1881589635,550647.391175935,705939.7382433313,1119.0998713502,272489381.0,107.81159325673984,60479.23204083752,758225.1008971016
2019-06-12,763157.8222514457,2,0,0,26.943150684931503,10.56904761904762,781098.7993784702,798076.0526506694,791147.6707082835,700951.4196148708,1119.0998713502,272489381.0,107.81159325673984,43286.39986069396,754218.8817209646
2019-06-13,754690.588915277,3,0,0,27.225517241379308,7.590265486725664,763157.8222514457,759869.081173492,823926.8965423717,700211.6350065544,1119.0998713502,272489381.0,107.81159325673984,37068.69238539669,728407.7626566405
2019-06-14,774178.8247972473,4,0,0,27.1875,5.9591666666666665,754690.588915277,658810.5205918108,762360.6134421846,716692.8213216168,1119.0998713502,272489381.0,107.81159325673984,57554.89833750739,762872.6826614126
2019-06-15,599670.9562890443,5,1,0,26.862328767123287,8.92015503875969,774178.8247972473,588650.4429683662,702306.6675091378,718267.1803674279,1119.0998713502,272489381.0,107.81159325673984,32437.471617051866,582722.4367113408
2019-06-16,561880.3774637209,6,1,0,26.729577464788733,9.070689655172414,599670.9562890443,626679.0013568719,701269.6513855812,709010.2340969777,1119.0998713502,272489381.0,107.81159325673984,-3408.9853733992204,568053.0268619866
2019-06-17,718910.1050311682,0,0,0,26.563698630136987,6.868852459016393,561880.3774637209,728394.2695836388,585739.4813037612,707655.3534466249,1119.0998713502,272489381.0,107.81159325673984,4923.503491385491,731020.2869111609
2019-06-18,722756.879169646,1,0,0,26.466901408450703,5.734782608695652,718910.1050311682,781098.7993784702,660920.2395869058,699320.7934167928,1119.0998713502,272489381.0,107.81159325673984,8183.683370990446,738208.4798788277
2019-06-19,670035.1309960107,2,0,0,26.346206896551724,8.028571428571428,722756.879169646,763157.8222514457,790321.0906866974,686017.5518088734,1119.0998713502,272489381.0,107.81159325673984,-43971.89459458145,688561.7974705967
2019-06-20,683223.5857684091,3,0,0,26.461379310344828,6.705172413793103,670035.1309960107,754690.588915277,765064.3902117229,675807.9799307494,1119.0998713502,272489381.0,107.81159325673984,-28680.90489712439,697169.7271236728
2019-06-21,682636.9038857379,4,0,0,26.448251748251742,6.268695652173913,683223.5857684091,774178.8247972473,738934.4111966607,662730.5626576768,1119.0998713502,272489381.0,107.81159325673984,-28376.024939138093,701683.6810001399
2019-06-22,538303.0246987515,5,1,0,26.47482014388489,6.723893805309734,682636.9038857379,599670.9562890443,676120.7715670314,653963.7152876349,1119.0998713502,272489381.0,107.81159325673984,-23381.091273998027,549403.8992513877
2019-06-23,584157.2901033444,6,1,0,26.676056338028168,7.276422764227642,538303.0246987515,561880.3774637209,715379.189856969,657146.1313790096,1119.0998713502,272489381.0,107.81159325673984,24403.116043066606,568970.4809339497
2019-06-24,738263.1400247666,0,0,0,26.662937062937065,3.4038095238095236,584157.2901033444,718910.1050311682,622199.1786332084,659910.8506638093,1119.0998713502,272489381.0,107.81159325673984,29846.05334720388,715164.8617014899
2019-06-25,736731.3355655662,1,0,0,26.844137931034485,1.558,738263.1400247666,722756.879169646,639402.5912590973,661907.2015775124,1119.0998713502,272489381.0,107.81159325673984,27809.886068299063,725715.6021664083
2019-06-26,673593.7334818002,2,0,0,26.748611111111114,2.3410714285714285,736731.3355655662,670035.1309960107,711972.1309133832,662415.5733611966,1119.0998713502,272489381.0,107.81159325673984,-34631.37249496218,705179.0352159961
2019-06-27,713368.270231373,3,0,0,26.740579710144925,1.756880733944954,673593.7334818002,683223.5857684091,734664.8924328064,666721.9568559056,1119.0998713502,272489381.0,107.81159325673984,7417.635175674339,714927.4548817578
2019-06-28,718318.6916198982,4,0,0,26.544525547445257,3.2027272727272726,713368.270231373,682636.9038857379,712609.9372117876,671819.3551036428,1119.0998713502,272489381.0,107.81159325673984,13467.896203730837,720859.4207278249
2019-06-29,638514.0844736705,5,1,0,26.419310344827583,3.2127272727272724,718318.6916198982,538303.0246987515,753725.2452870181,686135.2207857742,1119.0998713502,272489381.0,107.81159325673984,83229.88270935067,612610.679214035
2019-06-30,546819.8964584706,6,1,0,26.37832167832168,5.47927927927928,638514.0844736705,584157.2901033444,787138.0826544847,680801.307407935,1119.0998713502,272489381.0,107.81159325673984,-6275.177837040741,541111.3241721661
2019-07-01,757997.6755685254,0,0,0,26.57191780821918,1.9770642201834865,546819.8964584706,738263.1400247666,556217.1709491335,683620.5267713292,1119.0998713502,272489381.0,105.78958565177447,56511.11331998324,735849.9074954093
2019-07-02,722207.2054442491,1,0,0,26.63655172413793,4.083636363636364,757997.6755685254,736731.3355655662,542864.7297297253,681545.6510397124,1119.0998713502,272489381.0,105.78958565177447,20489.932259594672,695203.3498396588
2019-07-03,769812.5728352428,2,0,0,26.76197183098591,6.1535087719298245,722207.2054442491,673593.7334818002,741370.7575737805,695291.1995187757,1119.0998713502,272489381.0,105.78958565177447,69054.6117857619,733952.3604911217
2019-07-04,695276.2391409954,3,0,0,26.62323943661972,3.6297520661157026,769812.5728352428,713368.270231373,701372.1881589635,692706.6236487217,1119.0998713502,272489381.0,105.78958565177447,-2963.618639581022,705938.6060724321
2019-07-05,719377.6862503393,4,0,0,26.675342465753424,4.9964601769911505,695276.2391409954,718318.6916198982,798076.0526506694,692857.9085959276,1119.0998713502,272489381.0,105.78958565177447,22450.951695567346,715910.9144404647
2019-07-06,572203.3406776191,5,1,0,26.54255319148936,5.767256637168142,719377.6862503393,638514.0844736705,759869.081173492,683384.9451964917,1119.0998713502,272489381.0,105.78958565177447,25015.341454089037,557162.9616663945
2019-07-07,570768.1726817335,6,1,0,26.344217687074828,4.870247933884297,572203.3406776191,546819.8964584706,658810.5205918108,686806.1275141007,1119.0998713502,272489381.0,105.78958565177447,25890.007272186922,568398.1637525848
2019-07-08,696586.5213093157,0,0,0,26.279310344827586,5.505882352941176,570768.1726817335,757997.6755685254,588650.4429683662,678033.1054770707,1119.0998713502,272489381.0,105.78958565177447,3376.618041983107,691670.995777048
2019-07-09,681908.2491023699,1,0,0,26.241095890410957,7.37258064516129,696586.5213093157,722207.2054442491,626679.0013568719,672276.111713945,1119.0998713502,272489381.0,105.78958565177447,-11542.060930144042,682387.5317550912
2019-07-10,701661.2200982696,2,0,0,26.253103448275866,3.1939130434782608,681908.2491023699,769812.5728352428,728394.2695836388,662540.2041800917,1119.0998713502,272489381.0,105.78958565177447,9083.860470309271,692437.449303842
2019-07-11,625478.0087039262,3,0,0,26.450344827586207,5.598198198198198,701661.2200982696,695276.2391409954,781098.7993784702,652569.0284033676,1119.0998713502,272489381.0,105.78958565177447,-64750.01315291645,671502.9701744806
2019-07-12,703895.5209086534,4,0,0,26.179166666666667,4.200869565217391,625478.0087039262,719377.6862503393,763157.8222514457,650357.2904974126,1119.0998713502,272489381.0,105.78958565177447,14725.378408948542,684162.2853242593
2019-07-13,504383.5396838808,5,1,0,26.197872340425533,4.569090909090909,703895.5209086534,572203.3406776191,754690.588915277,640668.747498307,1119.0998713502,272489381.0,105.78958565177447,-35391.855714833655,512936.96525649
2019-07-14,528898.4288113446,6,1,0,26.044055944055945,1.7333333333333334,504383.5396838808,570768.1726817335,774178.8247972473,634687.3555168229,1119.0998713502,272489381.0,105.78958565177447,-9000.21695692197,533014.3944311482
2019-07-15,636352.3498799722,0,0,0,25.936301369863013,2.1415929203539825,528898.4288113446,696586.5213093157,599670.9562890443,626082.4738840595,1119.0998713502,272489381.0,105.78958565177447,-50398.58774428244,659647.9814617943
2019-07-16,723836.3805147966,1,0,0,26.275694444444444,3.7480392156862745,636352.3498799722,681908.2491023699,561880.3774637209,632072.2069429776,1119.0998713502,272489381.0,105.78958565177447,36240.63508611126,679846.2482831442
2019-07-17,709288.3471189117,2,0,0,26.38251748251748,1.3068627450980392,723836.3805147966,701661.2200982696,718910.1050311682,633161.7965173551,1119.0998713502,272489381.0,105.78958565177447,21882.896920613595,688733.6803613377
2019-07-18,770396.4885372564,3,0,0,26.448275862068964,2.476923076923077,709288.3471189117,625478.0087039262,722756.879169646,653864.4364935451,1119.0998713502,272489381.0,105.78958565177447,84586.95793667436,715210.8958736904
2019-07-19,706999.5490799911,4,0,0,26.699324324324323,3.5419642857142857,770396.4885372564,703895.5209086534,670035.1309960107,654307.8690894505,1119.0998713502,272489381.0,105.78958565177447,21432.98975135188,692607.0178676244
2019-07-20,556922.8683944694,5,1,0,27.003496503496503,2.7019607843137257,706999.5490799911,504383.5396838808,683223.5857684091,661813.4874766774,1119.0998713502,272489381.0,105.78958565177447,19885.554559810553,562622.0525445259
2019-07-21,624566.4093342475,6,1,0,26.41549295774648,4.448039215686275,556922.8683944694,528898.4288113446,682636.9038857379,675480.3418370922,1119.0998713502,272489381.0,105.78958565177447,88502.07163383055,584454.5178412992
2019-07-22,633170.5678937252,0,0,0,26.17876712328767,6.290400000000001,624566.4093342475,636352.3498799722,538303.0246987515,675025.8015533425,1119.0998713502,272489381.0,105.78958565177447,-52674.59380558471,655580.1253337939
2019-07-23,615918.1030507347,1,0,0,26.093055555555555,4.562931034482758,633170.5678937252,723836.3805147966,584157.2901033444,659608.9047727622,1119.0998713502,272489381.0,105.78958565177447,-71710.71693447838,660186.8692379622
2019-07-24,707724.0367791231,2,0,0,26.0986301369863,5.323893805309734,615918.1030507347,709288.3471189117,738263.1400247666,659385.4318670782,1119.0998713502,272489381.0,105.78958565177447,19351.420490145218,687013.0299294412
2019-07-25,654361.484153607,3,0,0,26.072972972972973,2.352212389380531,707724.0367791231,770396.4885372564,736731.3355655662,642809.0026694139,1119.0998713502,272489381.0,105.78958565177447,-33329.14051626378,664682.9598109825
2019-07-26,674745.7929715917,4,0,0,26.201408450704225,4.2981981981981985,654361.484153607,706999.5490799911,673593.7334818002,638201.323225357,1119.0998713502,272489381.0,105.78958565177447,-13580.215685187024,673980.9509800171
2019-07-27,564182.8515477334,5,1,0,26.26382978723404,4.298245614035087,674745.7929715917,556922.8683944694,713368.270231373,639238.4636758232,1119.0998713502,272489381.0,105.78958565177447,23558.39049321285,555455.1346995
2019-07-28,542245.6852342403,6,1,0,26.335915492957746,4.214150943396226,564182.8515477334,624566.4093342475,718318.6916198982,627478.3602329651,1119.0998713502,272489381.0,105.78958565177447,1831.5915474699577,539493.4914880962
2019-07-29,682912.4594783989,0,0,0,26.24931506849315,1.814516129032258,542245.6852342403,633170.5678937252,638514.0844736705,634584.3447450614,1119.0998713502,272489381.0,105.78958565177447,-7966.519577119616,680823.6899027677
2019-07-30,626452.8598757352,1,0,0,26.175342465753424,3.575438596491228,682912.4594783989,615918.1030507347,546819.8964584706,636089.3100057757,1119.0998713502,272489381.0,105.78958565177447,-66803.11250488821,661577.9575839527
2019-07-31,721380.6521800369,2,0,0,26.226573426573427,2.4,626452.8598757352,707724.0367791231,757997.6755685254,638040.2550630489,1119.0998713502,272489381.0,105.78958565177447,26888.890038019395,691457.1244616258
2019-08-01,716820.5954811878,3,0,0,26.33103448275862,1.4675438596491228,721380.6521800369,654361.484153607,722207.2054442491,646962.9852527034,1119.0998713502,272489381.0,105.20356161141392,22628.96816371288,685899.6912944841
2019-08-02,716127.274960546,4,0,0,26.416,2.8512820512820514,716820.5954811878,674745.7929715917,769812.5728352428,652874.6255368398,1119.0998713502,272489381.0,105.20356161141392,21035.295673356042,715575.0171568729
2019-08-03,606921.1810432965,5,1,0,26.220689655172414,0.9642857142857144,716127.274960546,564182.8515477334,695276.2391409954,658980.1011790631,1119.0998713502,272489381.0,105.20356161141392,59387.19557238952,571655.634332698
2019-08-04,517061.9667993063,6,1,0,26.22222222222222,0.7913793103448276,606921.1810432965,542245.6852342403,719377.6862503393,655382.4271169297,1119.0998713502,272489381.0,105.20356161141392,-30281.632701789436,548081.310463704
2019-08-05,649483.3457327817,0,0,0,26.071140939597313,2.252991452991453,517061.9667993063,682912.4594783989,572203.3406776191,650606.8394389844,1119.0998713502,272489381.0,105.20356161141392,-48221.85057745385,668288.8594277961
2019-08-06,691480.8498900856,1,0,0,26.122758620689655,2.6903508771929823,649483.3457327817,626452.8598757352,570768.1726817335,659896.5522981773,1119.0998713502,272489381.0,105.20356161141392,-8377.58801917499,684347.0518438721
2019-08-07,696418.9383532051,2,0,0,26.11388888888889,0.9716666666666666,691480.8498900856,721380.6521800369,696586.5213093157,656330.5931800584,1119.0998713502,272489381.0,105.20356161141392,-4336.377958066878,694839.5101852656
2019-08-08,703879.2930179258,3,0,0,26.3527397260274,1.8133333333333337,696418.9383532051,716820.5954811878,681908.2491023699,654481.8356853066,1119.0998713502,272489381.0,105.20356161141392,3870.441866866662,704686.9840371679
2019-08-09,666845.0453053251,4,0,0,26.5421768707483,2.599047619047619,703879.2930179258,716127.274960546,701661.2200982696,647441.5171631323,1119.0998713502,272489381.0,105.20356161141392,-33520.4751012238,671910.9050012968
2019-08-10,551773.535494491,5,1,0,26.687248322147653,1.737037037037037,666845.0453053251,606921.1810432965,625478.0087039262,639563.2820847315,1119.0998713502,272489381.0,105.20356161141392,-405.1872891357634,544570.9805017359
2019-08-11,526295.2846524288,6,1,0,26.813103448275864,2.525892857142857,551773.535494491,517061.9667993063,703895.5209086534,640882.3274923203,1119.0998713502,272489381.0,105.20356161141392,-24993.314471753314,551992.9221542762
2019-08-12,754633.3439517587,0,0,0,26.914685314685315,1.7642857142857142,526295.2846524288,649483.3457327817,504383.5396838808,655903.7558093172,1119.0998713502,272489381.0,105.20356161141392,53737.92918401933,729080.0263661111
2019-08-13,713791.5137087603,1,0,0,27.058333333333337,1.3106194690265487,754633.3439517587,691480.8498900856,528898.4288113446,659090.9934976993,1119.0998713502,272489381.0,105.20356161141392,11535.380558352219,720149.4028647196
2019-08-14,756451.9798277848,2,0,0,26.913013698630134,1.972972972972973,713791.5137087603,696418.9383532051,636352.3498799722,667667.1422797821,1119.0998713502,272489381.0,105.20356161141392,54110.84734345169,737761.4732407044
2019-08-15,729477.1676994901,3,0,0,26.669444444444444,3.852727272727273,756451.9798277848,703879.2930179258,723836.3805147966,671323.9815200055,1119.0998713502,272489381.0,105.20356161141392,28694.618504630635,706040.6036943471
2019-08-16,720743.6869178013,4,0,0,26.654609929078017,3.399107142857143,729477.1676994901,666845.0453053251,709288.3471189117,679023.787464645,1119.0998713502,272489381.0,105.20356161141392,20397.353581021423,716859.7640079571
2019-08-17,592306.4949625516,5,1,0,26.763448275862068,3.748305084745762,720743.6869178013,551773.535494491,770396.4885372564,684814.2102457965,1119.0998713502,272489381.0,105.20356161141392,40901.17309404386,587009.8729725841
2019-08-18,574438.2299596668,6,1,0,26.60492957746479,2.006194690265487,592306.4949625516,526295.2846524288,706999.5490799911,691691.7738611161,1119.0998713502,272489381.0,105.20356161141392,24619.56510502787,587668.4053733835
2019-08-19,682230.1914157643,0,0,0,26.484615384615385,4.659649122807018,574438.2299596668,754633.3439517587,556922.8683944694,681348.4663559741,1119.0998713502,272489381.0,105.20356161141392,-16574.623048344045,693651.4268626721
2019-08-20,736586.6752940057,1,0,0,26.725874125874128,4.616521739130435,682230.1914157643,713791.5137087603,624566.4093342475,684604.9180110091,1119.0998713502,272489381.0,105.20356161141392,36948.96022275137,709159.4283411641
2019-08-21,716948.0963459001,2,0,0,26.84452054794521,3.4752293577981654,736586.6752940057,756451.9798277848,633170.5678937252,678961.5060850257,1119.0998713502,272489381.0,105.20356161141392,17644.942126760026,704527.0943786949
2019-08-22,708632.8204651386,3,0,0,26.713013698630135,0.8839285714285714,716948.0963459001,729477.1676994901,615918.1030507347,675983.742194404,1119.0998713502,272489381.0,105.20356161141392,11186.054645481985,738910.1141558338
2019-08-23,717739.2042831301,4,0,0,26.728472222222223,3.007142857142857,708632.8204651386,720743.6869178013,707724.0367791231,675554.5303894511,1119.0998713502,272489381.0,105.20356161141392,20903.47801504447,715746.5155181127
2019-08-24,635142.2148769756,5,1,0,26.683916083916085,2.1719626168224297,717739.2042831301,592306.4949625516,654361.484153607,681673.9189486544,1119.0998713502,272489381.0,105.20356161141392,87280.49976687925,592091.8205835503
2019-08-25,564781.5646084673,6,1,0,26.557534246575344,3.924561403508772,635142.2148769756,574438.2299596668,674745.7929715917,680294.3953270545,1119.0998713502,272489381.0,105.20356161141392,18391.60133007646,560497.1087726124
2019-08-26,762190.6770668984,0,0,0,26.57552447552448,3.3745454545454545,564781.5646084673,682230.1914157643,564182.8515477334,691717.3218486451,1119.0998713502,272489381.0,105.20356161141392,66548.55504772416,722988.6700675458
2019-08-27,720803.8129630184,1,0,0,26.259183673469387,4.854166666666667,762190.6770668984,736586.6752940057,542245.6852342403,689462.6272299327,1119.0998713502,272489381.0,105.20356161141392,23911.476951570716,690301.8849774955
2019-08-28,640002.9636603199,2,0,0,26.09793103448276,8.671666666666669,720803.8129630184,716948.0963459001,682912.4594783989,678470.465417707,1119.0998713502,272489381.0,105.20356161141392,-57120.57177581277,675827.9754155822
2019-08-29,695881.4656587773,3,0,0,26.43793103448276,4.4433628318584075,640002.9636603199,708632.8204651386,626452.8598757352,676648.8433025124,1119.0998713502,272489381.0,105.20356161141392,-93.97476335719693,705007.3712748168
2019-08-30,663418.460983413,4,0,0,26.478620689655173,2.141121495327103,695881.4656587773,717739.2042831301,721380.6521800369,668888.7371168386,1119.0998713502,272489381.0,105.20356161141392,-32797.91024477244,696210.3511925993
2019-08-31,569764.9788377726,5,1,0,26.385401459854016,0.6738738738738739,663418.460983413,635142.2148769756,716820.5954811878,659549.131968381,1119.0998713502,272489381.0,105.20356161141392,21548.802421128144,559999.5395923303
2019-09-01,533295.0787678302,6,1,0,26.57361111111111,1.1794642857142856,569764.9788377726,564781.5646084673,716127.274960546,655051.0625625757,1119.0998713502,272489381.0,111.38200176319522,-14530.53975220921,550451.5122627356
2019-09-02,696140.696784376,0,0,0,26.72206896551724,3.812844036697248,533295.0787678302,762190.6770668984,606921.1810432965,645615.3510936439,1119.0998713502,272489381.0,111.38200176319522,-2108.7326722753933,681533.9242636719
2019-09-03,641423.5348992458,1,0,0,26.61793103448276,1.9327586206896552,696140.696784376,720803.8129630184,517061.9667993063,634275.3113702479,1119.0998713502,272489381.0,111.38200176319522,-59319.139359422144,666627.9876912329
2019-09-04,686075.9775268832,2,0,0,26.538620689655172,3.386440677966102,641423.5348992458,640002.9636603199,649483.3457327817,640857.1704940426,1119.0998713502,272489381.0,111.38200176319522,-16191.403444974334,683354.7890537148
2019-09-05,629189.1046401832,3,0,0,26.648611111111112,2.2150442477876107,686075.9775268832,695881.4656587773,691480.8498900856,631329.6903485291,1119.0998713502,272489381.0,111.38200176319522,-73251.81939313491,659894.0127831284
2019-09-06,674556.6250519796,4,0,0,26.66013986013986,1.017117117117117,629189.1046401832,663418.460983413,696418.9383532051,632920.8566440387,1119.0998713502,272489381.0,111.38200176319522,-29451.62240621075,686972.0924405775
2019-09-07,608847.9753839211,5,1,0,26.80952380952381,1.3333333333333333,674556.6250519796,569764.9788377726,703879.2930179258,638504.1418649171,1119.0998713502,272489381.0,111.38200176319522,51532.74312067742,558135.9183584069
2019-09-08,565298.0961124041,6,1,0,26.951020408163263,1.4439252336448598,608847.9753839211,533295.0787678302,666845.0453053251,643076.0014855705,1119.0998713502,272489381.0,111.38200176319522,7109.556943168282,556287.9965623202
2019-09-09,679196.9681371966,0,0,0,26.93013698630137,1.85,565298.0961124041,696140.696784376,551773.535494491,640655.4688216876,1119.0998713502,272489381.0,111.38200176319522,-30612.16176955495,678237.000343573
2019-09-10,701332.4507039782,1,0,0,26.95874125874126,0.079047619047619,679196.9681371966,641423.5348992458,526295.2846524288,649213.8853652208,1119.0998713502,272489381.0,111.38200176319522,-12076.645741133718,699209.846472436
2019-09-11,671054.4359144169,2,0,0,26.50135135135135,1.3419642857142855,701332.4507039782,686075.9775268832,754633.3439517587,647067.9508491541,1119.0998713502,272489381.0,111.38200176319522,-44874.3107469168,686017.652382268
2019-09-12,690362.0206065773,3,0,0,26.3486301369863,2.569724770642202,671054.4359144169,629189.1046401832,713791.5137087603,655806.9388443533,1119.0998713502,272489381.0,111.38200176319522,-26603.40387412964,711811.0887452242
2019-09-13,629202.0193179836,4,0,0,26.29586206896552,1.8289719626168224,690362.0206065773,674556.6250519796,756451.9798277848,649327.7094537826,1119.0998713502,272489381.0,111.38200176319522,-90044.1224955899,673767.6662502721
2019-09-14,555510.698925034,5,1,0,26.33241379310345,1.6064814814814814,629202.0193179836,608847.9753839211,729477.1676994901,641708.0985310844,1119.0998713502,272489381.0,111.38200176319522,-17590.619247402414,545340.2954044576
2019-09-15,583375.3511858694,6,1,0,26.263194444444444,0.5327272727272727,555510.698925034,565298.0961124041,720743.6869178013,644290.5635415794,1119.0998713502,272489381.0,111.38200176319522,9030.400087286253,573707.3089854885
2019-09-16,710859.4800108682,0,0,0,26.57448275862069,1.6,583375.3511858694,679196.9681371966,592306.4949625516,648813.7795235326,1119.0998713502,272489381.0,111.38200176319522,-15288.933622761397,698710.6918827514
2019-09-17,703645.6796617977,1,0,0,26.887500000000003,2.3673076923076923,710859.4800108682,701332.4507039782,574438.2299596668,649144.240803221,1119.0998713502,272489381.0,111.38200176319522,-26091.822359588812,709493.1372101649
2019-09-18,676836.1906432391,2,0,0,27.1,0.6644859813084112,703645.6796617977,671054.4359144169,682230.1914157643,649970.2057644814,1119.0998713502,272489381.0,111.38200176319522,-55213.48650342482,702701.133774026
2019-09-19,636622.2580001318,3,0,0,27.08137931034483,1.29,676836.1906432391,690362.0206065773,736586.6752940057,642293.0968207035,1119.0998713502,272489381.0,111.38200176319522,-96060.71594946319,704711.4950319412
2019-09-20,712222.9225768953,4,0,0,26.84964539007092,4.491150442477876,636622.2580001318,629202.0193179836,716948.0963459001,654153.2258576908,1119.0998713502,272489381.0,111.38200176319522,-22145.73109531193,724103.2320841876
2019-09-21,520608.9662298984,5,1,0,26.87152777777778,2.0964285714285715,712222.9225768953,555510.698925034,708632.8204651386,649167.2640441001,1119.0998713502,272489381.0,111.38200176319522,-66835.92751572526,568571.9255987813
2019-09-22,547198.404467964,6,1,0,26.92620689655173,2.47787610619469,520608.9662298984,583375.3511858694,717739.2042831301,643999.1287986849,1119.0998713502,272489381.0,111.38200176319522,-40538.43432799226,564786.6384529939
2019-09-23,710305.8085516517,0,0,0,27.063636363636363,1.5345132743362833,547198.404467964,710859.4800108682,635142.2148769756,643920.0328759396,1119.0998713502,272489381.0,111.38200176319522,-28124.402249278617,716057.7583636306
2019-09-24,807863.9086450528,1,0,0,27.332867132867133,1.951818181818182,710305.8085516517,703645.6796617977,564781.5646084673,658808.351302119,1119.0998713502,272489381.0,111.38200176319522,67095.80385860254,760613.4195616187
2019-09-25,750945.2963123061,2,0,0,27.189583333333335,4.417699115044248,807863.9086450528,676836.1906432391,762190.6770668984,669395.3663977,1119.0998713502,272489381.0,111.38200176319522,9237.378161644796,729929.7358294476
2019-09-26,684505.4937301812,3,0,0,27.182517482517483,6.694915254237288,750945.2963123061,636622.2580001318,720803.8129630184,676235.82864485,1119.0998713502,272489381.0,111.38200176319522,-56364.3999867948,722665.5525964162
2019-09-27,762967.4670265993,4,0,0,26.988652482269504,5.969827586206897,684505.4937301812,712222.9225768953,640002.9636603199,683485.049280522,1119.0998713502,272489381.0,111.38200176319522,21958.10861297394,747369.1514317368
2019-09-28,616332.1675580633,5,1,0,27.119014084507043,4.944954128440367,762967.4670265993,520608.9662298984,695881.4656587773,697159.7923274025,1119.0998713502,272489381.0,111.38200176319522,23842.20708989154,613765.616027159
2019-09-29,599065.6120350473,6,1,0,26.954225352112676,4.697272727272727,616332.1675580633,547198.404467964,663418.460983413,704569.3934084146,1119.0998713502,272489381.0,111.38200176319522,7902.374473289354,612300.3795739831
2019-09-30,698376.6262475174,0,0,0,26.910344827586208,7.409090909090909,599065.6120350473,710305.8085516517,569764.9788377726,702865.2245078239,1119.0998713502,272489381.0,111.38200176319522,-41865.097377333324,724698.8190496298
2019-10-01,687484.2285131883,1,0,0,27.036986301369865,5.975409836065574,698376.6262475174,807863.9086450528,533295.0787678302,685668.127346129,1119.0998713502,272489381.0,108.42168683564664,-53511.00232626358,722938.6239151732
2019-10-02,723598.4043152984,2,0,0,26.947945205479453,4.451239669421488,687484.2285131883,750945.2963123061,696140.696784376,681761.4284894137,1119.0998713502,272489381.0,108.42168683564664,-16808.861057172646,737360.5773768496
2019-10-03,719881.5853448492,3,0,0,26.748979591836733,9.260833333333332,723598.4043152984,684505.4937301812,641423.5348992458,686815.1558629376,1119.0998713502,272489381.0,108.42168683564664,-18241.482122886344,723541.1941401146
2019-10-04,781604.232221794,4,0,0,26.897222222222226,5.788524590163934,719881.5853448492,762967.4670265993,686075.9775268832,689477.5508908225,1119.0998713502,272489381.0,108.42168683564664,44682.864069248666,753396.9192584716
2019-10-05,563752.4833367291,5,1,0,26.963698630136985,3.2185483870967744,781604.232221794,616332.1675580633,629189.1046401832,681966.1674306319,1119.0998713502,272489381.0,108.42168683564664,-23434.69209504861,571905.1245269508
2019-10-06,574387.8356583217,6,1,0,27.06083916083916,2.98728813559322,563752.4833367291,599065.6120350473,674556.6250519796,678440.7708053855,1119.0998713502,272489381.0,108.42168683564664,-10403.09614063322,592000.5829522054
2019-10-07,730006.8188452924,0,0,0,27.02364864864865,6.162601626016261,574387.8356583217,698376.6262475174,608847.9753839211,682959.3697479247,1119.0998713502,272489381.0,108.42168683564664,-2954.440481907688,732032.3391078893
2019-10-08,768023.9947550768,1,0,0,27.169718309859153,3.447706422018349,730006.8188452924,687484.2285131883,565298.0961124041,694465.0506396231,1119.0998713502,272489381.0,108.42168683564664,35043.058258647565,761618.8776852549
2019-10-09,716244.2306618228,2,0,0,27.11862068965517,7.695901639344262,768023.9947550768,723598.4043152984,679196.9681371966,693414.4544034123,1119.0998713502,272489381.0,108.42168683564664,-15598.84103571577,724533.2417195392
2019-10-10,826559.3192173232,3,0,0,27.312244897959182,5.18974358974359,716244.2306618228,719881.5853448492,701332.4507039782,708654.1306709086,1119.0998713502,272489381.0,108.42168683564664,97360.35006266285,767864.7177064368
2019-10-11,690409.0537436754,4,0,0,27.260416666666668,5.125217391304347,826559.3192173232,781604.232221794,671054.4359144169,695626.2480311774,1119.0998713502,272489381.0,108.42168683564664,-37420.72945446544,707265.2379846575
2019-10-12,667750.2003933602,5,1,0,27.151724137931033,4.322222222222222,690409.0537436754,563752.4833367291,690362.0206065773,710483.0647535532,1119.0998713502,272489381.0,108.42168683564664,89630.92447443923,631429.0751834449
2019-10-13,599585.3096030985,6,1,0,27.14689655172414,5.887931034482759,667750.2003933602,574387.8356583217,629202.0193179836,714082.7038885214,1119.0998713502,272489381.0,108.42168683564664,23652.288985917578,609723.6470611872
2019-10-14,694850.263154638,0,0,0,27.27972027972028,5.154700854700855,599585.3096030985,730006.8188452924,555510.698925034,709060.3387898563,1119.0998713502,272489381.0,108.42168683564664,-29641.00314279017,736134.5290222275
2019-10-15,754498.8147476307,1,0,0,27.27123287671233,5.005882352941176,694850.263154638,768023.9947550768,583375.3511858694,707128.1702173642,1119.0998713502,272489381.0,108.42168683564664,29433.70998063835,746346.42800461
2019-10-16,703960.9795583218,2,0,0,27.264137931034483,5.854054054054055,754498.8147476307,716244.2306618228,710859.4800108682,705373.4200597211,1119.0998713502,272489381.0,108.42168683564664,-20671.9216065075,739547.2614138027
2019-10-17,760366.3755754954,3,0,0,27.315172413793103,7.1695652173913045,703960.9795583218,826559.3192173232,703645.6796617977,695917.2852537457,1119.0998713502,272489381.0,108.42168683564664,37537.89749160339,741001.9092305647
2019-10-18,759061.6169160788,4,0,0,27.426618705035978,9.511023622047244,760366.3755754954,690409.0537436754,676836.1906432391,705724.7942783748,1119.0998713502,272489381.0,108.42168683564664,36648.47458631662,738602.5061114503
2019-10-19,598591.6793926277,5,1,0,27.395862068965517,6.5910569105691055,759061.6169160788,667750.2003933602,636622.2580001318,695845.0055639845,1119.0998713502,272489381.0,108.42168683564664,24842.818121511373,586639.1037137229
2019-10-20,627802.2433082212,6,1,0,27.61172413793103,4.757377049180327,598591.6793926277,599585.3096030985,712222.9225768953,699875.9960932877,1119.0998713502,272489381.0,108.42168683564664,55124.3211879523,612042.6561808371
2019-10-21,827478.0694522986,0,0,0,27.78972602739726,5.243220338983051,627802.2433082212,694850.263154638,520608.9662298984,718822.825564382,1119.0998713502,272489381.0,108.42168683564664,105097.31566443131,781949.5836250375
2019-10-22,790578.3479566717,1,0,0,27.650694444444444,5.8754098360655735,827478.0694522986,754498.8147476307,547198.404467964,723977.044594245,1119.0998713502,272489381.0,108.42168683564664,66459.17688561336,764970.1792119298
2019-10-23,767471.7240102529,2,0,0,27.65310344827586,6.61864406779661,790578.3479566717,703960.9795583218,710305.8085516517,733050.0080873781,1119.0998713502,272489381.0,108.42168683564664,42624.990132358624,778712.7534344066
2019-10-24,722375.8157761099,3,0,0,27.454109589041096,4.248760330578513,767471.7240102529,760366.3755754954,807863.9086450528,727622.7852588944,1119.0998713502,272489381.0,108.42168683564664,-1797.142282415647,746727.3200359598
2019-10-25,780953.0976843209,4,0,0,27.47586206896552,8.595901639344262,722375.8157761099,759061.6169160788,750945.2963123061,730750.1396543577,1119.0998713502,272489381.0,108.42168683564664,56117.27022852027,773303.2337279357
2019-10-26,601482.1210146203,5,1,0,27.170212765957448,5.742857142857143,780953.0976843209,598591.6793926277,684505.4937301812,731163.0598860708,1119.0998713502,272489381.0,108.42168683564664,24306.6915371425,602948.8047832011
2019-10-27,549402.7691465433,6,1,0,27.336301369863012,10.864166666666668,601482.1210146203,627802.2433082212,762967.4670265993,719963.135005831,1119.0998713502,272489381.0,108.42168683564664,-27611.268617806723,604864.1292994649
2019-10-28,722512.6976146165,0,0,0,27.26896551724138,8.214285714285714,549402.7691465433,827478.0694522986,616332.1675580633,704968.0818861622,1119.0998713502,272489381.0,108.42168683564664,-5017.140788206947,744823.1557075428
2019-10-29,645905.2299368819,1,0,0,27.44965034965035,4.011111111111111,722512.6976146165,790578.3479566717,599065.6120350473,684300.4935976209,1119.0998713502,272489381.0,108.42168683564664,-84048.69297978061,690037.3415454114
2019-10-30,727531.0795356693,2,0,0,27.395890410958906,6.188095238095238,645905.2299368819,767471.7240102529,698376.6262475174,678594.6872441089,1119.0998713502,272489381.0,108.42168683564664,-3696.411850100616,726495.9214205527
2019-10-31,787495.2615674512,3,0,0,27.575694444444444,6.4383333333333335,727531.0795356693,722375.8157761099,687484.2285131883,687897.4652143006,1119.0998713502,272489381.0,108.42168683564664,56544.52187707496,767478.6880360028
2019-11-01,696496.6725980614,4,0,0,27.25,6.538655462184874,787495.2615674512,780953.0976843209,723598.4043152984,675832.2616305491,1119.0998713502,272489381.0,109.43083105726318,-35358.83275766426,693253.5730213039
2019-11-02,602409.0226260236,5,1,0,27.095890410958905,6.828682170542636,696496.6725980614,601482.1210146203,719881.5853448492,675964.6761464638,1119.0998713502,272489381.0,109.43083105726318,18130.056254641968,589309.2678327427
2019-11-03,559908.2155422023,6,1,0,27.28,8.262393162393163,602409.0226260236,549402.7691465433,781604.232221794,677465.4542029866,1119.0998713502,272489381.0,109.43083105726318,-24135.500439447933,584384.3085447617
2019-11-04,703916.2852161239,0,0,0,27.418243243243243,4.720491803278688,559908.2155422023,722512.6976146165,563752.4833367291,674808.8238603448,1119.0998713502,272489381.0,109.43083105726318,-30415.125738633913,725529.1717579757
2019-11-05,765469.5177779483,1,0,0,27.66923076923077,2.7109243697478993,703916.2852161239,645905.2299368819,574387.8356583217,691889.4364090685,1119.0998713502,272489381.0,109.43083105726318,29089.898549938458,759733.4782723326
2019-11-06,802154.171623389,2,0,0,27.68255033557047,3.889565217391304,765469.5177779483,727531.0795356693,730006.8188452924,702549.8781358857,1119.0998713502,272489381.0,109.43083105726318,65015.35714301304,766025.4060306167
2019-11-07,797117.9766125681,3,0,0,27.86190476190476,2.3036036036036034,802154.171623389,787495.2615674512,768023.9947550768,703924.5517137597,1119.0998713502,272489381.0,109.43083105726318,60896.97935590299,789456.4977548815
2019-11-08,698759.0872947192,4,0,0,27.732876712328768,6.201680672268908,797117.9766125681,696496.6725980614,716244.2306618228,704247.753813282,1119.0998713502,272489381.0,109.43083105726318,-37612.93675319024,747801.9945806934
2019-11-09,663764.5485934385,5,1,0,27.724657534246575,3.1095652173913044,698759.0872947192,602409.0226260236,826559.3192173232,713012.8289514843,1119.0998713502,272489381.0,109.43083105726318,75819.60184792685,641462.917315308
2019-11-10,590537.3329712626,6,1,0,27.653846153846153,3.856896551724138,663764.5485934385,559908.2155422023,690409.0537436754,717388.4171556357,1119.0998713502,272489381.0,109.43083105726318,3757.6385315615917,636343.3863193935
2019-11-11,745883.6686903533,0,0,0,28.0875,2.9319327731092435,590537.3329712626,703916.2852161239,667750.2003933602,723383.7576519541,1119.0998713502,272489381.0,109.43083105726318,9807.363943085307,773921.9524743181
2019-11-12,812733.2844513359,1,0,0,27.94620689655172,6.063247863247863,745883.6686903533,765469.5177779483,599585.3096030985,730135.724319581,1119.0998713502,272489381.0,109.43083105726318,75641.94374080538,791669.604108247
2019-11-13,781038.1521421715,2,0,0,27.75,4.499180327868852,812733.2844513359,802154.171623389,694850.263154638,727119.1501079785,1119.0998713502,272489381.0,109.43083105726318,44243.700945578865,776141.2349835047
2019-11-14,683700.5511269276,3,0,0,27.380405405405405,6.70390625,781038.1521421715,797117.9766125681,754498.8147476307,710916.6607528869,1119.0998713502,272489381.0,109.43083105726318,-51116.01362696395,729878.6745272831
2019-11-15,843266.5008963898,4,0,0,27.717931034482756,6.3203125,683700.5511269276,698759.0872947192,703960.9795583218,731560.576981697,1119.0998713502,272489381.0,109.43083105726318,109344.69249921315,792853.5661681675
2019-11-16,634516.6487481906,5,1,0,27.864137931034485,4.199186991869919,843266.5008963898,663764.5485934385,760366.3755754954,727382.3055752331,1119.0998713502,272489381.0,109.43083105726318,50036.185480297194,624811.3199161049
2019-11-17,610746.8191072037,6,1,0,28.007746478873237,4.10948275862069,634516.6487481906,590537.3329712626,759061.6169160788,730269.3750232246,1119.0998713502,272489381.0,109.43083105726318,28398.521183456294,625715.6738516447
2019-11-18,766078.4531649835,0,0,0,27.88,2.54957264957265,610746.8191072037,745883.6686903533,598591.6793926277,733154.3442338862,1119.0998713502,272489381.0,109.43083105726318,35338.95891506749,771885.3672821947
2019-11-19,771276.5079846748,1,0,0,27.80413793103448,7.7655737704918035,766078.4531649835,812733.2844513359,627802.2433082212,727231.9475957917,1119.0998713502,272489381.0,109.43083105726318,40353.69928812608,773510.1298144634
2019-11-20,780371.0414176333,2,0,0,27.58896551724138,4.870491803278689,771276.5079846748,781038.1521421715,827478.0694522986,727136.6460637149,1119.0998713502,272489381.0,109.43083105726318,50493.1093058869,763379.0337830824
2019-11-21,734929.7446410379,3,0,0,27.74137931034483,9.383333333333333,780371.0414176333,683700.5511269276,790578.3479566717,734455.1022800162,1119.0998713502,272489381.0,109.43083105726318,7686.20260310662,742451.6578728438
2019-11-22,731173.7473481328,4,0,0,27.74551724137931,5.666399999999999,734929.7446410379,843266.5008963898,767471.7240102529,718441.8517731223,1119.0998713502,272489381.0,109.43083105726318,5384.6060263017425,744737.7330252579
2019-11-23,619248.6995527229,5,1,0,27.651748251748252,7.727586206896552,731173.7473481328,634516.6487481906,722375.8157761099,716260.7161737698,1119.0998713502,272489381.0,109.43083105726318,43360.703757825424,614824.0820294815
2019-11-24,622857.1581820596,6,1,0,27.57361111111111,7.419841269841269,619248.6995527229,610746.8191072037,780953.0976843209,717990.7646130349,1119.0998713502,272489381.0,109.43083105726318,49460.64719262335,612800.4008982839
2019-11-25,748207.6100318948,0,0,0,27.73986013986014,6.7176470588235295,622857.1581820596,766078.4531649835,601482.1210146203,715437.7870225937,1119.0998713502,272489381.0,109.43083105726318,26680.349478026736,739022.7582451915
2019-11-26,708196.22149402,1,0,0,27.689655172413794,4.82396694214876,748207.6100318948,771276.5079846748,549402.7691465433,706426.3175239287,1119.0998713502,272489381.0,109.43083105726318,-13349.083741077688,733456.4648477614
2019-11-27,743917.0086534381,2,0,0,28.01205673758865,3.536666666666666,708196.22149402,780371.0414176333,722512.6976146165,701218.5985576151,1119.0998713502,272489381.0,109.43083105726318,23492.24815369991,752448.2672019909
2019-11-28,691917.7731462896,3,0,0,28.1013986013986,4.289908256880734,743917.0086534381,734929.7446410379,645905.2299368819,695074.0312012226,1119.0998713502,272489381.0,109.43083105726318,-25879.327063489938,721767.603706563
2019-11-29,784521.7460579213,4,0,0,28.243835616438357,4.506666666666666,691917.7731462896,731173.7473481328,727531.0795356693,702695.1738740494,1119.0998713502,272489381.0,109.43083105726318,68098.46336654038,746105.5102193526
2019-11-30,559065.2313823157,5,1,0,28.182876712328767,5.725619834710743,784521.7460579213,619248.6995527229,787495.2615674512,694097.5355639913,1119.0998713502,272489381.0,109.43083105726318,-7601.772193802986,569929.5907792725
2019-12-01,598049.4696709709,6,1,0,28.115068493150687,4.975409836065574,559065.2313823157,622857.1581820596,696496.6725980614,690553.5800624072,1119.0998713502,272489381.0,106.86881348672802,33675.063315553474,597856.2714843538
2019-12-02,713230.368424565,0,0,0,27.847297297297295,6.469291338582678,598049.4696709709,748207.6100318948,602409.0226260236,685556.8312613601,1119.0998713502,272489381.0,106.86881348672802,482.9145375085063,716427.8605547838
2019-12-03,713419.2352946129,1,0,0,27.74,11.1,713230.368424565,708196.22149402,559908.2155422023,686302.9760900162,1119.0998713502,272489381.0,106.86881348672802,378.6451630247757,730760.6259246393
2019-12-04,805089.7038413783,2,0,0,27.72123287671233,9.9251968503937,713419.2352946129,743917.0086534381,703916.2852161239,695041.9325454363,1119.0998713502,272489381.0,106.86881348672802,92872.06313472986,760143.1487287179
2019-12-05,715373.0619681374,3,0,0,27.729166666666668,8.223140495867769,805089.7038413783,691917.7731462896,765469.5177779483,698392.6880914144,1119.0998713502,272489381.0,106.86881348672802,5472.631447506021,744203.165610057
2019-12-06,749739.0732463957,4,0,0,27.608333333333334,7.5265486725663715,715373.0619681374,784521.7460579213,802154.171623389,693423.7348326251,1119.0998713502,272489381.0,106.86881348672802,40897.8769740595,734451.6500914402
2019-12-07,596146.399167213,5,1,0,27.47361111111111,11.659230769230769,749739.0732463957,559065.2313823157,797117.9766125681,698721.0445161818,1119.0998713502,272489381.0,106.86881348672802,36750.30873282475,613271.2504914437
2019-12-08,601146.986852987,6,1,0,27.482068965517243,10.605426356589147,596146.399167213,598049.4696709709,698759.0872947192,699163.5469707557,1119.0998713502,272489381.0,106.86881348672802,43741.88592055696,602669.9964004856
2019-12-09,776785.9305741456,0,0,0,27.633566433566433,8.072950819672132,601146.986852987,713230.368424565,663764.5485934385,708242.9129921243,1119.0998713502,272489381.0,106.86881348672802,70720.34637962538,757725.9127763264
2019-12-10,692521.0120284777,1,0,0,27.302054794520547,9.324409448818898,776785.9305741456,713419.2352946129,590537.3329712626,705257.4525255336,1119.0998713502,272489381.0,106.86881348672802,-14108.024619620177,724040.7172120775
2019-12-11,775153.9631106326,2,0,0,27.157638888888886,9.251937984496124,692521.0120284777,805089.7038413783,745883.6686903533,700980.9181354269,1119.0998713502,272489381.0,106.86881348672802,69095.91264205414,746981.6284352186
2019-12-12,717498.8435620298,3,0,0,27.093661971830983,10.904918032786886,775153.9631106326,715373.0619681374,812733.2844513359,701284.6012202688,1119.0998713502,272489381.0,106.86881348672802,13523.91296625603,724835.6322497593
2019-12-13,691352.8981403178,4,0,0,27.148591549295773,7.41029411764706,717498.8435620298,749739.0732463957,781038.1521421715,692943.7190622576,1119.0998713502,272489381.0,106.86881348672802,-11781.152956999373,706690.3986571569
2019-12-14,571288.4803716684,5,1,0,27.146153846153847,10.318110236220472,691352.8981403178,596146.399167213,683700.5511269276,689392.5878057514,1119.0998713502,272489381.0,106.86881348672802,17393.231035641278,577882.4465460391
2019-12-15,590643.4684741962,6,1,0,26.977777777777774,13.209022556390977,571288.4803716684,601146.986852987,843266.5008963898,687892.0851802097,1119.0998713502,272489381.0,106.86881348672802,38539.88299760735,576601.8671916027
2019-12-16,753801.8487433365,0,0,0,26.91086956521739,12.952898550724637,590643.4684741962,776785.9305741456,634516.6487481906,684608.6449186655,1119.0998713502,272489381.0,106.86881348672802,52839.178998518735,724349.297741239
2019-12-17,694406.2910563855,1,0,0,27.04895104895105,10.8056,753801.8487433365,692521.0120284777,610746.8191072037,684877.970494081,1119.0998713502,272489381.0,106.86881348672802,-7324.897460355074,690027.4062406083
2019-12-18,702609.1738471955,2,0,0,27.21118881118881,11.510948905109489,694406.2910563855,775153.9631106326,766078.4531649835,674514.4291707327,1119.0998713502,272489381.0,106.86881348672802,1229.6306061421055,696542.7553001284
2019-12-19,735563.0191961844,3,0,0,27.47304964539007,11.9816,702609.1738471955,717498.8435620298,771276.5079846748,677095.0256898978,1119.0998713502,272489381.0,106.86881348672802,36024.73731304426,710658.0886077629
2019-12-20,841153.2814134277,4,0,0,27.577083333333334,7.037209302325581,735563.0191961844,691352.8981403178,780371.0414176333,698495.0804431991,1119.0998713502,272489381.0,106.86881348672802,142183.26093322982,757104.5336989553
2019-12-21,611472.0123895989,5,1,0,27.69090909090909,6.730645161290322,841153.2814134277,571288.4803716684,734929.7446410379,704235.5850171893,1119.0998713502,272489381.0,106.86881348672802,61429.46064925287,593954.6170627297
2019-12-22,598375.9333740254,6,1,0,27.135211267605634,10.1625,611472.0123895989,590643.4684741962,731173.7473481328,705340.2228600221,1119.0998713502,272489381.0,106.86881348672802,49767.650320522254,595659.4759032126
2019-12-23,801844.0475945028,0,0,0,27.310344827586206,11.238461538461538,598375.9333740254,753801.8487433365,619248.6995527229,712203.3941244743,1119.0998713502,272489381.0,106.86881348672802,103966.79290384706,766156.7993022307
2019-12-24,756055.3201497607,1,0,0,27.663380281690134,8.019047619047619,801844.0475945028,694406.2910563855,622857.1581820596,721010.3982806707,1119.0998713502,272489381.0,106.86881348672802,56941.94175599015,750795.0669858101
2019-12-25,767530.5548621102,2,0,0,27.15277777777778,9.060629921259842,756055.3201497607,702609.1738471955,748207.6100318948,730284.8812828015,1119.0998713502,272489381.0,106.86881348672802,68239.69694548391,750125.7481225636
2019-12-26,728368.1246535295,3,0,0,27.153191489361703,9.092063492063492,767530.5548621102,735563.0191961844,708196.22149402,729257.0392052793,1119.0998713502,272489381.0,106.86881348672802,30325.84024218889,720174.8441644189
2019-12-27,692589.5415930259,4,0,0,27.35034965034965,9.692,728368.1246535295,841153.2814134277,743917.0086534381,708033.6478023648,1119.0998713502,272489381.0,106.86881348672802,-5540.9587638675,719690.2055405113
2019-12-28,598971.1416861238,5,1,0,27.27714285714286,14.20625,692589.5415930259,611472.0123895989,691917.7731462896,706247.8091304397,1119.0998713502,272489381.0,106.86881348672802,49049.59628385352,604411.5241003336
2019-12-29,614347.3486534385,6,1,0,27.29300699300699,10.289473684210526,598971.1416861238,598375.9333740254,784521.7460579213,708529.4398846416,1119.0998713502,272489381.0,106.86881348672802,65083.32319051726,602728.1403881261
2019-12-30,764048.5507581941,0,0,0,27.485,6.988888888888889,614347.3486534385,801844.0475945028,559065.2313823157,703130.0831937405,1119.0998713502,272489381.0,106.86881348672802,64686.43095753959,740633.473956655
2019-12-31,765234.1287491319,1,0,0,27.181294964028776,10.3584,764048.5507581941,756055.3201497607,598049.4696709709,704441.341565079,1119.0998713502,272489381.0,106.86881348672802,63762.26110663568,731622.5712949235
2020-01-01,663614.0636745193,2,0,0,26.874305555555555,22.446762589928056,765234.1287491319,767530.5548621102,713230.368424565,689596.1285382805,1059.05484269848,274814866.0,109.05207962137216,-38943.63194518641,674842.7968355604
2020-01-02,676486.4409798706,3,0,0,26.9,16.047619047619047,663614.0636745193,728368.1246535295,713419.2352946129,682184.4594420434,1059.05484269848,274814866.0,109.05207962137216,-25754.236100442242,677448.7675951413
2020-01-03,678558.1348455199,4,0,0,26.80890410958904,10.06220472440945,676486.4409798706,692589.5415930259,805089.7038413783,680179.9727638282,1059.05484269848,274814866.0,109.05207962137216,-24712.478690547287,697979.1179217652
2020-01-04,530154.6801162005,5,1,0,26.938,13.833812949640288,678558.1348455199,598971.1416861238,715373.0619681374,670349.0496824107,1059.05484269848,274814866.0,109.05207962137216,-25844.56659962819,554400.4299843874
2020-01-05,547140.6049848781,6,1,0,26.815646258503403,15.703100775193798,530154.6801162005,614347.3486534385,749739.0732463957,660748.0863011878,1059.05484269848,274814866.0,109.05207962137216,-9119.331299751764,544416.15852584
2020-01-06,712501.9407252918,0,0,0,26.807586206896552,13.0953125,547140.6049848781,764048.5507581941,596146.399167213,653384.284867916,1059.05484269848,274814866.0,109.05207962137216,5260.930239265435,700236.3952755675
2020-01-07,772790.2545473475,1,0,0,27.043243243243243,10.12892561983471,712501.9407252918,765234.1287491319,601146.986852987,654463.7314105183,1059.05484269848,274814866.0,109.05207962137216,62607.831806923146,713005.2478716194
2020-01-08,712015.0664239492,2,0,0,26.95202702702703,10.761475409836066,772790.2545473475,663614.0636745193,776785.9305741456,661378.1603747226,1059.05484269848,274814866.0,109.05207962137216,-17.599762599915266,698169.8055973577
2020-01-09,639828.9591319305,3,0,0,26.973469387755102,8.8816,712015.0664239492,676486.4409798706,692521.0120284777,656141.3772535883,1059.05484269848,274814866.0,109.05207962137216,-72568.46819481731,678755.8793824841
2020-01-10,704265.1878162634,4,0,0,26.64344827586207,12.0531914893617,639828.9591319305,678558.1348455199,775153.9631106326,659813.8133922658,1059.05484269848,274814866.0,109.05207962137216,-9746.871036962373,697160.4123995394
2020-01-11,552383.0514505506,5,1,0,26.62808219178082,14.294776119402986,704265.1878162634,530154.6801162005,717498.8435620298,662989.2950114588,1059.05484269848,274814866.0,109.05207962137216,-14832.118432407384,562424.8048759483
2020-01-12,534528.547912409,6,1,0,26.817333333333337,14.116911764705884,552383.0514505506,547140.6049848781,691352.8981403178,661187.5725725347,1059.05484269848,274814866.0,109.05207962137216,-33300.110738635645,551600.8786466324
2020-01-13,694402.4802627515,0,0,0,27.15608108108108,10.7748031496063,534528.547912409,712501.9407252918,571288.4803716684,658601.9353636001,1059.05484269848,274814866.0,109.05207962137216,-24628.905103710247,704052.9170950357
2020-01-14,704910.5300374435,1,0,0,27.408391608391607,5.963636363636364,694402.4802627515,772790.2545473475,590643.4684741962,648904.8318621854,1059.05484269848,274814866.0,109.05207962137216,-17145.579447599244,705909.8513478921
2020-01-15,673341.6481210493,2,0,0,27.263945578231297,7.252542372881357,704910.5300374435,712015.0664239492,753801.8487433365,643380.057818914,1059.05484269848,274814866.0,109.05207962137216,-50504.987419491634,687262.6996868917
2020-01-16,688759.1587287274,3,0,0,27.255555555555556,7.608403361344537,673341.6481210493,639828.9591319305,694406.2910563855,650370.0863327421,1059.05484269848,274814866.0,109.05207962137216,-35247.483326842426,690871.1197111125
2020-01-17,697259.5927861175,4,0,0,27.52123287671233,6.511403508771929,688759.1587287274,704265.1878162634,702609.1738471955,649369.2870427213,1059.05484269848,274814866.0,109.05207962137216,-28012.675534510054,700022.5368025299
2020-01-18,587848.7382121517,5,1,0,27.533098591549297,12.019444444444444,697259.5927861175,552383.0514505506,735563.0191961844,654435.81372295,1059.05484269848,274814866.0,109.05207962137216,9862.984714176157,571974.2154002419
2020-01-19,554616.6469271326,6,1,0,27.62206896551724,6.775206611570248,587848.7382121517,534528.547912409,841153.2814134277,657305.5421536248,1059.05484269848,274814866.0,109.05207962137216,-23358.80400743906,562763.9036875708
2020-01-20,678081.9681510421,0,0,0,27.567586206896554,7.51858407079646,554616.6469271326,694402.4802627515,611472.0123895989,654974.0404233806,1059.05484269848,274814866.0,109.05207962137216,-50347.44678008568,678125.0493852547
2020-01-21,763663.119984909,1,0,0,27.53402777777778,9.810344827586206,678081.9681510421,704910.5300374435,598375.9333740254,663367.2675587329,1059.05484269848,274814866.0,109.05207962137216,33070.934535077075,724677.4905414586
2020-01-22,686309.2582492557,2,0,0,27.64755244755245,7.542105263157894,763663.119984909,673341.6481210493,801844.0475945028,665219.7832913337,1059.05484269848,274814866.0,109.05207962137216,-45112.45958901988,703231.5540596904
2020-01-23,789297.2069664424,3,0,0,27.419727891156462,10.70608695652174,686309.2582492557,688759.1587287274,756055.3201497607,679582.3616110074,1059.05484269848,274814866.0,109.05207962137216,58759.27031790768,745159.8836094586
2020-01-24,700840.6959934387,4,0,0,27.350684931506848,7.507692307692308,789297.2069664424,697259.5927861175,767530.5548621102,680093.9477834817,1059.05484269848,274814866.0,109.05207962137216,-29854.298426232766,693439.6303103707
2020-01-25,562739.0285509666,5,1,0,27.393706293706295,11.371428571428572,700840.6959934387,587848.7382121517,728368.1246535295,676506.8464033125,1059.05484269848,274814866.0,109.05207962137216,-19515.508786908467,581484.0358435313
2020-01-26,633192.797075175,6,1,0,27.45957446808511,9.540384615384616,562739.0285509666,554616.6469271326,692589.5415930259,687732.0107101757,1059.05484269848,274814866.0,109.05207962137216,52127.48776402394,598126.9819418755
2020-01-27,642776.2294984864,0,0,0,27.660544217687075,8.086206896551724,633192.797075175,678081.9681510421,598971.1416861238,682688.3337598105,1059.05484269848,274814866.0,109.05207962137216,-87560.07184379676,695954.747743174
2020-01-28,675428.6229753662,1,0,0,27.759310344827583,6.9974358974358974,642776.2294984864,763663.119984909,614347.3486534385,670083.4056155902,1059.05484269848,274814866.0,109.05207962137216,-55904.45908560301,706561.0976114641
2020-01-29,681466.3995793601,2,0,0,27.633108108108107,14.912173913043478,675428.6229753662,686309.2582492557,764048.5507581941,669391.5686627479,1059.05484269848,274814866.0,109.05207962137216,-49567.86779081938,703818.0924269395
2020-01-30,728684.3141719548,3,0,0,27.102721088435377,11.59915254237288,681466.3995793601,789297.2069664424,765234.1287491319,660732.5839778212,1059.05484269848,274814866.0,109.05207962137216,-395.305181139498,712117.7988456108
2020-01-31,706147.0425773294,4,0,0,27.1013698630137,11.531967213114754,728684.3141719548,700840.6959934387,663614.0636745193,661490.6334898055,1059.05484269848,274814866.0,109.05207962137216,-22094.823764163768,704276.5338097743
2020-02-01,621931.3972980154,5,1,0,27.009333333333338,14.350793650793651,706147.0425773294,562739.0285509666,676486.4409798706,669946.6861679554,1059.05484269848,274814866.0,110.78522546110987,43031.84057184076,598623.218363934
2020-02-02,549774.5573522381,6,1,0,27.1265306122449,10.216528925619835,621931.3972980154,633192.797075175,678558.1348455199,658029.7947789644,1059.05484269848,274814866.0,110.78522546110987,-27141.730772416457,541656.1085416542
2020-02-03,705794.3383236837,0,0,0,26.99731543624161,9.506666666666668,549774.5573522381,642776.2294984864,530154.6801162005,667032.3817539925,1059.05484269848,274814866.0,110.78522546110987,-19719.189647791907,710253.9809063426
2020-02-04,747926.663714829,1,0,0,27.072666666666667,15.5140625,705794.3383236837,675428.6229753662,547140.6049848781,677389.2447167729,1059.05484269848,274814866.0,110.78522546110987,21959.994197953143,733198.3250693992
2020-02-05,782941.2300488276,2,0,0,27.076510067114093,6.388888888888889,747926.663714829,681466.3995793601,712501.9407252918,691885.649069554,1059.05484269848,274814866.0,110.78522546110987,57679.94209248002,739058.9977140148
2020-02-06,790749.2603607874,3,0,0,27.238926174496644,10.666393442622953,782941.2300488276,728684.3141719548,772790.2545473475,700752.0699536729,1059.05484269848,274814866.0,110.78522546110987,67708.16818434116,738782.0296917423
2020-02-07,687283.9857988734,4,0,0,26.60890410958904,8.407438016528925,790749.2603607874,706147.0425773294,712015.0664239492,698057.3475567506,1059.05484269848,274814866.0,110.78522546110987,-34795.68190051126,707911.4954320296
2020-02-08,607506.3560861085,5,1,0,26.93947368421053,23.90514705882353,687283.9857988734,621931.3972980154,639828.9591319305,695996.6273836212,1059.05484269848,274814866.0,110.78522546110987,34753.030685663456,582584.3897251835
2020-02-09,531287.7494464347,6,1,0,26.78356164383562,8.529032258064515,607506.3560861085,549774.5573522381,704265.1878162634,693355.6548256492,1059.05484269848,274814866.0,110.78522546110987,-39632.64838978241,551615.2071639771
2020-02-10,738485.3855234915,0,0,0,26.908552631578942,12.274242424242424,531287.7494464347,705794.3383236837,552383.0514505506,698025.8044256218,1059.05484269848,274814866.0,110.78522546110987,18691.187825816916,743809.6409892156
2020-02-11,701390.2158476884,1,0,0,27.11554054054054,10.175652173913043,738485.3855234915,747926.663714829,534528.547912409,691377.7404446016,1059.05484269848,274814866.0,110.78522546110987,-19249.06323721737,712390.1145688691
2020-02-12,652673.3876382016,2,0,0,27.250340136054422,7.452459016393443,701390.2158476884,782941.2300488276,694402.4802627515,672768.0486716551,1059.05484269848,274814866.0,110.78522546110987,-67754.57375340653,702477.4881535269
2020-02-13,693286.1385603815,3,0,0,27.20748299319728,9.92991452991453,652673.3876382016,790749.2603607874,704910.5300374435,658844.7455573113,1059.05484269848,274814866.0,110.78522546110987,-25502.466244357987,690097.0134473611
2020-02-14,677357.9027639745,4,0,0,27.31418918918919,8.216935483870968,693286.1385603815,687283.9857988734,673341.6481210493,657426.733695183,1059.05484269848,274814866.0,110.78522546110987,-41119.822394563,682064.7638154478
2020-02-15,546084.0166236669,5,1,0,27.219867549668873,9.754887218045113,677357.9027639745,607506.3560861085,688759.1587287274,648652.113771977,1059.05484269848,274814866.0,110.78522546110987,-23769.237049166928,542173.3051497565
2020-02-16,568006.0669028409,6,1,0,26.980405405405406,12.146511627906978,546084.0166236669,531287.7494464347,697259.5927861175,653897.5876943208,1059.05484269848,274814866.0,110.78522546110987,-748.206654104637,551577.3086138957
2020-02-17,731936.956121676,0,0,0,26.697986577181208,14.112213740458015,568006.0669028409,738485.3855234915,587848.7382121517,652962.0977797757,1059.05484269848,274814866.0,110.78522546110987,13562.519039772335,703078.2366754086
2020-02-18,710244.7979462208,1,0,0,26.624827586206894,17.28905109489051,731936.956121676,701390.2158476884,554616.6469271326,654227.038079566,1059.05484269848,274814866.0,110.78522546110987,-9713.895002367324,696567.1820100951
2020-02-19,759064.8956184378,2,0,0,26.61972789115646,11.714285714285714,710244.7979462208,652673.3876382016,678081.9681510421,669425.8249338855,1059.05484269848,274814866.0,110.78522546110987,38604.623273924924,721651.2553397348
2020-02-20,638430.1655933204,3,0,0,26.842953020134228,16.135,759064.8956184378,693286.1385603815,763663.119984909,661589.2573671624,1059.05484269848,274814866.0,110.78522546110987,-81059.24598387582,671749.5822176089
2020-02-21,682251.037252111,4,0,0,26.964625850340138,10.543650793650794,638430.1655933204,677357.9027639745,686309.2582492557,662288.2765797534,1059.05484269848,274814866.0,110.78522546110987,-37534.8510194344,695168.4532662104
2020-02-22,507277.2613969432,5,1,0,27.15034013605442,12.45,682251.037252111,546084.0166236669,789297.2069664424,656744.4544045072,1059.05484269848,274814866.0,110.78522546110987,-64415.40520904149,545573.7209363186
2020-02-23,498944.95167393895,6,1,0,27.35793103448276,12.94322033898305,507277.2613969432,568006.0669028409,700840.6959934387,646878.5808003783,1059.05484269848,274814866.0,110.78522546110987,-72091.02259776072,540350.7297617632
2020-02-24,726880.5406863032,0,0,0,27.4722972972973,9.518604651162793,498944.95167393895,731936.956121676,562739.0285509666,646156.2357381822,1059.05484269848,274814866.0,110.78522546110987,5881.533706553164,707702.5644255407
2020-02-25,734044.3902036776,1,0,0,27.34697986577181,12.358914728682173,726880.5406863032,710244.7979462208,633192.797075175,649556.1774892474,1059.05484269848,274814866.0,110.78522546110987,11225.506805435405,716157.994811278
2020-02-26,738740.622009284,2,0,0,27.436301369863013,9.503149606299214,734044.3902036776,759064.8956184378,642776.2294984864,646652.7098307969,1059.05484269848,274814866.0,110.78522546110987,15296.828164750594,719708.373529997
2020-02-27,723825.3490785775,3,0,0,27.539455782312928,11.15603448275862,738740.622009284,638430.1655933204,675428.6229753662,658852.0217572622,1059.05484269848,274814866.0,110.78522546110987,1343.5320598932449,694829.932826543
2020-02-28,677360.6036054349,4,0,0,27.58013698630137,7.616666666666666,723825.3490785775,682251.037252111,681466.3995793601,658153.3883791657,1059.05484269848,274814866.0,110.78522546110987,-45312.87629081798,680025.2263646906
2020-02-29,631211.415731759,5,1,0,27.49319727891157,10.80390625,677360.6036054349,507277.2613969432,728684.3141719548,675858.2675698536,1059.05484269848,274814866.0,110.78522546110987,56846.059608188574,606522.528187218
2020-03-01,590914.9001745677,6,1,0,27.476666666666667,12.88828125,631211.415731759,498944.95167393895,706147.0425773294,688996.8316413721,1059.05484269848,274814866.0,108.68392833811312,17524.872958916123,590291.0701751353
2020-03-02,742212.8695990129,0,0,0,27.539735099337747,16.51914893617021,590914.9001745677,726880.5406863032,621931.3972980154,691187.1643431876,1059.05484269848,274814866.0,108.68392833811312,19273.26392027235,729842.2627186945
2020-03-03,691827.749938426,1,0,0,27.429333333333332,16.61825396825397,742212.8695990129,734044.3902036776,549774.5573522381,685156.215733866,1059.05484269848,274814866.0,108.68392833811312,-32434.69789451128,685591.7947001924
2020-03-04,662851.25008703,2,0,0,27.064,13.529770992366412,691827.749938426,738740.622009284,705794.3383236837,674314.8768878297,1059.05484269848,274814866.0,108.68392833811312,-61468.75595728611,712522.1278719933
2020-03-05,687544.9585927107,3,0,0,26.862837837837837,15.621014492753622,662851.25008703,723825.3490785775,747926.663714829,669131.9639612773,1059.05484269848,274814866.0,108.68392833811312,-35190.34370581643,689027.6254339177
2020-03-06,732157.3631165038,4,0,0,26.997333333333337,13.596923076923076,687544.9585927107,677360.6036054349,782941.2300488276,676960.0724628585,1059.05484269848,274814866.0,108.68392833811312,9892.256093404023,716362.7712984185
2020-03-07,593686.0364464975,5,1,0,26.85562913907285,12.41171875,732157.3631165038,631211.415731759,790749.2603607874,671599.3039935355,1059.05484269848,274814866.0,108.68392833811312,20412.908305618446,560132.8920265976
2020-03-08,593011.0483541401,6,1,0,26.9158940397351,14.32396694214876,593686.0364464975,590914.9001745677,687283.9857988734,671898.7537334745,1059.05484269848,274814866.0,108.68392833811312,21401.503419183893,569898.7395062755
2020-03-09,685251.8020232335,0,0,0,27.284666666666663,9.287804878048782,593011.0483541401,742212.8695990129,607506.3560861085,663761.4583655059,1059.05484269848,274814866.0,108.68392833811312,-35232.294469636516,708570.9273055837
2020-03-10,669761.0058087262,1,0,0,27.65973154362416,6.767256637168142,685251.8020232335,691827.749938426,531287.7494464347,660609.0663469775,1059.05484269848,274814866.0,108.68392833811312,-51401.35745314497,688306.7773234071
2020-03-11,725241.3548334106,2,0,0,27.89072847682119,6.689473684210527,669761.0058087262,662851.25008703,738485.3855234915,669521.9384536033,1059.05484269848,274814866.0,108.68392833811312,4619.152845825767,719403.9655133644
2020-03-12,680052.8439592937,3,0,0,27.489261744966445,6.071186440677966,725241.3548334106,687544.9585927107,701390.2158476884,668451.636363115,1059.05484269848,274814866.0,108.68392833811312,-38448.98217845615,709695.0725448425
2020-03-13,734453.1777157789,4,0,0,27.50469798657718,7.125396825396825,680052.8439592937,732157.3631165038,652673.3876382016,668779.6098772973,1059.05484269848,274814866.0,108.68392833811312,16881.55255148746,711664.1301828783
2020-03-14,557709.9213534043,5,1,0,27.35379310344828,8.753781512605043,734453.1777157789,593686.0364464975,693286.1385603815,663640.1648639982,1059.05484269848,274814866.0,108.68392833811312,-10497.11479249422,555349.4016516823
2020-03-15,576155.7051652968,6,1,0,27.585234899328857,6.327350427350427,557709.9213534043,593011.0483541401,677357.9027639745,661232.2586941634,1059.05484269848,274814866.0,108.68392833811312,9887.895352708292,548805.5924086248
2020-03-16,641526.5463937875,0,0,0,27.28684210526316,9.581967213114757,576155.7051652968,685251.8020232335,546084.0166236669,654985.7936042425,1059.05484269848,274814866.0,108.68392833811312,-73444.34046054003,672247.9265167665
2020-03-17,743354.881204426,1,0,0,27.224137931034484,10.176612903225807,641526.5463937875,669761.0058087262,568006.0669028409,665499.2043750568,1059.05484269848,274814866.0,108.68392833811312,27768.3534822528,706209.169766127
2020-03-18,689201.62650239,2,0,0,27.179054054054053,11.285344827586206,743354.881204426,725241.3548334106,731936.956121676,660350.6717563396,1059.05484269848,274814866.0,108.68392833811312,-25893.03283607692,698799.3735850239
2020-03-19,650203.0681242853,3,0,0,26.95751633986928,11.916666666666666,689201.62650239,680052.8439592937,710244.7979462208,656086.4180656242,1059.05484269848,274814866.0,108.68392833811312,-62929.86420862167,686877.9278413837
2020-03-20,596819.5627247593,4,0,0,26.776158940397348,15.528467153284671,650203.0681242853,734453.1777157789,759064.8956184378,636424.4730669071,1059.05484269848,274814866.0,108.68392833811312,-115649.01932202128,625457.4460339982
2020-03-21,520604.03122521064,5,1,0,26.913103448275866,10.546715328467156,596819.5627247593,557709.9213534043,638430.1655933204,631123.6316200222,1059.05484269848,274814866.0,108.68392833811312,-42867.373879271676,541655.4715456124
2020-03-22,578687.5023786253,6,1,0,26.90204081632653,12.408759124087592,520604.03122521064,576155.7051652968,682251.037252111,631485.316936212,1059.05484269848,274814866.0,108.68392833811312,16694.31211408414,538307.3551115611
2020-03-23,722900.6972055295,0,0,0,26.85430463576159,12.553076923076924,578687.5023786253,641526.5463937875,507277.2613969432,643110.1956236038,1059.05484269848,274814866.0,108.68392833811312,11659.88253717788,701791.4587220124
2020-03-24,677851.8651283794,1,0,0,26.89864864864865,9.086259541984733,722900.6972055295,743354.881204426,498944.95167393895,633752.6218984543,1059.05484269848,274814866.0,108.68392833811312,-34620.77749079291,689485.3139148987
2020-03-25,720172.944988345,2,0,0,27.37027027027027,9.162096774193548,677851.8651283794,689201.62650239,726880.5406863032,638177.0959678764,1059.05484269848,274814866.0,108.68392833811312,7517.761959526339,688851.4985168315
2020-03-26,764886.9721437333,3,0,0,27.285135135135135,9.216379310344829,720172.944988345,650203.0681242853,734044.3902036776,654560.5108277976,1059.05484269848,274814866.0,108.68392833811312,53475.4812197109,706439.2283092936
2020-03-27,682483.9495095185,4,0,0,27.30890410958904,11.6808,764886.9721437333,596819.5627247593,738740.622009284,666798.2803684773,1059.05484269848,274814866.0,108.68392833811312,-29009.447756592883,690357.0201295079
2020-03-28,585747.573841293,5,1,0,27.34026845637584,8.863636363636363,682483.9495095185,520604.03122521064,723825.3490785775,676104.5007422034,1059.05484269848,274814866.0,108.68392833811312,22492.704463617643,587916.9361869578
2020-03-29,552064.6578988286,6,1,0,27.304109589041097,7.2975,585747.573841293,578687.5023786253,677360.6036054349,672301.2372450896,1059.05484269848,274814866.0,108.68392833811312,-10467.173007812118,561855.6168608356
2020-03-30,735171.5453046865,0,0,0,27.243835616438357,10.957894736842103,552064.6578988286,722900.6972055295,631211.415731759,674054.2155449692,1059.05484269848,274814866.0,108.68392833811312,22655.9026591616,728910.2699410222
2020-03-31,685040.5306324596,1,0,0,27.282993197278913,10.499253731343284,735171.5453046865,677851.8651283794,590914.9001745677,675081.1677598377,1059.05484269848,274814866.0,108.68392833811312,-29409.341129937326,714551.5599531102
2020-04-01,685307.6633604835,2,0,0,27.30070422535211,11.0,685040.5306324596,720172.944988345,742212.8695990129,670100.4132415719,1059.05484269848,274814866.0,112.15984674091668,-29979.63310166262,709072.6111760093
2020-04-02,675361.7198182142,3,0,0,27.447058823529417,9.528,685307.6633604835,764886.9721437333,691827.749938426,657311.0914807834,1059.05484269848,274814866.0,112.15984674091668,-39276.90323879477,688802.0716390682
2020-04-03,669424.9442308042,4,0,0,27.394890510948905,8.470992366412213,675361.7198182142,682483.9495095185,662851.25008703,655445.51929811,1059.05484269848,274814866.0,112.15984674091668,-45820.04793731216,677743.0019988039
2020-04-04,528514.9646684456,5,1,0,27.53916083916084,9.20689655172414,669424.9442308042,585747.573841293,687544.9585927107,647269.4322734175,1059.05484269848,274814866.0,112.15984674091668,-38936.605245112325,542131.7345704209
2020-04-05,585849.8318214697,6,1,0,27.152272727272727,14.624806201550388,528514.9646684456,552064.6578988286,732157.3631165038,652095.8856909376,1059.05484269848,274814866.0,112.15984674091668,18762.284029102302,565943.5480867265
2020-04-06,699051.103660148,0,0,0,26.84108527131783,13.36611570247934,585849.8318214697,735171.5453046865,593686.0364464975,646935.8225988607,1059.05484269848,274814866.0,112.15984674091668,-18288.64507185493,701099.7882293356
2020-04-07,664040.3240014071,1,0,0,26.785714285714285,13.647058823529411,699051.103660148,685040.5306324596,593011.0483541401,643935.7930801389,1059.05484269848,274814866.0,112.15984674091668,-55409.14039666834,676803.7876657172
2020-04-08,783633.3104571707,2,0,0,26.904615384615383,12.48595041322314,664040.3240014071,685307.6633604835,685251.8020232335,657982.3140939514,1059.05484269848,274814866.0,112.15984674091668,63263.840588371735,708267.2524867656
2020-04-09,672459.8893695893,3,0,0,27.16744186046511,10.796774193548387,783633.3104571707,675361.7198182142,669761.0058087262,657567.7668870051,1059.05484269848,274814866.0,112.15984674091668,-47252.80378686963,685511.562645189
2020-04-10,661398.2491999229,4,0,0,27.515503875968992,9.605982905982907,672459.8893695893,669424.9442308042,725241.3548334106,656421.0961683076,1059.05484269848,274814866.0,112.15984674091668,-58826.36910977459,690857.0648146265
2020-04-11,537825.1541040824,5,1,0,27.2625,8.830327868852459,661398.2491999229,528514.9646684456,680052.8439592937,657751.1232305414,1059.05484269848,274814866.0,112.15984674091668,-34431.56722122291,549053.1460180965
2020-04-12,522910.3274407761,6,1,0,27.42578125,6.555140186915888,537825.1541040824,585849.8318214697,734453.1777157789,648759.7654618708,1059.05484269848,274814866.0,112.15984674091668,-48735.93980970868,547498.7500084919
2020-04-13,777181.9831605048,0,0,0,27.36992481203007,9.342622950819672,522910.3274407761,699051.103660148,557709.9213534043,659921.3196762076,1059.05484269848,274814866.0,112.15984674091668,55566.00640133512,715480.8260197798
2020-04-14,706408.4799518767,1,0,0,27.3007874015748,9.08515625,777181.9831605048,664040.3240014071,576155.7051652968,665973.9133834175,1059.05484269848,274814866.0,112.15984674091668,-16983.18918710167,693870.8791620395
2020-04-15,712476.7271235425,2,0,0,27.528358208955225,10.160317460317462,706408.4799518767,783633.3104571707,641526.5463937875,655808.6871928993,1059.05484269848,274814866.0,112.15984674091668,-11461.15824737621,715823.369414797
2020-04-16,703731.0757238938,3,0,0,27.46744186046512,8.462727272727273,712476.7271235425,672459.8893695893,743354.881204426,660275.9995292284,1059.05484269848,274814866.0,112.15984674091668,-19148.8513214736,703250.6210494806
2020-04-17,731851.9379257543,4,0,0,27.60952380952381,8.342276422764227,703731.0757238938,661398.2491999229,689201.62650239,670340.8122043472,1059.05484269848,274814866.0,112.15984674091668,8876.014486405067,712281.2439072633
2020-04-18,581540.4110671879,5,1,0,27.535820895522388,9.219642857142857,731851.9379257543,537825.1541040824,650203.0681242853,676585.8489133622,1059.05484269848,274814866.0,112.15984674091668,6950.481313161901,586955.6648649534
2020-04-19,526366.2776052014,6,1,0,27.453731343283582,9.415652173913044,581540.4110671879,522910.3274407761,596819.5627247593,677079.5560797089,1059.05484269848,274814866.0,112.15984674091668,-47205.115991020575,562807.4716000044
2020-04-20,757538.3687230337,0,0,0,27.84812030075188,7.273109243697479,526366.2776052014,777181.9831605048,520604.03122521064,674273.3254457843,1059.05484269848,274814866.0,112.15984674091668,34410.167313192505,744404.144625733
2020-04-21,688467.9220224111,1,0,0,27.87364341085271,8.62803738317757,757538.3687230337,706408.4799518767,578687.5023786253,671710.3885987179,1059.05484269848,274814866.0,112.15984674091668,-36055.022664610064,695626.600336993
2020-04-22,758938.7692115285,2,0,0,27.93488372093023,5.822,688467.9220224111,712476.7271235425,722900.6972055295,678347.8231827158,1059.05484269848,274814866.0,112.15984674091668,34209.40231671347,738161.265642161
2020-04-23,665179.9798372505,3,0,0,27.494615384615383,9.084873949579832,758938.7692115285,703731.0757238938,677851.8651283794,672840.5237703382,1059.05484269848,274814866.0,112.15984674091668,-58200.50333599129,687880.9909828758
2020-04-24,732013.3358363403,4,0,0,27.433333333333337,7.529508196721312,665179.9798372505,731851.9379257543,720172.944988345,672863.5806147077,1059.05484269848,274814866.0,112.15984674091668,8772.87037545396,718129.3090445034
2020-04-25,557046.843473086,5,1,0,27.29785714285714,13.276422764227643,732013.3358363403,581540.4110671879,764886.9721437333,669364.4995298359,1059.05484269848,274814866.0,112.15984674091668,-17630.76174120733,565304.9448484537
2020-04-26,521123.9840589773,6,1,0,27.16268656716418,12.113223140495869,557046.843473086,526366.2776052014,682483.9495095185,668615.6004518039,1059.05484269848,274814866.0,112.15984674091668,-52419.70966670156,555260.0908642064
2020-04-27,732587.5700753641,0,0,0,27.12554744525547,12.178740157480314,521123.9840589773,757538.3687230337,585747.573841293,665051.2006449939,1059.05484269848,274814866.0,112.15984674091668,9540.536715182243,728298.3951212256
2020-04-28,671412.0459069958,1,0,0,26.709489051094888,18.188059701492534,732587.5700753641,688467.9220224111,552064.6578988286,662614.6469142204,1059.05484269848,274814866.0,112.15984674091668,-53036.67393051891,684312.8417868844
2020-04-29,658394.9771570214,2,0,0,26.985211267605635,16.738518518518518,671412.0459069958,758938.7692115285,735171.5453046865,648251.2480492907,1059.05484269848,274814866.0,112.15984674091668,-66324.17828513903,666789.6895506369
2020-04-30,706458.7311184,3,0,0,26.93450704225352,14.057142857142855,658394.9771570214,665179.9798372505,685040.5306324596,654148.2125180264,1059.05484269848,274814866.0,112.15984674091668,-17027.55179716181,713512.9233032792
2020-05-01,737211.6247579909,4,0,0,27.097619047619048,11.04396551724138,706458.7311184,732013.3358363403,685307.6633604835,654890.8252211194,1059.05484269848,274814866.0,110.62970853565535,13703.995610141661,713137.3103552433
2020-05-02,548780.7056518771,5,1,0,26.977165354330708,15.466964285714283,737211.6247579909,557046.843473086,675361.7198182142,653709.9483895181,1059.05484269848,274814866.0,110.62970853565535,-26362.760558687034,565004.5817020214
2020-05-03,572286.3721452064,6,1,0,27.46307692307692,7.745081967213115,548780.7056518771,521123.9840589773,669424.9442308042,661018.8609732651,1059.05484269848,274814866.0,110.62970853565535,-1950.0519895087928,565406.8339804654
2020-05-04,697155.61081508,0,0,0,27.64921875,6.416528925619835,572286.3721452064,732587.5700753641,528514.9646684456,655957.1525075103,1059.05484269848,274814866.0,110.62970853565535,-26829.15152007807,700464.0951531433
2020-05-05,774660.0413288228,1,0,0,27.871317829457364,8.804424778761062,697155.61081508,671412.0459069958,585849.8318214697,670706.8661391998,1059.05484269848,274814866.0,110.62970853565535,49021.108586560586,729089.0187034409
2020-05-06,712435.7717687978,2,0,0,27.853787878787877,11.114782608695652,774660.0413288228,658394.9771570214,699051.103660148,678426.9796551679,1059.05484269848,274814866.0,110.62970853565535,-13722.615243872046,704690.2389094783
2020-05-07,703705.2304844583,3,0,0,28.02857142857143,6.193203883495145,712435.7717687978,706458.7311184,664040.3240014071,678033.6224217477,1059.05484269848,274814866.0,110.62970853565535,-21454.879309582408,724598.865384618
2020-05-08,675578.9052934899,4,0,0,27.654032258064515,13.429729729729733,703705.2304844583,737211.6247579909,783633.3104571707,669228.9482125331,1059.05484269848,274814866.0,110.62970853565535,-49812.0540425271,694262.9801171221
2020-05-09,603281.0104139828,5,1,0,27.52279411764706,11.81869918699187,675578.9052934899,548780.7056518771,672459.8893695893,677014.7060356912,1059.05484269848,274814866.0,110.62970853565535,26079.895109640085,589436.6170637253
2020-05-10,504220.6804725983,6,1,0,27.632846715328466,11.2675,603281.0104139828,572286.3721452064,661398.2491999229,667291.0357967472,1059.05484269848,274814866.0,110.62970853565535,-72203.28038961405,548317.462704382
2020-05-11,677255.2342819566,0,0,0,27.750746268656716,10.185344827586206,504220.6804725983,697155.61081508,537825.1541040824,664448.1248634438,1059.05484269848,274814866.0,110.62970853565535,-48994.364823831245,693077.3940643813
2020-05-12,758975.5632458384,1,0,0,27.806015037593983,6.917241379310345,677255.2342819566,774660.0413288228,522910.3274407761,662207.4851373032,1059.05484269848,274814866.0,110.62970853565535,31053.932451344095,736058.72220619
2020-05-13,754456.9543174427,2,0,0,27.670454545454547,10.309166666666666,758975.5632458384,712435.7717687978,777181.9831605048,668210.511215681,1059.05484269848,274814866.0,110.62970853565535,26062.81384330138,709855.4238173417
2020-05-14,633068.9486619888,3,0,0,27.71395348837209,8.796190476190477,754456.9543174427,703705.2304844583,706408.4799518767,658119.613812471,1059.05484269848,274814866.0,110.62970853565535,-94211.41999925196,678153.3686828346
2020-05-15,695836.2663610957,4,0,0,27.93769230769231,8.104918032786886,633068.9486619888,675578.9052934899,712476.7271235425,661013.5225364148,1059.05484269848,274814866.0,110.62970853565535,-31488.881785789155,696257.4940925178
2020-05-16,619382.012898358,5,1,0,28.017293233082707,7.894690265486726,695836.2663610957,603281.0104139828,703731.0757238938,663313.6657484684,1059.05484269848,274814866.0,110.62970853565535,40503.61071345757,571732.0577714815
2020-05-17,649176.0398365613,6,1,0,27.621641791044777,8.258653846153846,619382.012898358,504220.6804725983,731851.9379257543,684021.5742290345,1059.05484269848,274814866.0,110.62970853565535,71401.00911875907,611472.0778068218
2020-05-18,721963.3894538045,0,0,0,27.458015267175572,11.166911764705883,649176.0398365613,677255.2342819566,581540.4110671879,690408.4535392986,1059.05484269848,274814866.0,110.62970853565535,-5244.995559982257,712429.6809035053
2020-05-19,689279.7006360228,1,0,0,27.55153846153846,14.723333333333333,721963.3894538045,758975.5632458384,526366.2776052014,680451.9017378964,1059.05484269848,274814866.0,110.62970853565535,-39147.258484175196,688412.9848357401
2020-05-20,697433.8853176698,2,0,0,27.38832116788321,12.66825396825397,689279.7006360228,754456.9543174427,757538.3687230337,672305.7490236431,1059.05484269848,274814866.0,110.62970853565535,-30957.362490723724,704717.0777123555
2020-05-21,754753.8122525273,3,0,0,27.422764227642276,13.542148760330578,697433.8853176698,633068.9486619888,688467.9220224111,689689.3009651484,1059.05484269848,274814866.0,110.62970853565535,28031.55992189236,747703.8296986268
2020-05-22,677884.6816977294,4,0,0,27.2928,12.67117117117117,754753.8122525273,695836.2663610957,758938.7692115285,687124.7888703819,1059.05484269848,274814866.0,110.62970853565535,-48289.034920225036,698942.9598112879
2020-05-23,568132.616651233,5,1,0,27.37295081967213,10.524590163934429,677884.6816977294,619382.012898358,665179.9798372505,679803.4465493641,1059.05484269848,274814866.0,110.62970853565535,-8972.780447197845,576557.3710673004
2020-05-24,573473.2661026188,6,1,0,27.580645161290324,6.8009900990099,568132.616651233,649176.0398365613,732013.3358363403,668988.7645873723,1059.05484269848,274814866.0,110.62970853565535,-1889.432261280017,560371.9902457424
2020-05-25,618936.7229335369,0,0,0,27.48046875,7.578378378378379,573473.2661026188,721963.3894538045,557046.843473086,654270.6693701912,1059.05484269848,274814866.0,110.62970853565535,-105213.15872822807,679366.5495181817
2020-05-26,727167.6323719202,1,0,0,27.446616541353382,7.907563025210084,618936.7229335369,689279.7006360228,521123.9840589773,659683.231046748,1059.05484269848,274814866.0,110.62970853565535,2441.1508211160544,720809.4676501304
2020-05-27,765253.7272641954,2,0,0,27.284172661870503,10.100900900900902,727167.6323719202,697433.8853176698,732587.5700753641,669371.7798962516,1059.05484269848,274814866.0,110.62970853565535,41189.839752763044,733599.1285111863
2020-05-28,709244.810951058,3,0,0,27.115328467153287,9.223636363636365,765253.7272641954,754753.8122525273,671412.0459069958,662870.4939960417,1059.05484269848,274814866.0,110.62970853565535,-12548.767958312877,695794.8721548081
2020-05-29,684712.4314272681,4,0,0,27.199270072992704,12.60863309352518,709244.810951058,677884.6816977294,658394.9771570214,663845.8868145471,1059.05484269848,274814866.0,110.62970853565535,-35966.67141801061,711730.1978243022
2020-05-30,584086.0006998859,5,1,0,27.423357664233578,7.051666666666667,684712.4314272681,568132.616651233,706458.7311184,666124.9416786404,1059.05484269848,274814866.0,110.62970853565535,12996.896111903945,576331.1110498939
2020-05-31,537883.2952230353,6,1,0,27.221379310344822,9.031343283582087,584086.0006998859,573473.2661026188,737211.6247579909,661040.6601244143,1059.05484269848,274814866.0,110.62970853565535,-30993.453608199023,548072.3943365642
2020-06-01,707713.2476540814,0,0,0,26.9453125,10.29921875,537883.2952230353,618936.7229335369,548780.7056518771,673723.0207987778,1059.05484269848,274814866.0,111.670133627174,-9539.496400341042,704395.122454801
2020-06-02,704689.1498543265,1,0,0,27.144776119402987,7.524,707713.2476540814,727167.6323719202,572286.3721452064,670511.8090105501,1059.05484269848,274814866.0,111.670133627174,-12792.46001184464,720736.2887325868
2020-06-03,672669.4687966234,2,0,0,27.111363636363635,7.622222222222222,704689.1498543265,765253.7272641954,697155.61081508,657285.4863723256,1059.05484269848,274814866.0,111.670133627174,-43868.678923940286,677791.9617810195
2020-06-04,775066.7893455244,3,0,0,26.93,6.480327868852459,672669.4687966234,709244.810951058,774660.0413288228,666688.6261429635,1059.05484269848,274814866.0,111.670133627174,61011.18332416774,730347.5580666178
2020-06-05,681071.5332079442,4,0,0,26.681300813008132,10.774137931034485,775066.7893455244,684712.4314272681,712435.7717687978,666168.4978259174,1059.05484269848,274814866.0,111.670133627174,-31726.097510537365,693136.6734263304
2020-06-06,541575.3916880838,5,1,0,26.698496240601504,11.653658536585366,681071.5332079442,584086.0006998859,703705.2304844583,660095.5536813742,1059.05484269848,274814866.0,111.670133627174,-21555.919885198586,546834.811543096
2020-06-07,556498.8566303117,6,1,0,26.823880597014927,12.194690265486726,541575.3916880838,537883.2952230353,675578.9052934899,662754.9195966993,1059.05484269848,274814866.0,111.670133627174,-4407.805100191501,545307.5559427134
2020-06-08,741830.9114300015,0,0,0,26.931297709923665,8.137606837606837,556498.8566303117,707713.2476540814,603281.0104139828,667628.8715646879,1059.05484269848,274814866.0,111.670133627174,32501.170219932916,711427.6243671019
2020-06-09,711370.7459196026,1,0,0,26.964492753623187,9.30940170940171,741830.9114300015,704689.1498543265,504220.6804725983,668583.3852882988,1059.05484269848,274814866.0,111.670133627174,1711.6844020762946,722422.6104955592
2020-06-10,659001.5164654586,2,0,0,27.136231884057977,6.541025641025641,711370.7459196026,672669.4687966234,677255.2342819566,666630.8206695609,1059.05484269848,274814866.0,111.670133627174,-49898.02660376462,700429.4751500605
2020-06-11,715961.3261322569,3,0,0,27.06641791044776,5.616239316239317,659001.5164654586,775066.7893455244,758975.5632458384,658187.1830676656,1059.05484269848,274814866.0,111.670133627174,9322.388820660184,709898.3626343721
2020-06-12,679074.0883136275,4,0,0,26.98190476190476,5.997321428571429,715961.3261322569,681071.5332079442,754456.9543174427,657901.8337970489,1059.05484269848,274814866.0,111.670133627174,-26557.860460648197,690367.0090114524
2020-06-13,617327.419818651,5,1,0,26.841911764705884,7.0128,679074.0883136275,541575.3916880838,633068.9486619888,668723.5521014157,1059.05484269848,274814866.0,111.670133627174,61091.207720627775,576144.6303576815
2020-06-14,609960.3638597588,6,1,0,27.261654135338347,9.88548387096774,617327.419818651,556498.8566303117,695836.2663610957,676360.9102770509,1059.05484269848,274814866.0,111.670133627174,55668.33377108921,574626.4356221072
2020-06-15,710477.0744745743,0,0,0,27.240151515151513,6.24957264957265,609960.3638597588,741830.9114300015,619382.012898358,671881.79071199,1059.05484269848,274814866.0,111.670133627174,7481.312537721125,704802.4683454421
2020-06-16,751596.353373665,1,0,0,26.966923076923077,11.806194690265489,710477.0744745743,711370.7459196026,649176.0398365613,677628.3060625702,1059.05484269848,274814866.0,111.670133627174,47999.86126855784,720719.3080565338
2020-06-17,702461.6702404437,2,0,0,26.966165413533833,8.931623931623932,751596.353373665,659001.5164654586,721963.3894538045,683836.8994589968,1059.05484269848,274814866.0,111.670133627174,-591.2597666123183,695696.295289
2020-06-18,739507.3060225062,3,0,0,26.845185185185183,10.806722689075633,702461.6702404437,715961.3261322569,689279.7006360228,687200.6108718895,1059.05484269848,274814866.0,111.670133627174,38525.285475076176,713606.1352525442
2020-06-19,707762.8167952352,4,0,0,26.91925925925926,9.88495575221239,739507.3060225062,679074.0883136275,697433.8853176698,691299.0006549762,1059.05484269848,274814866.0,111.670133627174,7631.471482659923,711067.0410027886
2020-06-20,507184.20762334525,5,1,0,26.779710144927535,10.0872,707762.8167952352,617327.419818651,754753.8122525273,675564.2560556469,1059.05484269848,274814866.0,111.670133627174,-43668.40554161259,537510.9277634128
2020-06-21,520368.61252687615,6,1,0,26.583458646616545,11.07222222222222,507184.20762334525,609960.3638597588,677884.6816977294,662765.4344366638,1059.05484269848,274814866.0,111.670133627174,-28612.954091581516,534383.1270583651
2020-06-22,695397.2955358406,0,0,0,26.453488372093023,9.14959349593496,520368.61252687615,710477.0744745743,568132.616651233,660611.1803025588,1059.05484269848,274814866.0,111.670133627174,-2314.208285169094,695587.0288333796
2020-06-23,653820.36189672,1,0,0,26.545112781954888,13.21259842519685,695397.2955358406,751596.353373665,573473.2661026188,646643.181520138,1059.05484269848,274814866.0,111.670133627174,-44469.68132308277,660853.3631492206
2020-06-24,659062.7039751094,2,0,0,26.459230769230768,10.341463414634148,653820.36189672,702461.6702404437,618936.7229335369,640443.329196519,1059.05484269848,274814866.0,111.670133627174,-38613.37458003254,689783.569416137
2020-06-25,633179.5520895433,3,0,0,26.62755905511811,8.354464285714286,659062.7039751094,739507.3060225062,727167.6323719202,625253.6500632385,1059.05484269848,274814866.0,111.670133627174,-62308.85064084327,649299.9354953509
2020-06-26,688224.6104735801,4,0,0,26.58484848484848,8.487378640776699,633179.5520895433,707762.8167952352,765253.7272641954,622462.4777315735,1059.05484269848,274814866.0,111.670133627174,-6253.469378750073,672826.8689195238
2020-06-27,554094.7479235267,5,1,0,26.446875,7.324561403508772,688224.6104735801,507184.20762334525,709244.810951058,629163.9834887423,1059.05484269848,274814866.0,111.670133627174,9092.883213442285,548295.9412811734
2020-06-28,520272.1856079893,6,1,0,26.702898550724637,5.131428571428571,554094.7479235267,520368.61252687615,684712.4314272681,629150.2082146156,1059.05484269848,274814866.0,111.670133627174,-22629.81199270021,540232.6405534642
2020-06-29,689093.5066156955,0,0,0,26.824460431654675,5.8914285714285715,520272.1856079893,695397.2955358406,584086.0006998859,628249.6669403092,1059.05484269848,274814866.0,111.670133627174,-2286.070201098686,676495.3100267141
2020-06-30,714401.8726617363,1,0,0,26.655944055944055,4.479279279279279,689093.5066156955,653820.36189672,537883.2952230353,636904.1684781687,1059.05484269848,274814866.0,111.670133627174,22710.733378658304,679803.5095946018
2020-07-01,685541.289534589,2,0,0,26.448529411764707,5.6675,714401.8726617363,659062.7039751094,707713.2476540814,640686.8235580943,1059.05484269848,274814866.0,111.47264311356936,-5264.111674556159,687955.089810811
2020-07-02,709725.1360336217,3,0,0,26.468702290076337,9.853389830508474,685541.289534589,633179.5520895433,704689.1498543265,651621.9069786769,1059.05484269848,274814866.0,111.47264311356936,21373.493761818274,693088.1853401053
2020-07-03,613841.4504349318,4,0,0,26.641129032258064,7.69908256880734,709725.1360336217,688224.6104735801,672669.4687966234,640995.74125887,1059.05484269848,274814866.0,111.47264311356936,-73250.36775613087,651985.4993623573
2020-07-04,543500.166991531,5,1,0,26.752755905511812,9.092307692307692,613841.4504349318,554094.7479235267,775066.7893455244,639482.2296971565,1059.05484269848,274814866.0,111.47264311356936,6106.459967101575,544162.6740830411
2020-07-05,523959.51616831374,6,1,0,26.6776,7.442718446601942,543500.166991531,520272.1856079893,681071.5332079442,640008.9912057742,1059.05484269848,274814866.0,111.47264311356936,-11150.907317973615,531105.0071169473
2020-07-06,691066.970330416,0,0,0,26.48153846153846,7.494594594594594,523959.51616831374,689093.5066156955,541575.3916880838,640290.9145935914,1059.05484269848,274814866.0,111.47264311356936,7613.460121205542,678417.9732926976
2020-07-07,731134.2839776292,1,0,0,26.43359375,9.09032258064516,691066.970330416,714401.8726617363,556498.8566303117,642681.2590672903,1059.05484269848,274814866.0,111.47264311356936,47445.04090187012,705264.9324374911
2020-07-08,752650.5249183108,2,0,0,26.292424242424243,6.4260504201680675,731134.2839776292,685541.289534589,741830.9114300015,652268.2926935364,1059.05484269848,274814866.0,111.47264311356936,69855.41588871577,694446.640690229
2020-07-09,680531.9347510289,3,0,0,26.196946564885497,14.089344262295082,752650.5249183108,709725.1360336217,711370.7459196026,648097.8353674515,1059.05484269848,274814866.0,111.47264311356936,123.9885769195389,659798.5268261696
2020-07-10,651960.9255646934,4,0,0,26.602380952380955,10.338842975206612,680531.9347510289,613841.4504349318,659001.5164654586,653543.4746717034,1059.05484269848,274814866.0,111.47264311356936,-27334.911345397122,663637.8963973749
2020-07-11,558362.9932159501,5,1,0,26.57,7.075700934579439,651960.9255646934,543500.166991531,715961.3261322569,655666.735560906,1059.05484269848,274814866.0,111.47264311356936,28531.928406217718,542340.1769166646
2020-07-12,506598.1657140253,6,1,0,26.57377049180328,7.657657657657658,558362.9932159501,523959.51616831374,679074.0883136275,653186.5426388647,1059.05484269848,274814866.0,111.47264311356936,-21271.308537521574,524249.39635399793
2020-07-13,685753.8130219629,0,0,0,26.390625,8.961206896551724,506598.1657140253,691066.970330416,617327.419818651,652427.5201662286,1059.05484269848,274814866.0,111.47264311356936,9130.367326802341,686896.6476607462
2020-07-14,670310.1834910437,1,0,0,26.437096774193545,10.97107438016529,685753.8130219629,731134.2839776292,609960.3638597588,643738.3629538594,1059.05484269848,274814866.0,111.47264311356936,-7047.943358955439,677666.3815633515
2020-07-15,708997.918874884,2,0,0,26.482857142857146,10.085576923076925,670310.1834910437,752650.5249183108,710477.0744745743,637502.2763762269,1059.05484269848,274814866.0,111.47264311356936,31950.03853379097,663108.4707740907
2020-07-16,698454.4911579203,3,0,0,26.575172413793105,5.993220338983051,708997.918874884,680531.9347510289,751596.353373665,640062.6415772113,1059.05484269848,274814866.0,111.47264311356936,23130.052236072836,676713.944480438
2020-07-17,596898.8541431649,4,0,0,26.916901408450705,9.73302752293578,698454.4911579203,651960.9255646934,702461.6702404437,632196.6313741358,1059.05484269848,274814866.0,111.47264311356936,-78050.00507723668,618517.8841786674
2020-07-18,577837.1838166318,5,1,0,26.647826086956524,8.043103448275861,596898.8541431649,558362.9932159501,739507.3060225062,634978.6586028048,1059.05484269848,274814866.0,111.47264311356936,51552.599868769525,540604.9081491071
2020-07-19,615398.6628597172,6,1,0,26.66830985915493,6.23828125,577837.1838166318,506598.1657140253,707762.8167952352,650521.586766475,1059.05484269848,274814866.0,111.47264311356936,90221.71303003712,545615.4713882875
2020-07-20,704050.7322404423,0,0,0,26.690070921985814,6.063114754098361,615398.6628597172,685753.8130219629,507184.20762334525,653135.432369115,1059.05484269848,274814866.0,111.47264311356936,29224.380823197658,687622.6344201872
2020-07-21,616465.5524358946,1,0,0,26.73093525179856,6.025,704050.7322404423,670310.1834910437,520368.61252687615,645443.3422183794,1059.05484269848,274814866.0,111.47264311356936,-60019.14496398228,672913.4403968955
2020-07-22,651995.8673197329,2,0,0,26.65821917808219,6.498347107438017,616465.5524358946,708997.918874884,695397.2955358406,637300.1919962149,1059.05484269848,274814866.0,111.47264311356936,-25116.248245256953,678761.6862726278
2020-07-23,730295.7554974689,3,0,0,26.322857142857146,12.37008547008547,651995.8673197329,698454.4911579203,653820.36189672,641848.9440447219,1059.05484269848,274814866.0,111.47264311356936,53970.36324597767,677008.539941263
2020-07-24,649948.1478935544,4,0,0,26.2985401459854,8.225,730295.7554974689,596898.8541431649,659062.7039751094,649427.4145804917,1059.05484269848,274814866.0,111.47264311356936,-26922.083554977668,672665.4509845285
2020-07-25,510573.1768419167,5,1,0,26.194615384615386,5.829824561403509,649948.1478935544,577837.1838166318,633179.5520895433,639818.270726961,1059.05484269848,274814866.0,111.47264311356936,-18521.460277003644,519693.47694839863
2020-07-26,522339.38728933246,6,1,0,26.13985507246377,9.80940170940171,510573.1768419167,615398.6628597172,688224.6104735801,626524.0885026203,1059.05484269848,274814866.0,111.47264311356936,-6489.3619895915035,517250.92032089864
2020-07-27,717217.5728131884,0,0,0,26.246043165467626,7.981746031746031,522339.38728933246,704050.7322404423,554094.7479235267,628405.0657272984,1059.05484269848,274814866.0,111.47264311356936,37959.235794545966,687625.7869163253
2020-07-28,744734.7628997924,1,0,0,26.35,7.935964912280702,717217.5728131884,616465.5524358946,520272.1856079893,646729.2386507123,1059.05484269848,274814866.0,111.47264311356936,63113.18488222314,714757.135752965
2020-07-29,667299.0250232788,2,0,0,26.227407407407405,6.93,744734.7628997924,651995.8673197329,689093.5066156955,648915.4040369332,1059.05484269848,274814866.0,111.47264311356936,-15567.048661528737,660422.5650343365
2020-07-30,644112.4437623491,3,0,0,26.195652173913043,6.255,667299.0250232788,730295.7554974689,714401.8726617363,636603.5023604875,1059.05484269848,274814866.0,111.47264311356936,-38485.135186940315,657326.4984954396
2020-07-31,653299.4242504148,4,0,0,26.208955223880597,5.081372549019608,644112.4437623491,649948.1478935544,685541.289534589,637082.2561257532,1059.05484269848,274814866.0,111.47264311356936,-30253.101130241062,667060.7365759512
2020-08-01,464795.5878566433,5,1,0,26.09271523178808,6.126724137931035,653299.4242504148,510573.1768419167,709725.1360336217,630542.6005564285,1059.05484269848,274814866.0,116.80314791831366,-71276.04736595269,514612.2068920204
2020-08-02,555880.9996071715,6,1,0,26.18175675675676,5.66,464795.5878566433,522339.38728933246,613841.4504349318,635334.2594589769,1059.05484269848,274814866.0,116.80314791831366,19901.04812155862,535605.7174556744
2020-08-03,649778.9931756621,0,0,0,26.26038961038961,3.619090909090909,555880.9996071715,717217.5728131884,543500.166991531,625700.176653616,1059.05484269848,274814866.0,116.80314791831366,-36681.489447365864,667364.8690997022
2020-08-04,707430.116223493,1,0,0,26.48993288590604,7.883478260869565,649778.9931756621,744734.7628997924,523959.51616831374,620370.9414141447,1059.05484269848,274814866.0,116.80314791831366,18679.028713214095,686181.0728100692
2020-08-05,724233.897365168,2,0,0,26.306,9.491150442477876,707430.116223493,667299.0250232788,691066.970330416,628504.4946058431,1059.05484269848,274814866.0,116.80314791831366,34432.35041812016,683403.0668825518
2020-08-06,695024.5967111636,3,0,0,26.514666666666667,4.546491228070175,724233.897365168,644112.4437623491,731134.2839776292,635777.6593128166,1059.05484269848,274814866.0,116.80314791831366,5802.297944173566,684604.5750032174
2020-08-07,695162.1504737934,4,0,0,26.812582781456953,2.3085714285714287,695024.5967111636,653299.4242504148,752650.5249183108,641758.0487732993,1059.05484269848,274814866.0,116.80314791831366,5405.236131672864,675149.5174396263
2020-08-08,565831.2359840522,5,1,0,26.976,3.929807692307692,695162.1504737934,464795.5878566433,680531.9347510289,656191.7127915006,1059.05484269848,274814866.0,116.80314791831366,24038.960771336453,558497.3573291054
2020-08-09,557026.3453617224,6,1,0,27.069736842105264,6.3446428571428575,565831.2359840522,555880.9996071715,651960.9255646934,656355.3336135792,1059.05484269848,274814866.0,116.80314791831366,15897.874076014734,553783.4985901805
2020-08-10,661210.4724838769,0,0,0,27.143046357615894,5.036206896551724,557026.3453617224,649778.9931756621,558362.9932159501,657988.4020861813,1059.05484269848,274814866.0,116.80314791831366,-29751.758805453777,676596.2266637407
2020-08-11,709245.8751308301,1,0,0,27.016556291390728,5.161157024793388,661210.4724838769,707430.116223493,506598.1657140253,658247.7962158009,1059.05484269848,274814866.0,116.80314791831366,16698.970489309635,708097.5248528095
2020-08-12,665592.2706267029,2,0,0,26.873509933774834,7.77936507936508,709245.8751308301,724233.897365168,685753.8130219629,649870.4209674487,1059.05484269848,274814866.0,116.80314791831366,-27256.979541275883,672147.3139764854
2020-08-13,703765.0927291434,3,0,0,26.601960784313725,4.190990990990991,665592.2706267029,695024.5967111636,670310.1834910437,651119.0632557317,1059.05484269848,274814866.0,116.80314791831366,12267.239796824171,683618.7952402733
2020-08-14,651636.5161676249,4,0,0,26.600662251655628,10.993846153846157,703765.0927291434,695162.1504737934,708997.918874884,644901.1154977075,1059.05484269848,274814866.0,116.80314791831366,-39618.73676380736,656859.9079427394
2020-08-15,540594.124355024,5,1,0,26.587999999999997,5.61590909090909,651636.5161676249,565831.2359840522,698454.4911579203,641295.8138364179,1059.05484269848,274814866.0,116.80314791831366,-1896.965686737909,542947.7094823717
2020-08-16,522034.6542699662,6,1,0,26.58344370860927,8.318253968253968,540594.124355024,557026.3453617224,596898.8541431649,636297.0008233098,1059.05484269848,274814866.0,116.80314791831366,-19026.94454425457,536510.1385443208
2020-08-17,658873.6861216169,0,0,0,26.70066225165563,5.9822033898305085,522034.6542699662,661210.4724838769,577837.1838166318,635963.1742001298,1059.05484269848,274814866.0,116.80314791831366,-31308.975420832983,672111.1813309235
2020-08-18,687918.200239631,1,0,0,26.514285714285712,5.281818181818182,658873.6861216169,709245.8751308301,615398.6628597172,632916.363501387,1059.05484269848,274814866.0,116.80314791831366,-3207.856308556744,673001.5526261008
2020-08-19,679276.4634894223,2,0,0,26.5317880794702,4.673983739837398,687918.200239631,665592.2706267029,704050.7322404423,634871.2481960611,1059.05484269848,274814866.0,116.80314791831366,-11599.396692098235,681023.5289173155
2020-08-20,723694.6261245423,3,0,0,26.83219178082192,4.372033898305085,679276.4634894223,703765.0927291434,616465.5524358946,637718.324395404,1059.05484269848,274814866.0,116.80314791831366,34618.13336434937,687581.7706776633
2020-08-21,653393.0944201463,4,0,0,27.06052631578947,1.4537735849056603,723694.6261245423,651636.5161676249,651995.8673197329,637969.2641457642,1059.05484269848,274814866.0,116.80314791831366,-35111.405534095014,670378.9112206643
2020-08-22,573765.6627797089,5,1,0,26.941447368421052,5.149056603773585,653393.0944201463,540594.124355024,730295.7554974689,642708.0553492905,1059.05484269848,274814866.0,116.80314791831366,34224.281379209366,547784.4015090057
2020-08-23,602738.342098773,6,1,0,26.898692810457515,6.46,573765.6627797089,522034.6542699662,649948.1478935544,654237.1536105487,1059.05484269848,274814866.0,116.80314791831366,64685.535091232974,562369.909472854
2020-08-24,660821.0977885888,0,0,0,26.80268456375839,4.7939655172413795,602738.342098773,658873.6861216169,510573.1768419167,654515.3552772589,1059.05484269848,274814866.0,116.80314791831366,-26440.337799016852,691214.1543501359
2020-08-25,664036.8224828425,1,0,0,26.85921052631579,3.5911999999999997,660821.0977885888,687918.200239631,522339.38728933246,651103.729883432,1059.05484269848,274814866.0,116.80314791831366,-24406.15568044444,707026.1122579362
2020-08-26,707997.8455615921,2,0,0,26.735333333333333,4.76875,664036.8224828425,679276.4634894223,717217.5728131884,655206.7844651706,1059.05484269848,274814866.0,116.80314791831366,19415.376645907178,692633.8190933148
2020-08-27,684316.4115581135,3,0,0,26.865333333333336,4.945454545454545,707997.8455615921,723694.6261245423,744734.7628997924,649581.325241395,1059.05484269848,274814866.0,116.80314791831366,-3005.825915931957,683010.8609710344
2020-08-28,652087.2467436665,4,0,0,26.825675675675676,6.723853211009174,684316.4115581135,653393.0944201463,667299.0250232788,649394.7755733265,1059.05484269848,274814866.0,116.80314791831366,-35346.429636842455,668278.6861349157
2020-08-29,555988.1841156681,5,1,0,26.70743243243243,9.27603305785124,652087.2467436665,573765.6627797089,644112.4437623491,646855.1357641778,1059.05484269848,274814866.0,116.80314791831366,16698.06741831114,532202.0844060548
2020-08-30,599262.9906859841,6,1,0,26.944666666666667,7.338211382113822,555988.1841156681,602738.342098773,653299.4242504148,646358.6569909223,1059.05484269848,274814866.0,116.80314791831366,60516.838516108226,535600.1279520441
2020-08-31,752658.4868024731,0,0,0,27.040277777777774,4.146296296296296,599262.9906859841,660821.0977885888,464795.5878566433,659478.2839929058,1059.05484269848,274814866.0,116.80314791831366,63647.861486307345,704947.3237224924
2020-09-01,729556.6106947842,1,0,0,27.05352112676056,8.304273504273505,752658.4868024731,664036.8224828425,555880.9996071715,668838.2537374689,1059.05484269848,274814866.0,113.49413231108753,38213.6954130918,687204.9099312412
2020-09-02,702673.6517771065,2,0,0,26.774305555555557,9.344067796610169,729556.6106947842,707997.8455615921,649778.9931756621,668077.6546253994,1059.05484269848,274814866.0,113.49413231108753,9964.16501907853,687484.7176698031
2020-09-03,710690.4919687724,3,0,0,26.756338028169015,9.66904761904762,702673.6517771065,684316.4115581135,707430.116223493,671845.3803983507,1059.05484269848,274814866.0,113.49413231108753,17958.303141339915,693932.7454827314
2020-09-04,765610.8246625365,4,0,0,27.037323943661978,10.461290322580645,710690.4919687724,652087.2467436665,724233.897365168,688063.0343867607,1059.05484269848,274814866.0,113.49413231108753,71450.43294924241,714484.8534648983
2020-09-05,536450.2927015912,5,1,0,26.909859154929578,7.728925619834711,765610.8246625365,555988.1841156681,695024.5967111636,685271.9070418925,1059.05484269848,274814866.0,113.49413231108753,-10893.974875826505,537524.963894554
2020-09-06,515911.3499954458,6,1,0,26.8112676056338,9.045384615384616,536450.2927015912,599262.9906859841,695162.1504737934,673364.5298003871,1059.05484269848,274814866.0,113.49413231108753,-32203.1981476926,539820.6381935932
2020-09-07,741846.5877120355,0,0,0,26.915328467153284,8.83421052631579,515911.3499954458,752658.4868024731,565831.2359840522,671819.9727874675,1059.05484269848,274814866.0,113.49413231108753,42190.623516175314,704296.9504129125
2020-09-08,715698.1803921579,1,0,0,27.05,8.881081081081081,741846.5877120355,729556.6106947842,557026.3453617224,669840.1970299494,1059.05484269848,274814866.0,113.49413231108753,12494.182420146652,698985.4957193482
2020-09-09,616598.6252502924,2,0,0,27.014705882352946,10.01217391304348,715698.1803921579,702673.6517771065,661210.4724838769,657543.764668976,1059.05484269848,274814866.0,113.49413231108753,-89103.27330023365,667377.4778857996
2020-09-10,701809.2604147322,3,0,0,26.63986013986014,11.729411764705883,616598.6252502924,710690.4919687724,709245.8751308301,656275.0173041131,1059.05484269848,274814866.0,113.49413231108753,-4940.179361152579,694643.480287048
2020-09-11,668566.7337311438,4,0,0,26.78721804511278,11.776153846153846,701809.2604147322,765610.8246625365,665592.2706267029,642411.5757424856,1059.05484269848,274814866.0,113.49413231108753,-40508.76564944326,659195.3082944674
2020-09-12,561861.4850186217,5,1,0,26.913636363636364,7.32578125,668566.7337311438,536450.2927015912,703765.0927291434,646041.7460734899,1059.05484269848,274814866.0,113.49413231108753,-1150.2713400537614,560076.3448480341
2020-09-13,524745.2559461533,6,1,0,26.67786259541985,5.416379310344827,561861.4850186217,515911.3499954458,651636.5161676249,647303.7326378766,1059.05484269848,274814866.0,113.49413231108753,-39627.57474273606,567649.9458139198
2020-09-14,639299.175021005,0,0,0,26.5375,10.561946902654867,524745.2559461533,741846.5877120355,540594.124355024,632654.1022534437,1059.05484269848,274814866.0,113.49413231108753,-77030.88735767198,663480.3241168113
2020-09-15,794341.578367413,1,0,0,29.4,0.0,639299.175021005,715698.1803921579,522034.6542699662,643888.873392766,1059.05484269848,274814866.0,113.49413231108753,74233.02484362316,747070.503621759
2020-09-16,712790.1129863132,2,0,0,28.7,0.0,794341.578367413,616598.6252502924,658873.6861216169,657630.5144979117,1059.05484269848,274814866.0,113.49413231108753,-9854.304121860769,734078.9662966767
2020-09-17,776863.9178480466,3,0,0,29.1,0.0,712790.1129863132,701809.2604147322,687918.200239631,668352.6084169567,1059.05484269848,274814866.0,113.49413231108753,53330.211066081654,756720.0534061061
2020-09-18,812606.3626254672,4,0,0,30.8,0.0,776863.9178480466,668566.7337311438,679276.4634894223,688929.6982590029,1059.05484269848,274814866.0,113.49413231108753,87101.26046211703,788486.5692941854
2020-09-19,703810.8917982096,5,1,0,30.8,0.0,812606.3626254672,561861.4850186217,723694.6261245423,709208.1849418011,1059.05484269848,274814866.0,113.49413231108753,124917.24787824904,670666.4403942138
2020-09-20,730120.3574442499,6,1,0,30.6,0.0,703810.8917982096,524745.2559461533,653393.0944201463,738547.485155815,1059.05484269848,274814866.0,113.49413231108753,150599.51614908455,683574.8897409805
2020-09-21,760980.3016573009,0,0,0,29.8,0.0,730120.3574442499,639299.175021005,573765.6627797089,755930.5032467144,1059.05484269848,274814866.0,113.49413231108753,30411.952613923,773895.4707921154
2020-09-22,737977.4469759773,1,0,0,27.0,9.0,760980.3016573009,794341.578367413,602738.342098773,747878.4844765093,1059.05484269848,274814866.0,113.49413231108753,4702.608076845296,742344.1605989975
2020-09-23,745471.8862104233,2,0,0,28.7,5.6,737977.4469759773,712790.1129863132,660821.0977885888,752547.3092228108,1059.05484269848,274814866.0,113.49413231108753,10878.87403953739,773092.2437623548
2020-09-24,800982.4699226484,3,0,0,29.8,0.0,745471.8862104233,776863.9178480466,664036.8224828425,755992.8166620395,1059.05484269848,274814866.0,113.49413231108753,66844.23799457133,807156.8488097857
2020-09-25,812492.2935072185,4,0,0,29.4,0.0,800982.4699226484,812606.3626254672,707997.8455615921,755976.5210737182,1059.05484269848,274814866.0,113.49413231108753,77831.43861867778,823315.8558633614
2020-09-26,707367.0324350365,5,1,0,29.7,0.0,812492.2935072185,703810.8917982096,684316.4115581135,756484.5411646935,1059.05484269848,274814866.0,113.49413231108753,120847.4684222641,672866.852600964
2020-09-27,631182.1732783831,6,1,0,29.0,8.3,707367.0324350365,730120.3574442499,652087.2467436665,742350.514855284,1059.05484269848,274814866.0,113.49413231108753,45621.140963492566,627553.8073143905
2020-09-28,668449.5763126248,0,0,0,27.218571428571423,10.65952380952381,631182.1732783831,760980.3016573009,555988.1841156681,729131.8398060446,1059.05484269848,274814866.0,113.49413231108753,-66543.54728480102,719679.5414442314
2020-09-29,676633.7269241886,1,0,0,27.39565217391304,4.188793103448275,668449.5763126248,737977.4469759773,599262.9906859841,720368.4512272177,1059.05484269848,274814866.0,113.49413231108753,-59447.537831768044,725220.5229055356
2020-09-30,709282.828608657,2,0,0,27.271830985915493,8.18018018018018,676633.7269241886,745471.8862104233,752658.4868024731,715198.5858555367,1059.05484269848,274814866.0,113.49413231108753,-26522.117678944604,737749.5194405266
2020-10-01,741576.7377555324,3,0,0,27.333112582781457,6.401550387596899,709282.828608657,800982.4699226484,729556.6106947842,706712.052688806,1059.05484269848,274814866.0,111.8282401139192,7770.897881244193,741952.9394365067
2020-10-02,633282.7305810058,4,0,0,27.404697986577183,9.01,741576.7377555324,812492.2935072185,702673.6517771065,681110.6865564898,1059.05484269848,274814866.0,111.8282401139192,-99576.8930892992,687618.2169506705
2020-10-03,506125.2557059356,5,1,0,26.91283783783784,7.76046511627907,633282.7305810058,707367.0324350365,710690.4919687724,652361.8613094754,1059.05484269848,274814866.0,111.8282401139192,-77223.57101675979,547400.5812988365
2020-10-04,549422.7180761431,6,1,0,27.040939597315436,9.786861313868611,506125.2557059356,631182.1732783831,765610.8246625365,640681.9391377268,1059.05484269848,274814866.0,111.8282401139192,-31719.31505458255,557875.3262019295
2020-10-05,711993.347555158,0,0,0,27.22567567567568,10.096875,549422.7180761431,668449.5763126248,536450.2927015912,646902.47788666,1059.05484269848,274814866.0,111.8282401139192,-17512.866210263688,687487.15807037
2020-10-06,790214.21737142,1,0,0,27.105960264900663,10.52436974789916,711993.347555158,676633.7269241886,515911.3499954458,663128.2622362645,1059.05484269848,274814866.0,111.8282401139192,60530.15115660115,756080.5713881883
2020-10-07,673233.3532046451,2,0,0,27.010135135135137,7.456779661016949,790214.21737142,709282.828608657,741846.5877120355,657978.3371785486,1059.05484269848,274814866.0,111.8282401139192,-55435.499796171905,689186.2823589329
2020-10-08,698549.030876976,3,0,0,26.925850340136055,9.667910447761194,673233.3532046451,741576.7377555324,715698.1803921579,651831.5219101832,1059.05484269848,274814866.0,111.8282401139192,-27563.677232116577,701701.8226737753
2020-10-09,681361.9774595351,4,0,0,26.744594594594595,9.611450381679388,698549.030876976,633282.7305810058,616598.6252502924,658699.9857499732,1059.05484269848,274814866.0,111.8282401139192,-43436.29322968458,692776.6631360126
2020-10-10,597484.7002858045,5,1,0,26.94054054054054,12.277464788732392,681361.9774595351,506125.2557059356,701809.2604147322,671751.3349756689,1059.05484269848,274814866.0,111.8282401139192,22373.29144085257,597246.6712694585
2020-10-11,527252.1515429128,6,1,0,27.251006711409396,10.99402985074627,597484.7002858045,549422.7180761431,668566.7337311438,668584.1111852073,1059.05484269848,274814866.0,111.8282401139192,-45668.22512057435,550281.1134494647
2020-10-12,707368.5974166251,0,0,0,27.227272727272727,9.394573643410853,527252.1515429128,711993.347555158,561861.4850186217,667923.4325939884,1059.05484269848,274814866.0,111.8282401139192,-14080.023314729217,722068.7964505902
2020-10-13,744086.5105453134,1,0,0,27.41448275862069,6.99391304347826,707368.5974166251,790214.21737142,524745.2559461533,661333.7601902589,1059.05484269848,274814866.0,111.8282401139192,22115.631583528128,716035.6597227228
2020-10-14,713440.111846415,2,0,0,27.605405405405406,6.1213235294117645,744086.5105453134,673233.3532046451,639299.175021005,667077.5828533688,1059.05484269848,274814866.0,111.8282401139192,-8029.422186576761,716419.2473585854
2020-10-15,724876.927852763,3,0,0,27.26554054054054,8.8703125,713440.111846415,698549.030876976,794341.578367413,670838.7109927669,1059.05484269848,274814866.0,111.8282401139192,5294.214578890125,708120.0772777762
2020-10-16,734269.1654082041,4,0,0,27.420833333333334,9.036220472440943,724876.927852763,681361.9774595351,712790.1129863132,678396.8806997197,1059.05484269848,274814866.0,111.8282401139192,15192.93954053556,715068.846258118
2020-10-17,481676.6306833156,5,1,0,27.1936170212766,8.978740157480315,734269.1654082041,597484.7002858045,776863.9178480466,661852.870756507,1059.05484269848,274814866.0,111.8282401139192,-88640.01558883622,531601.3645175096
2020-10-18,564006.7462992532,6,1,0,27.261643835616436,7.62063492063492,481676.6306833156,527252.1515429128,812606.3626254672,667103.5271502698,1059.05484269848,274814866.0,111.8282401139192,-5144.132903867168,569282.9826516053
2020-10-19,618777.8525840662,0,0,0,26.93617021276596,10.467716535433071,564006.7462992532,707368.5974166251,703810.8917982096,654447.7064599043,1059.05484269848,274814866.0,111.8282401139192,-100001.5610173794,694745.0351529684
2020-10-20,642634.307809149,1,0,0,27.495804195804197,10.98709677419355,618777.8525840662,744086.5105453134,730120.3574442499,639954.5346404522,1059.05484269848,274814866.0,111.8282401139192,-77818.59088571067,667378.2195115002
2020-10-21,772703.2455595135,2,0,0,27.361940298507463,9.26578947368421,642634.307809149,713440.111846415,760980.3016573009,648420.6965994664,1059.05484269848,274814866.0,111.8282401139192,51574.251424333546,719068.0791014199
2020-10-22,768674.5012879606,3,0,0,27.3,10.678260869565218,772703.2455595135,724876.927852763,737977.4469759773,654677.4928044946,1059.05484269848,274814866.0,111.8282401139192,48253.52598994004,713327.0210473732
2020-10-23,706863.883723929,4,0,0,27.51297709923664,4.658196721311475,768674.5012879606,734269.1654082041,745471.8862104233,650762.4525638839,1059.05484269848,274814866.0,111.8282401139192,-14206.289988263627,704060.6927550155
2020-10-24,590034.4201276347,5,1,0,27.365891472868217,8.462608695652174,706863.883723929,481676.6306833156,800982.4699226484,666242.1367702151,1059.05484269848,274814866.0,111.8282401139192,16614.869443149073,583534.3445785159
2020-10-25,608020.7502319926,6,1,0,27.195488721804512,11.527049180327868,590034.4201276347,564006.7462992532,812492.2935072185,672529.8516177494,1059.05484269848,274814866.0,111.8282401139192,34727.02126442944,589886.3242324854
2020-10-26,749298.2594237706,0,0,0,26.95925925925926,10.937121212121212,608020.7502319926,618777.8525840662,707367.0324350365,691175.6240234214,1059.05484269848,274814866.0,111.8282401139192,25425.579479084234,737779.4452228518
2020-10-27,730225.7227909183,1,0,0,27.061940298507466,9.565573770491802,749298.2594237706,642634.307809149,631182.1732783831,703688.6833065313,1059.05484269848,274814866.0,111.8282401139192,3837.0324977951823,739176.284539509
2020-10-28,756268.8191427437,2,0,0,27.392307692307693,6.303389830508475,730225.7227909183,772703.2455595135,668449.5763126248,701340.9081041357,1059.05484269848,274814866.0,111.8282401139192,28485.267194563872,737360.3042919688
2020-10-29,729431.8115953078,3,0,0,27.525925925925925,8.399166666666666,756268.8191427437,768674.5012879606,676633.7269241886,695734.8095766138,1059.05484269848,274814866.0,111.8282401139192,1774.362115786178,725859.5535631088
2020-10-30,663173.6770476789,4,0,0,27.32086330935252,6.21869918699187,729431.8115953078,706863.883723929,709282.828608657,689493.3514800066,1059.05484269848,274814866.0,111.8282401139192,-65567.94217075035,732163.0895989543
2020-10-31,553134.3210306382,5,1,0,26.87832167832168,8.3109375,663173.6770476789,590034.4201276347,741576.7377555324,684221.9087518642,1059.05484269848,274814866.0,111.8282401139192,-28237.75300277653,584250.6467778524
2020-11-01,533051.9559971986,6,1,0,27.018620689655172,11.434042553191489,553134.3210306382,608020.7502319926,633282.7305810058,673512.0810040366,1059.05484269848,274814866.0,116.01128700730496,-48317.7600029367,570073.6954886671
2020-11-02,782729.8252230526,0,0,0,26.99266666666667,11.936690647482015,533051.9559971986,749298.2594237706,506125.2557059356,678288.0189753625,1059.05484269848,274814866.0,116.01128700730496,50815.79177072446,759418.6740274098
2020-11-03,694145.1746404276,1,0,0,26.831756756756757,12.987969924812033,782729.8252230526,730225.7227909183,549422.7180761431,673133.6549538638,1059.05484269848,274814866.0,116.01128700730496,-40094.83239435626,693600.7450857505
2020-11-04,699277.2351004914,2,0,0,27.219727891156463,11.946456692913388,694145.1746404276,756268.8191427437,711993.347555158,664992.000090685,1059.05484269848,274814866.0,116.01128700730496,-36017.935730158,709124.7683197181
2020-11-05,709236.591736122,3,0,0,27.199324324324323,5.988429752066116,699277.2351004914,729431.8115953078,790214.21737142,662106.9686822299,1059.05484269848,274814866.0,116.01128700730496,-25451.714785005315,703694.8664375349
2020-11-06,706137.6761616442,4,0,0,27.23793103448276,7.042105263157895,709236.591736122,663173.6770476789,673233.3532046451,668244.6828413678,1059.05484269848,274814866.0,116.01128700730496,-29024.174021715065,722954.0511041142
2020-11-07,650087.8667135614,5,1,0,27.44864864864865,6.329166666666667,706137.6761616442,553134.3210306382,698549.030876976,682095.1893674998,1059.05484269848,274814866.0,116.01128700730496,63022.55446300353,612389.5629605964
2020-11-08,515470.8056526664,6,1,0,27.054054054054053,10.515748031496065,650087.8667135614,533051.9559971986,681361.9774595351,679583.5964611379,1059.05484269848,274814866.0,116.01128700730496,-70764.23500210186,566964.4160572491
2020-11-09,682661.002771807,0,0,0,27.302758620689655,9.1592,515470.8056526664,782729.8252230526,597484.7002858045,665288.0503966743,1059.05484269848,274814866.0,116.01128700730496,-53206.529643246904,713428.6335028
2020-11-10,693730.868872065,1,0,0,27.6556338028169,7.584745762711864,682661.002771807,694145.1746404276,527252.1515429128,665228.8638583368,1059.05484269848,274814866.0,116.01128700730496,-43485.05892029207,705210.6860410324
2020-11-11,678271.3864620603,2,0,0,27.886986301369863,5.032407407407407,693730.868872065,699277.2351004914,707368.5974166251,662228.028338561,1059.05484269848,274814866.0,116.01128700730496,-58975.25669672608,718031.4591991329
2020-11-12,715625.2509740898,3,0,0,28.161904761904765,4.747863247863248,678271.3864620603,709236.591736122,744086.5105453134,663140.6939439849,1059.05484269848,274814866.0,116.01128700730496,-19962.37988988962,730662.4831771568
2020-11-13,742071.5024538533,4,0,0,28.275524475524477,2.518103448275862,715625.2509740898,706137.6761616442,713440.111846415,668274.0977000147,1059.05484269848,274814866.0,116.01128700730496,7071.1463724802015,743524.2144531575
2020-11-14,565327.803886721,5,1,0,27.77133333333333,6.658196721311475,742071.5024538533,650087.8667135614,724876.927852763,656165.5172961804,1059.05484269848,274814866.0,116.01128700730496,-20524.997422138113,554728.0947051422
2020-11-15,588131.0054475958,6,1,0,27.66887417218543,9.465185185185184,565327.803886721,515470.8056526664,734269.1654082041,666545.5458383132,1059.05484269848,274814866.0,116.01128700730496,4132.167206235696,572979.8775654226
2020-11-16,640501.072994981,0,0,0,27.826351351351352,8.112878787878788,588131.0054475958,682661.002771807,481676.6306833156,660522.698727338,1059.05484269848,274814866.0,116.01128700730496,-92150.10825402022,705248.3524687444
2020-11-17,691491.4038635402,1,0,0,27.475524475524477,10.59770992366412,640501.072994981,693730.868872065,564006.7462992532,660202.7751546915,1059.05484269848,274814866.0,116.01128700730496,-41586.16081193765,705394.0401479254
2020-11-18,663774.0680931044,2,0,0,27.73900709219858,8.853333333333333,691491.4038635402,678271.3864620603,618777.8525840662,658131.7296734123,1059.05484269848,274814866.0,116.01128700730496,-68483.0389562255,683965.4079502613
2020-11-19,710116.179861723,3,0,0,27.60810810810811,10.012403100775192,663774.0680931044,715625.2509740898,642634.307809149,657344.7195145028,1059.05484269848,274814866.0,116.01128700730496,-19712.17632500257,706984.1679554557
2020-11-20,711448.6781980848,4,0,0,27.508783783783784,11.559701492537313,710116.179861723,742071.5024538533,772703.2455595135,652970.0303351071,1059.05484269848,274814866.0,116.01128700730496,-17112.431243389612,708866.3007164707
2020-11-21,552754.4911082133,5,1,0,27.152083333333337,11.48409090909091,711448.6781980848,565327.803886721,768674.5012879606,651173.8427953204,1059.05484269848,274814866.0,116.01128700730496,-26074.831440475653,564853.5196585425
2020-11-22,542626.7317166639,6,1,0,26.86357142857143,11.904411764705882,552754.4911082133,588131.0054475958,706863.883723929,644673.2322623301,1059.05484269848,274814866.0,116.01128700730496,-33863.71626122075,553393.5775537629
2020-11-23,662195.0855890253,0,0,0,26.683098591549296,11.96086956521739,542626.7317166639,640501.072994981,590034.4201276347,647772.3769186222,1059.05484269848,274814866.0,116.01128700730496,-62563.3310571335,687508.3766334953
2020-11-24,672701.2290702311,1,0,0,26.77957746478873,14.6953125,662195.0855890253,691491.4038635402,608020.7502319926,645088.0662338637,1059.05484269848,274814866.0,116.01128700730496,-52198.67418333294,679847.7782546208
2020-11-25,721316.1732224007,2,0,0,26.80148148148148,13.460144927536232,672701.2290702311,663774.0680931044,749298.2594237706,653308.3669666203,1059.05484269848,274814866.0,116.01128700730496,-2574.6616430592258,711509.3013838826
2020-11-26,616152.4657695998,3,0,0,26.82027972027972,15.283703703703704,721316.1732224007,710116.179861723,730225.7227909183,639884.9792391742,1059.05484269848,274814866.0,116.01128700730496,-105212.1660819446,665661.0852340703
2020-11-27,686378.956383247,4,0,0,26.83795620437956,12.683216783216784,616152.4657695998,711448.6781980848,756268.8191427437,636303.5904084829,1059.05484269848,274814866.0,116.01128700730496,-33705.31289939571,692194.0086262419
2020-11-28,565595.2814715931,5,1,0,26.68692307692308,12.893382352941176,686378.956383247,552754.4911082133,729431.8115953078,638137.989031823,1059.05484269848,274814866.0,116.01128700730496,-4820.183497649268,555392.9152246113
2020-11-29,572140.7808936122,6,1,0,26.637588652482272,15.153030303030304,565595.2814715931,542626.7317166639,663173.6770476789,642354.2817713871,1059.05484269848,274814866.0,116.01128700730496,3934.4540201829514,548084.9809376649
2020-11-30,669802.0509002171,0,0,0,26.716788321167883,14.43875968992248,572140.7808936122,662195.0855890253,553134.3210306382,643440.9911015573,1059.05484269848,274814866.0,116.01128700730496,-46858.61396611214,670890.6841631164
2020-12-01,675447.6835538127,1,0,0,27.070198675496687,8.600000000000001,669802.0509002171,672701.2290702311,533051.9559971986,643833.3417420689,1059.05484269848,274814866.0,112.34704509442416,-41586.9141788499,673895.176544737
2020-12-02,697211.9081785337,2,0,0,27.12,10.70390625,675447.6835538127,721316.1732224007,782729.8252230526,640389.8753072309,1059.05484269848,274814866.0,112.34704509442416,-19116.638226599083,684564.3989570849
2020-12-03,685722.1337631864,3,0,0,26.894,13.825373134328355,697211.9081785337,616152.4657695998,694145.1746404276,650328.3993063146,1059.05484269848,274814866.0,112.34704509442416,-28408.25467065256,698234.9539951647
2020-12-04,757485.0665635016,4,0,0,26.85034013605442,10.820454545454544,685722.1337631864,686378.956383247,699277.2351004914,660486.4150463509,1059.05484269848,274814866.0,112.34704509442416,44291.804918500595,707282.3462468074
2020-12-05,529733.5574724867,5,1,0,26.82054794520548,11.913235294117648,757485.0665635016,565595.2814715931,709236.591736122,655363.3116179073,1059.05484269848,274814866.0,112.34704509442416,-34140.34786961076,541067.9581613365
2020-12-06,581155.2386230899,6,1,0,26.70890410958904,15.726086956521735,529733.5574724867,572140.7808936122,706137.6761616442,656651.091293547,1059.05484269848,274814866.0,112.34704509442416,19142.67026099621,554670.2829085054
2020-12-07,660687.7350093146,0,0,0,26.807792207792204,11.945522388059702,581155.2386230899,669802.0509002171,650087.8667135614,655349.046166275,1059.05484269848,274814866.0,112.34704509442416,-50118.806014775764,691169.7815311436
2020-12-08,678386.3507342025,1,0,0,27.396575342465756,7.373484848484848,660687.7350093146,675447.6835538127,515470.8056526664,655768.8557634735,1059.05484269848,274814866.0,112.34704509442416,-33120.58529473527,697818.6429617597
2020-12-09,649610.3722033845,2,0,0,26.956462585034014,9.626865671641792,678386.3507342025,697211.9081785337,682661.002771807,648968.6363384522,1059.05484269848,274814866.0,112.34704509442416,-61465.29159956018,679083.9690259645
2020-12-10,654953.441095252,3,0,0,27.116666666666667,10.07258064516129,649610.3722033845,685722.1337631864,693730.868872065,644573.1088144617,1059.05484269848,274814866.0,112.34704509442416,-54180.63761582493,667074.5741287358
2020-12-11,640815.3506961586,4,0,0,27.093333333333337,8.53587786259542,654953.441095252,757485.0665635016,678271.3864620603,627906.0065476984,1059.05484269848,274814866.0,112.34704509442416,-67620.02266043355,653488.3464552081
2020-12-12,542316.9475655784,5,1,0,26.595302013422817,10.332608695652176,640815.3506961586,529733.5574724867,715625.2509740898,629703.6337038543,1059.05484269848,274814866.0,112.34704509442416,-17021.070756279165,531942.2417867297
2020-12-13,556186.1478006813,6,1,0,26.53904109589041,16.46027397260274,542316.9475655784,581155.2386230899,742071.5024538533,626136.6207292245,1059.05484269848,274814866.0,112.34704509442416,-1499.425771752838,529667.9783629824
2020-12-14,611295.2086574943,0,0,0,26.636666666666667,10.167460317460316,556186.1478006813,660687.7350093146,565327.803886721,619080.5455361074,1059.05484269848,274814866.0,112.34704509442416,-95384.86377614597,658622.424730605
2020-12-15,746068.1869650498,1,0,0,26.429801324503313,10.887943262411348,611295.2086574943,678386.3507342025,588131.0054475958,628749.3792833713,1059.05484269848,274814866.0,112.34704509442416,38489.57937675237,706489.7033969478
2020-12-16,620755.3560691148,2,0,0,26.26225165562914,11.856849315068493,746068.1869650498,649610.3722033845,640501.072994981,624627.2341213328,1059.05484269848,274814866.0,112.34704509442416,-86594.71421856433,671669.0810264258
2020-12-17,683661.2661932093,3,0,0,26.444666666666667,12.94102564102564,620755.3560691148,654953.441095252,691491.4038635402,628728.3519924695,1059.05484269848,274814866.0,112.34704509442416,-21962.259874391602,706969.8633136293
2020-12-18,766558.2774629402,4,0,0,26.366,14.306993006993007,683661.2661932093,640815.3506961586,663774.0680931044,646691.6272448668,1059.05484269848,274814866.0,112.34704509442416,61397.96544855193,709894.0659109436
2020-12-19,565325.0066232232,5,1,0,26.581456953642384,12.264827586206897,766558.2774629402,542316.9475655784,710116.179861723,649978.4928245303,1059.05484269848,274814866.0,112.34704509442416,8997.845080268802,546401.0419565988
2020-12-20,530728.4563314879,6,1,0,26.605333333333338,11.062878787878788,565325.0066232232,556186.1478006813,711448.6781980848,646341.6797575027,1059.05484269848,274814866.0,112.34704509442416,-24247.235708084423,543994.8318473138
2020-12-21,650174.1939383305,0,0,0,26.814765100671146,12.421969696969697,530728.4563314879,611295.2086574943,552754.4911082133,651895.820511908,1059.05484269848,274814866.0,112.34704509442416,-54141.27176662884,667268.2319573048
2020-12-22,612896.8194759667,1,0,0,26.89798657718121,9.73228346456693,650174.1939383305,746068.1869650498,542626.7317166639,632871.3394420389,1059.05484269848,274814866.0,112.34704509442416,-92713.44303278637,635077.6009026753
2020-12-23,693930.9879251306,2,0,0,26.922377622377624,10.776470588235291,612896.8194759667,620755.3560691148,662195.0855890253,643325.0011357554,1059.05484269848,274814866.0,112.34704509442416,-11903.537755818805,687989.822457347
2020-12-24,629338.7838360199,3,0,0,26.59548872180451,14.992,693930.9879251306,683661.2661932093,672701.2290702311,635564.6465132999,1059.05484269848,274814866.0,112.34704509442416,-75282.68796728563,649143.4214844949
2020-12-25,681873.8807880261,4,0,0,26.741610738255034,8.981746031746033,629338.7838360199,766558.2774629402,721316.1732224007,623466.8755597407,1059.05484269848,274814866.0,112.34704509442416,-22861.077812331147,675001.9531731431
2020-12-26,506763.61711224145,5,1,0,26.510596026490067,14.92058823529412,681873.8807880261,565325.0066232232,616152.4657695998,615100.9627724576,1059.05484269848,274814866.0,112.34704509442416,-49778.80640388292,524069.569249675
2020-12-27,553365.4813264878,6,1,0,27.029931972789115,6.63875968992248,506763.61711224145,530728.4563314879,686378.956383247,618334.823486029,1059.05484269848,274814866.0,112.34704509442416,-2528.7530926966574,546078.8016226772
2020-12-28,663608.9023707034,0,0,0,26.57986577181208,12.294814814814815,553365.4813264878,650174.1939383305,565595.2814715931,620254.0675477965,1059.05484269848,274814866.0,112.34704509442416,-42387.76510367985,653974.3095937575
2020-12-29,670331.0329257384,1,0,0,26.610596026490065,11.669465648854962,663608.9023707034,612896.8194759667,572140.7808936122,628458.9551834782,1059.05484269848,274814866.0,112.34704509442416,-37777.121416623704,655064.4903368657
2020-12-30,646567.3246148538,2,0,0,26.371724137931036,12.9336,670331.0329257384,693930.9879251306,669802.0509002171,621692.7175677244,1059.05484269848,274814866.0,112.34704509442416,-62628.436257793684,681239.6132328557
2020-12-31,694289.185188171,3,0,0,26.308724832214764,16.665248226950357,646567.3246148538,629338.7838360199,675447.6835538127,630971.3463323175,1059.05484269848,274814866.0,112.34704509442416,-14594.204301004997,690353.1259710134
2021-01-01,817116.3483618962,4,0,0,26.830170981606223,15.336765837364547,694289.185188171,681873.8807880261,697211.9081785337,650291.6988428703,1186.50969108673,276758053.0,115.62899479564332,107192.55145038373,709408.5333185148
2021-01-02,558032.440604365,5,1,0,26.806436781609197,11.78148761598037,817116.3483618962,506763.61711224145,685722.1337631864,657615.8164846022,1186.50969108673,276758053.0,115.62899479564332,-4639.296650063712,548577.2285130273
2021-01-03,616669.2441964285,6,1,0,26.80876936103299,11.307124796625532,558032.440604365,553365.4813264878,757485.0665635016,666659.211180308,1186.50969108673,276758053.0,115.62899479564332,53705.67688803689,583900.3080998452
2021-01-04,699562.3731720895,0,0,0,26.930833675877295,12.750901206426676,616669.2441964285,663608.9023707034,529733.5574724867,671795.4212947917,1186.50969108673,276758053.0,115.62899479564332,-14428.149917189847,702274.4279874783
2021-01-05,760487.1253085617,1,0,0,26.85438145197196,10.990485228241726,699562.3731720895,670331.0329257384,581155.2386230899,684674.8630637665,1186.50969108673,276758053.0,115.62899479564332,43491.822685762425,721040.3429586036
2021-01-06,723221.7783744392,2,0,0,26.834429223744294,10.633841115991853,760487.1253085617,646567.3246148538,660687.7350093146,695625.4993151359,1186.50969108673,276758053.0,115.62899479564332,4292.869512188947,718036.5374759849
2021-01-07,727642.7769333976,3,0,0,26.94294724598676,9.650824116802143,723221.7783744392,694289.185188171,678386.3507342025,700390.2981358825,1186.50969108673,276758053.0,115.62899479564332,8243.54113199783,733169.4983405595
2021-01-08,745996.288475446,4,0,0,26.958239838799596,10.640547802917402,727642.7769333976,817116.3483618962,649610.3722033845,690230.2895806754,1186.50969108673,276758053.0,115.62899479564332,24852.8088059437,729171.2656980241
2021-01-09,634787.0482450197,5,1,0,26.77394103911961,10.303183552938975,745996.288475446,558032.440604365,654953.441095252,701195.2335293404,1186.50969108673,276758053.0,115.62899479564332,60285.37313375529,590776.2868911389
2021-01-10,557973.7948638691,6,1,0,26.625798212005108,10.369902106623393,634787.0482450197,616669.2441964285,640815.3506961586,692810.1693389748,1186.50969108673,276758053.0,115.62899479564332,-17322.88803715096,556057.6252894937
2021-01-11,772439.1640986105,0,0,0,26.572227658186563,12.872813745227353,557973.7948638691,699562.3731720895,542316.9475655784,703221.1394713348,1186.50969108673,276758053.0,115.62899479564332,45731.33591396024,739815.1312689005
2021-01-12,706084.7956734146,1,0,0,26.65688090000766,13.723516931432664,772439.1640986105,760487.1253085617,556186.1478006813,695449.3780948853,1186.50969108673,276758053.0,115.62899479564332,-23883.01885343541,716738.2895048317
2021-01-13,697429.86451244,2,0,0,26.715960204809125,11.829218304233711,706084.7956734146,723221.7783744392,611295.2086574943,691764.8189717425,1186.50969108673,276758053.0,115.62899479564332,-34589.99414991576,720503.4841591361
2021-01-14,749767.8827441917,3,0,0,26.555617319846533,12.526965326340326,697429.86451244,727642.7769333976,746068.1869650498,694925.5483732846,1186.50969108673,276758053.0,115.62899479564332,17301.3618246424,736148.4124690652
2021-01-15,757409.0526279615,4,0,0,26.608196290203225,10.796040949832207,749767.8827441917,745996.288475446,620755.3560691148,696555.9432522153,1186.50969108673,276758053.0,115.62899479564332,23366.746391493944,738544.8758449515
2021-01-16,588203.4530864551,5,1,0,26.61300446998723,12.138652173024084,757409.0526279615,634787.0482450197,683661.2661932093,689901.143943849,1186.50969108673,276758053.0,115.62899479564332,1116.123047408415,574337.7421961268
2021-01-17,580400.3376046362,6,1,0,26.787996012605316,9.303640983191924,588203.4530864551,557973.7948638691,766558.2774629402,693104.9357639586,1186.50969108673,276758053.0,115.62899479564332,-7027.033754852251,583737.4534890056
2021-01-18,795346.1543233463,0,0,0,26.774785698316887,13.23789949223417,580400.3376046362,772439.1640986105,565325.0066232232,696377.3629389209,1186.50969108673,276758053.0,115.62899479564332,57098.6447005783,746431.7416322153
2021-01-19,672881.4437217345,1,0,0,26.85487388250319,8.485018541448698,795346.1543233463,706084.7956734146,530728.4563314879,691634.0269458236,1186.50969108673,276758053.0,115.62899479564332,-67907.5257625425,713014.7662612195
2021-01-20,795349.2111636947,2,0,0,26.82940481813888,10.127538765085497,672881.4437217345,697429.86451244,650174.1939383305,705622.50503886,1186.50969108673,276758053.0,115.62899479564332,53343.09173875814,764084.3019854064
2021-01-21,795086.2832991304,3,0,0,26.812172733077904,13.873464243015354,795349.2111636947,749767.8827441917,612896.8194759667,712096.5622609941,1186.50969108673,276758053.0,115.62899479564332,53571.18171084684,761068.2439969128
2021-01-22,730934.1370118211,4,0,0,26.82510391435049,12.336034286437249,795086.2832991304,757409.0526279615,693930.9879251306,708314.4314586883,1186.50969108673,276758053.0,115.62899479564332,-11132.034927014378,747548.0223276287
2021-01-23,621414.2396085892,5,1,0,26.9891104994705,14.02276669042528,730934.1370118211,588203.4530864551,629338.7838360199,713058.829533279,1186.50969108673,276758053.0,115.62899479564332,27397.18888893549,615336.677716695
2021-01-24,613108.2117271369,6,1,0,26.96382492956378,7.945932855023764,621414.2396085892,580400.3376046362,681873.8807880261,717731.3829793504,1186.50969108673,276758053.0,115.62899479564332,19895.599001785624,604583.5909108467
2021-01-25,740159.9589543118,0,0,0,26.998821638131982,10.082717209690893,613108.2117271369,795346.1543233463,506763.61711224145,709847.6407837741,1186.50969108673,276758053.0,115.62899479564332,-2698.163219680544,767185.9872179241
2021-01-26,748320.1830012446,1,0,0,27.0969928029906,9.60813014970769,740159.9589543118,672881.4437217345,553365.4813264878,720624.6035379898,1186.50969108673,276758053.0,115.62899479564332,4104.537007641047,756115.9157417461
2021-01-27,856876.6795099155,2,0,0,27.09925109590335,9.964227308529244,748320.1830012446,795349.2111636947,663608.9023707034,729414.2418731641,1186.50969108673,276758053.0,115.62899479564332,112616.0780766469,795778.5298927526
2021-01-28,768049.5786371883,3,0,0,27.156184434191356,8.806341551754395,856876.6795099155,795086.2832991304,670331.0329257384,725551.8554928867,1186.50969108673,276758053.0,115.62899479564332,25419.65237842058,776051.8100373005
2021-01-29,722895.00884702,4,0,0,27.03398934005948,10.746432255349182,768049.5786371883,730934.1370118211,646567.3246148538,724403.408612201,1186.50969108673,276758053.0,115.62899479564332,-19198.95282300061,753806.1298939764
2021-01-30,547150.658870634,5,1,0,26.884725574999138,10.361027037933818,722895.00884702,621414.2396085892,694289.185188171,713794.3256496359,1186.50969108673,276758053.0,115.62899479564332,-45878.700120974565,597686.8089829995
2021-01-31,613076.1551239175,6,1,0,26.908708254991495,9.375653219538144,547150.658870634,613108.2117271369,817116.3483618962,713789.7461348902,1186.50969108673,276758053.0,115.62899479564332,21777.80476415844,615063.9024601374
2021-02-01,719485.3750949233,0,0,0,26.862570570570572,10.985806401413612,613076.1551239175,740159.9589543118,558032.440604365,710836.2341549776,1186.50969108673,276758053.0,111.71446256914186,-20636.223502221284,748732.2586842556
2021-02-02,714941.8946994722,1,0,0,26.786770478054237,12.070301176264811,719485.3750949233,748320.1830012446,616669.2441964285,706067.9072547244,1186.50969108673,276758053.0,111.71446256914186,-25832.374668264645,738340.4479363861
2021-02-03,816525.0923733967,2,0,0,26.814041366600097,10.815022222222224,714941.8946994722,856876.6795099155,699562.3731720895,700303.3948066504,1186.50969108673,276758053.0,111.71446256914186,76282.8023773561,781894.5112333178
2021-02-04,787388.9197811997,3,0,0,26.891578544061304,10.690960465879265,816525.0923733967,768049.5786371883,760487.1253085617,703066.1578272234,1186.50969108673,276758053.0,111.71446256914186,49218.62944361172,766978.825527986
2021-02-05,714189.9414110744,4,0,0,26.704045784578252,10.201677891038813,787388.9197811997,722895.00884702,723221.7783744392,701822.5767649453,1186.50969108673,276758053.0,111.71446256914186,-23143.38012037729,732360.48797114
2021-02-06,535206.5046541217,5,1,0,26.740749826429067,11.98407651967839,714189.9414110744,547150.658870634,727642.7769333976,700116.2690197293,1186.50969108673,276758053.0,111.71446256914186,-52903.16313472658,589277.0795795511
2021-02-07,631947.4626446556,6,1,0,26.62296803652968,10.975777983829424,535206.5046541217,613076.1551239175,745996.288475446,702812.1700941205,1186.50969108673,276758053.0,111.71446256914186,45587.368710806826,611210.4436279112
2021-02-08,665199.7730247148,0,0,0,26.725792870137777,16.565973092876416,631947.4626446556,719485.3750949233,634787.0482450197,695057.0840840908,1186.50969108673,276758053.0,111.71446256914186,-70100.97138767352,697224.9094561255
2021-02-09,751382.3613978903,1,0,0,26.64893842736309,10.62694698535764,665199.7730247148,714941.8946994722,557973.7948638691,700262.8650410075,1186.50969108673,276758053.0,111.71446256914186,15183.025518289534,746731.535624549
2021-02-10,668896.0535213467,2,0,0,26.698522573450145,12.48870694238208,751382.3613978903,816525.0923733967,772439.1640986105,679173.0023478576,1186.50969108673,276758053.0,111.71446256914186,-67135.55133025092,692960.1362967003
2021-02-11,795117.5326350353,3,0,0,26.693138286888285,11.076539528708928,668896.0535213467,787388.9197811997,706084.7956734146,680277.0898984056,1186.50969108673,276758053.0,111.71446256914186,60688.031378523214,732092.0370109224
2021-02-12,685543.8022866538,4,0,0,26.800103865747214,11.886948784793162,795117.5326350353,714189.9414110744,697429.86451244,676184.7843092026,1186.50969108673,276758053.0,111.71446256914186,-48609.41533994838,703343.073592533
2021-02-13,577033.6104498169,5,1,0,26.903439729483665,9.64009584918676,685543.8022866538,535206.5046541217,749767.8827441917,682160.085137159,1186.50969108673,276758053.0,111.71446256914186,-8530.751111722086,590347.3721227634
2021-02-14,610035.5486763826,6,1,0,26.942410889150025,8.103039454514475,577033.6104498169,631947.4626446556,757409.0526279615,679029.8117131201,1186.50969108673,276758053.0,111.71446256914186,25529.943244442693,590024.6096346965
2021-02-15,689689.8501568132,0,0,0,26.73430863325649,11.318236742298224,610035.5486763826,665199.7730247148,588203.4530864551,682528.3941605625,1186.50969108673,276758053.0,111.71446256914186,-44484.16912214551,712982.8181119207
2021-02-16,699588.040285404,1,0,0,26.773737296045805,14.441735303617572,689689.8501568132,751382.3613978903,580400.3376046362,675129.2054302075,1186.50969108673,276758053.0,111.71446256914186,-36229.67821740429,705966.0280589928
2021-02-17,749399.0647689607,2,0,0,26.706420609902153,12.862786701505147,699588.040285404,668896.0535213467,795346.1543233463,686629.6356084382,1186.50969108673,276758053.0,111.71446256914186,13006.28797693702,738925.6329972481
2021-02-18,738010.2904170378,3,0,0,26.72491698350461,12.226470380449372,749399.0647689607,795117.5326350353,672881.4437217345,678471.4581487242,1186.50969108673,276758053.0,111.71446256914186,2498.406541292905,705464.3351674116
2021-02-19,754708.8834465138,4,0,0,26.931088462714076,8.349618963412068,738010.2904170378,685543.8022866538,795349.2111636947,688352.1840287041,1186.50969108673,276758053.0,111.71446256914186,18792.05680794909,743606.9014270706
2021-02-20,604692.0422174198,5,1,0,26.844205752202328,11.949761904761903,754708.8834465138,577033.6104498169,795086.2832991304,692303.388566933,1186.50969108673,276758053.0,111.71446256914186,16739.951867703814,591804.755674555
2021-02-21,566821.928301181,6,1,0,26.88417366946779,10.810847455244945,604692.0422174198,610035.5486763826,730934.1370118211,686130.0142276186,1186.50969108673,276758053.0,111.71446256914186,-20622.97540591762,589330.5517212221
2021-02-22,831722.2365637545,0,0,0,26.899002915074345,10.478377855207125,566821.928301181,689689.8501568132,621414.2396085892,706420.355142896,1186.50969108673,276758053.0,111.71446256914186,94143.31233752426,783118.0745116534
2021-02-23,761630.7884755849,1,0,0,26.88374609172909,11.898955637283322,831722.2365637545,699588.040285404,613108.2117271369,715283.6048843504,1186.50969108673,276758053.0,111.71446256914186,22039.601233897964,746531.5391825318
2021-02-24,688956.7953418419,2,0,0,26.95448224086155,10.46853114140604,761630.7884755849,749399.0647689607,740159.9589543118,706648.9949661905,1186.50969108673,276758053.0,111.71446256914186,-51472.466576484265,742899.9867479147
2021-02-25,695750.5266171932,3,0,0,27.042622188426396,10.429595006583831,688956.7953418419,738010.2904170378,748320.1830012446,700611.885851927,1186.50969108673,276758053.0,111.71446256914186,-43949.561663431115,744521.205315476
2021-02-26,741605.4344992993,4,0,0,27.013952308472856,8.8332590501659,695750.5266171932,754708.8834465138,856876.6795099155,698739.9645737534,1186.50969108673,276758053.0,111.71446256914186,1462.8646965357475,738648.7437446825
2021-02-27,647682.0665242685,5,1,0,27.22416105719677,8.637804550753893,741605.4344992993,604692.0422174198,768049.5786371883,704881.3966175889,1186.50969108673,276758053.0,111.71446256914186,55580.85050915193,611125.2050134232
2021-02-28,615263.0416923822,6,1,0,27.16909998805619,8.903407315504088,647682.0665242685,566821.928301181,722895.00884702,711801.5556734748,1186.50969108673,276758053.0,111.71446256914186,23856.883433945128,610681.7796200713
2021-03-01,789438.9290614588,0,0,0,27.00355166616565,11.506768033154122,615263.0416923822,831722.2365637545,547150.658870634,705761.083173147,1186.50969108673,276758053.0,113.39996593037216,48192.19276507397,766242.0041097094
2021-03-02,695684.1161965608,1,0,0,26.99830955955956,12.264218259863062,789438.9290614588,761630.7884755849,613076.1551239175,696340.1299904293,1186.50969108673,276758053.0,113.39996593037216,-47184.16574288125,731799.411065924
2021-03-03,757857.5012037135,2,0,0,27.008673114254947,12.626144269045986,695684.1161965608,688956.7953418419,719485.3750949233,706183.0879706965,1186.50969108673,276758053.0,113.39996593037216,14628.453620752203,765980.6187910035
2021-03-04,740624.6889797876,3,0,0,27.23816858237548,11.569973735167162,757857.5012037135,695750.5266171932,714941.8946994722,712593.6825939243,1186.50969108673,276758053.0,113.39996593037216,-1324.0707099288702,738078.5103075069
2021-03-05,771585.8381505981,4,0,0,26.862447637292465,11.779414451877832,740624.6889797876,741605.4344992993,816525.0923733967,716876.5974012528,1186.50969108673,276758053.0,113.39996593037216,29804.959036685643,759833.4445258031
2021-03-06,631843.6847820638,5,1,0,26.742714653428937,11.95017422982498,771585.8381505981,647682.0665242685,787388.9197811997,714613.9714380807,1186.50969108673,276758053.0,113.39996593037216,38757.813542904565,593100.6250426839
2021-03-07,577022.2309644523,6,1,0,26.70513063559544,12.795117609663064,631843.6847820638,615263.0416923822,714189.9414110744,709150.9984769479,1186.50969108673,276758053.0,113.39996593037216,-14688.587551997975,585486.284432232
2021-03-08,673383.6694951415,0,0,0,26.77418321238571,11.879813942307692,577022.2309644523,789438.9290614588,535206.5046541217,692571.6756817596,1186.50969108673,276758053.0,113.39996593037216,-67478.9137572787,721945.1837773345
2021-03-09,759595.0911255139,1,0,0,26.872235562496417,10.816318044923904,673383.6694951415,695684.1161965608,631947.4626446556,701701.8149573244,1186.50969108673,276758053.0,113.39996593037216,17790.93374141038,764003.0472554016
2021-03-10,743142.7545480714,2,0,0,26.914564814814813,11.084915190314556,759595.0911255139,757857.5012037135,665199.7730247148,699599.7082922327,1186.50969108673,276758053.0,113.39996593037216,1631.596656986978,750170.6786758895
2021-03-11,793011.5100298417,3,0,0,26.996474578605454,11.229009829612515,743142.7545480714,740624.6889797876,751382.3613978903,707083.5398708117,1186.50969108673,276758053.0,113.39996593037216,53391.55150783504,756383.194633583
2021-03-12,812565.9652614802,4,0,0,27.08176398962823,9.594077406631332,793011.5100298417,771585.8381505981,668896.0535213467,712937.843743795,1186.50969108673,276758053.0,113.39996593037216,73666.41524939577,765371.1936532776
2021-03-13,553804.9366397555,5,1,0,26.904085881183196,10.359458841107532,812565.9652614802,631843.6847820638,795117.5326350353,701789.4511520367,1186.50969108673,276758053.0,113.39996593037216,-35919.50478464586,584551.2544136093
2021-03-14,610186.0916174245,6,1,0,27.03456774727748,10.011037997537136,553804.9366397555,577022.2309644523,685543.8022866538,706527.1455310328,1186.50969108673,276758053.0,113.39996593037216,22232.147623751778,606916.9458850141
2021-03-15,802241.5549276841,0,0,0,27.076709734077586,8.215938099830096,610186.0916174245,673383.6694951415,577033.6104498169,724935.4148785387,1186.50969108673,276758053.0,113.39996593037216,65436.501871558954,762879.5560538132
2021-03-16,695124.1557951936,1,0,0,27.10442717312516,7.2040637450976375,802241.5549276841,759595.0911255139,610035.5486763826,715725.2812599216,1186.50969108673,276758053.0,113.39996593037216,-42424.415468759835,744801.0154550313
2021-03-17,761036.027857285,2,0,0,26.910453867734393,11.059928464977643,695124.1557951936,743142.7545480714,689689.8501568132,718281.4631612378,1186.50969108673,276758053.0,113.39996593037216,23870.591065380722,760002.6398300893
2021-03-18,734484.5947037302,3,0,0,26.957612732095487,11.743802288291372,761036.027857285,793011.5100298417,699588.040285404,709920.4752575076,1186.50969108673,276758053.0,113.39996593037216,-810.1560432256665,746206.740913792
2021-03-19,786388.6929085763,4,0,0,27.13791753033436,9.782408935085884,734484.5947037302,812565.9652614802,749399.0647689607,706180.8649213786,1186.50969108673,276758053.0,113.39996593037216,51683.095023014816,751598.6436011249
2021-03-20,634550.4541309844,5,1,0,27.07385882054496,9.502894491129783,786388.6929085763,553804.9366397555,738010.2904170378,717715.9388486968,1186.50969108673,276758053.0,113.39996593037216,48780.48056653899,607057.6517031008
2021-03-21,584972.2790388763,6,1,0,26.914456323915104,11.067193729457465,634550.4541309844,610186.0916174245,754708.8834465138,714113.9656231899,1186.50969108673,276758053.0,113.39996593037216,630.1220708407927,593665.9565702863
2021-03-22,742578.606960507,0,0,0,26.989634126598673,10.081061720528846,584972.2790388763,802241.5549276841,604692.0422174198,705590.6873421647,1186.50969108673,276758053.0,113.39996593037216,8946.86368296144,739240.7763397724
2021-03-23,731445.742561012,1,0,0,27.09951315219172,10.792713992335678,742578.606960507,695124.1557951936,566821.928301181,710779.4854515673,1186.50969108673,276758053.0,113.39996593037216,-3454.231014328194,753616.6692833739
2021-03-24,712375.8199863773,2,0,0,26.896176010564243,10.169454258080895,731445.742561012,761036.027857285,831722.2365637545,703828.0271842948,1186.50969108673,276758053.0,113.39996593037216,-22740.500416841125,739330.9484895203
2021-03-25,742305.0536493268,3,0,0,26.895887808991255,9.815745050580276,712375.8199863773,734484.5947037302,761630.7884755849,704945.2356050943,1186.50969108673,276758053.0,113.39996593037216,8398.237440230092,744672.8311894457
2021-03-26,770520.3136623823,4,0,0,27.03661000210296,8.632106089222995,742305.0536493268,786388.6929085763,688956.7953418419,702678.3242842095,1186.50969108673,276758053.0,113.39996593037216,36494.10289453075,747310.7520225184
2021-03-27,545404.6059721954,5,1,0,26.974408917887175,10.067231331886504,770520.3136623823,634550.4541309844,695750.5266171932,689943.2031186682,1186.50969108673,276758053.0,113.39996593037216,-40426.65571367252,561695.3620833056
2021-03-28,608215.0889092354,6,1,0,27.088907189968836,11.12805903689806,545404.6059721954,584972.2790388763,741605.4344992993,693263.6045287196,1186.50969108673,276758053.0,113.39996593037216,23054.60027553409,610862.7222497845
2021-03-29,749255.7806523615,0,0,0,27.175517766098164,9.308308895405668,608215.0889092354,742578.606960507,647682.0665242685,694217.4864846987,1186.50969108673,276758053.0,113.39996593037216,14048.186517287046,748259.3047151619
2021-03-30,670381.8126757005,1,0,0,27.095603165942652,8.863149832564034,749255.7806523615,731445.742561012,615263.0416923822,685494.0679296543,1186.50969108673,276758053.0,113.39996593037216,-66836.36771774606,706971.8209459779
2021-03-31,717692.5474147619,2,0,0,27.07156712346757,9.785134520390033,670381.8126757005,712375.8199863773,789438.9290614588,686253.6004194234,1186.50969108673,276758053.0,113.39996593037216,-20454.161988241598,735159.6024301808
2021-04-01,763266.7218255213,3,0,0,27.001262282690856,8.891949252928256,717692.5474147619,742305.0536493268,695684.1161965608,689248.124444594,1186.50969108673,276758053.0,116.87259571117488,25661.53648423683,752577.4973192221
2021-04-02,711325.2332174045,4,0,0,26.98320771475701,11.58052276234568,763266.7218255213,770520.3136623823,757857.5012037135,680791.6843810257,1186.50969108673,276758053.0,116.87259571117488,-27010.40299277217,704257.2461109678
2021-04-03,605870.0653290168,5,1,0,27.05534463977162,10.528336771857006,711325.2332174045,545404.6059721954,740624.6889797876,689429.607146286,1186.50969108673,276758053.0,116.87259571117488,15186.374162658933,606937.493401987
2021-04-04,601023.7360151103,6,1,0,27.203071611757743,9.84623349659148,605870.0653290168,608215.0889092354,771585.8381505981,688402.2710185538,1186.50969108673,276758053.0,116.87259571117488,10545.158552817651,608733.0923355052
2021-04-05,819548.5689389932,0,0,0,27.2511287304245,8.283854166666666,601023.7360151103,749255.7806523615,631843.6847820638,698444.0979166441,1186.50969108673,276758053.0,116.87259571117488,78641.83455569856,771166.5397521254
2021-04-06,755868.5877804141,1,0,0,27.16677186590979,10.857290042627213,819548.5689389932,670381.8126757005,577022.2309644523,710656.4943601746,1186.50969108673,276758053.0,116.87259571117488,12659.918831055285,754254.6767805173
2021-04-07,750652.1733626162,2,0,0,27.07941952966724,9.98685416433996,755868.5877804141,717692.5474147619,673383.6694951415,715365.0123527253,1186.50969108673,276758053.0,116.87259571117488,6316.174508435186,752499.0563785869
2021-04-08,793000.5304641074,3,0,0,27.134991338456818,9.338448667672198,750652.1733626162,763266.7218255213,759595.0911255139,719612.6993010946,1186.50969108673,276758053.0,116.87259571117488,49100.37117768533,773354.3340497863
2021-04-09,839843.3767710486,4,0,0,27.206178675677965,8.891445964733261,793000.5304641074,711325.2332174045,743142.7545480714,737972.4340944724,1186.50969108673,276758053.0,116.87259571117488,95198.52548651781,775158.2818280495
2021-04-10,618020.6134649407,5,1,0,27.336377491163976,7.535356296701295,839843.3767710486,605870.0653290168,793011.5100298417,739708.2266853185,1186.50969108673,276758053.0,116.87259571117488,21101.08387502306,612101.5776550951
2021-04-11,638327.5170310282,6,1,0,27.486510090702684,8.8218191925509,618020.6134649407,601023.7360151103,812565.9652614802,745037.338259021,1186.50969108673,276758053.0,116.87259571117488,41768.26006327383,624287.5898743995
2021-04-12,735696.7481431968,0,0,0,27.38985376221292,7.931860872372989,638327.5170310282,819548.5689389932,553804.9366397555,733058.5067167645,1186.50969108673,276758053.0,116.87259571117488,-11061.378589748987,746669.2206082649
2021-04-13,745347.4024610586,1,0,0,27.45733804223744,6.701495126385414,735696.7481431968,755868.5877804141,610186.0916174245,731555.4802425709,1186.50969108673,276758053.0,116.87259571117488,-3418.4813452503877,759292.374238376
2021-04-14,757305.5452522328,2,0,0,27.373689774629625,9.139414793130364,745347.4024610586,750652.1733626162,802241.5549276841,732505.9619410875,1186.50969108673,276758053.0,116.87259571117488,7760.848905359511,770932.5142496447
2021-04-15,759127.7831095823,3,0,0,27.369770768596453,8.363871777963631,757305.5452522328,793000.5304641074,695124.1557951936,727666.9980332983,1186.50969108673,276758053.0,116.87259571117488,10410.221056638751,765645.5001928331
2021-04-16,824935.6478301089,4,0,0,27.28837488029337,10.79078332688089,759127.7831095823,839843.3767710486,761036.027857285,725537.3224703068,1186.50969108673,276758053.0,116.87259571117488,75895.2129634273,781495.5075032265
2021-04-17,612848.7291208131,5,1,0,27.383598073224547,10.439590340909092,824935.6478301089,618020.6134649407,734484.5947037302,724798.4818497172,1186.50969108673,276758053.0,116.87259571117488,11973.350532217068,611918.1385565628
2021-04-18,579803.38211571,6,1,0,27.472303425874856,8.274847322994239,612848.7291208131,638327.5170310282,786388.6929085763,716437.8911475289,1186.50969108673,276758053.0,116.87259571117488,-20266.700995437335,601152.0368996749
2021-04-19,775486.8565392323,0,0,0,27.425955467793568,9.133594402673353,579803.38211571,735696.7481431968,634550.4541309844,722122.1923469625,1186.50969108673,276758053.0,116.87259571117488,25655.902778219548,764522.4947353767
2021-04-20,740428.9777195945,1,0,0,27.32375090360165,11.071131652021757,775486.8565392323,745347.4024610586,584972.2790388763,721419.5602410391,1186.50969108673,276758053.0,116.87259571117488,-10990.434848905774,742387.6508171312
2021-04-21,726348.8168108229,2,0,0,27.504456690921753,8.764775449653547,740428.9777195945,757305.5452522328,742578.606960507,716997.170463695,1186.50969108673,276758053.0,116.87259571117488,-25459.55477475375,762094.416246617
2021-04-22,791346.1400955371,3,0,0,27.580397101191007,8.329643257209671,726348.8168108229,759127.7831095823,731445.742561012,721599.7928902598,1186.50969108673,276758053.0,116.87259571117488,40715.77035563986,785427.8136268032
2021-04-23,856444.2239637021,4,0,0,27.491528934765096,9.286412903225807,791346.1400955371,824935.6478301089,712375.8199863773,726101.0180522017,1186.50969108673,276758053.0,116.87259571117488,105794.75841716246,802196.3509134359
2021-04-24,689217.2685522896,5,1,0,27.28319570840119,10.432345040580335,856444.2239637021,612848.7291208131,742305.0536493268,737010.8093995556,1186.50969108673,276758053.0,116.87259571117488,86983.07078385935,636541.259747682
2021-04-25,636162.2071362481,6,1,0,27.182493201243204,10.59811296635925,689217.2685522896,579803.38211571,770520.3136623823,745062.0701167751,1186.50969108673,276758053.0,116.87259571117488,34925.25293846405,640146.4399114099
2021-04-26,749368.8942369986,0,0,0,27.0648958879223,14.048869316470944,636162.2071362481,775486.8565392323,545404.6059721954,741330.9326450275,1186.50969108673,276758053.0,116.87259571117488,-1498.0680580856279,757901.9389204388
2021-04-27,757939.8023740288,1,0,0,27.027307375375255,12.984343028327084,749368.8942369986,740428.9777195945,608215.0889092354,743832.4790242325,1186.50969108673,276758053.0,116.87259571117488,5553.259932669578,761126.6225772058
2021-04-28,763977.5359544463,2,0,0,27.09775823932758,12.422693165606551,757939.8023740288,726348.8168108229,749255.7806523615,749208.0103304643,1186.50969108673,276758053.0,116.87259571117488,11209.951397534925,762238.4050839375
2021-04-29,697997.7181882339,3,0,0,27.08834820221681,14.559924006879491,763977.5359544463,791346.1400955371,670381.8126757005,735872.521486564,1186.50969108673,276758053.0,116.87259571117488,-53642.02066538995,755787.2268252237
2021-04-30,829008.6737512895,4,0,0,27.150446712911503,12.444829023291163,697997.7181882339,856444.2239637021,717692.5474147619,731953.157170505,1186.50969108673,276758053.0,116.87259571117488,77246.26270202745,813739.7905732072
2021-05-01,578985.2454398541,5,1,0,27.17418654488745,10.713123359580052,829008.6737512895,689217.2685522896,763266.7218255213,716205.7252973,1186.50969108673,276758053.0,118.37834161069505,-24512.625451998785,594629.4956860924
2021-05-02,620469.2754355561,6,1,0,27.128041391144837,8.66775321162948,578985.2454398541,636162.2071362481,711325.2332174045,713963.8779114868,1186.50969108673,276758053.0,118.37834161069505,17778.465625193436,612703.0875802828
2021-05-03,778551.6091743251,0,0,0,27.282254217861063,8.761833576708874,620469.2754355561,749368.8942369986,605870.0653290168,718132.8371882477,1186.50969108673,276758053.0,118.37834161069505,26010.053127391846,760234.4583388611
2021-05-04,795767.6694749733,1,0,0,27.45310737793497,5.698737416394839,778551.6091743251,757939.8023740288,601023.7360151103,723536.8182026682,1186.50969108673,276758053.0,118.37834161069505,41465.08766858303,749855.6728417303
2021-05-05,791718.8210377014,2,0,0,27.47257935754089,7.621559566304072,795767.6694749733,763977.5359544463,819548.5689389932,727499.8589288477,1186.50969108673,276758053.0,118.37834161069505,36783.56478876795,785760.7281908521
2021-05-06,742253.7707421897,3,0,0,27.66249068133892,8.27958477234266,791718.8210377014,697997.7181882339,755868.5877804141,733822.1521508413,1186.50969108673,276758053.0,118.37834161069505,-11804.556935504661,774316.9552586391
2021-05-07,768753.1215720313,4,0,0,27.710517029267027,6.881504715776269,742253.7707421897,829008.6737512895,750652.1733626162,725214.2161252331,1186.50969108673,276758053.0,118.37834161069505,14332.904054128448,778055.7903377728
2021-05-08,595658.6676107737,5,1,0,27.646312696312695,5.9056138992052025,768753.1215720313,578985.2454398541,793000.5304641074,727596.1335782214,1186.50969108673,276758053.0,118.37834161069505,-10713.759493291727,600364.3179932889
2021-05-09,639494.6914903908,6,1,0,27.549276108953524,7.734614183986465,595658.6676107737,620469.2754355561,839843.3767710486,730314.0501574837,1186.50969108673,276758053.0,118.37834161069505,33745.306141643436,613963.4367131271
2021-05-10,806145.4314543545,0,0,0,27.482659485705707,8.59033929741725,639494.6914903908,778551.6091743251,618020.6134649407,734256.0247689163,1186.50969108673,276758053.0,118.37834161069505,50403.49324179324,782208.5128764728
2021-05-11,750057.3201859653,1,0,0,27.447948953355738,8.773632633844498,806145.4314543545,795767.6694749733,638327.5170310282,727725.9748704868,1186.50969108673,276758053.0,118.37834161069505,-7536.787355612614,779637.4452077994
2021-05-12,846512.6139448598,2,0,0,27.48174300909247,6.932242042695466,750057.3201859653,791718.8210377014,735696.7481431968,735553.6595715092,1186.50969108673,276758053.0,118.37834161069505,88252.54715618782,796113.1553207664
2021-05-13,782819.7063784525,3,0,0,27.581676374033677,6.46732219894366,846512.6139448598,742253.7707421897,745347.4024610586,741348.7932338326,1186.50969108673,276758053.0,118.37834161069505,25466.8948965976,775212.6999451355
2021-05-14,772340.923587774,4,0,0,27.53137320930863,7.431705998033432,782819.7063784525,768753.1215720313,757305.5452522328,741861.3363789388,1186.50969108673,276758053.0,118.37834161069505,14724.321122169495,781311.4247292192
2021-05-15,579568.7972610465,5,1,0,27.530697984260055,7.4711566293183935,772340.923587774,595658.6676107737,759127.7831095823,739562.7834718348,1186.50969108673,276758053.0,118.37834161069505,-29831.682169097126,591936.7438379928
2021-05-16,602700.658283547,6,1,0,27.449096953908597,9.494414823598564,579568.7972610465,639494.6914903908,824935.6478301089,734306.4930137142,1186.50969108673,276758053.0,118.37834161069505,-5837.512132646865,604829.6047626127
2021-05-17,784819.4753106661,0,0,0,27.34459581213261,9.055020211952366,602700.658283547,806145.4314543545,612848.7291208131,731259.9278503302,1186.50969108673,276758053.0,118.37834161069505,26597.87830558617,753970.9128453726
2021-05-18,794607.1269510072,1,0,0,27.19141441513987,7.547645976221364,784819.4753106661,750057.3201859653,579803.38211571,737624.1859596219,1186.50969108673,276758053.0,118.37834161069505,34909.52419652196,763250.5884473069
2021-05-19,775318.2560150711,2,0,0,27.20900146758159,9.854287967152674,794607.1269510072,846512.6139448598,775486.8565392323,727453.5633982235,1186.50969108673,276758053.0,118.37834161069505,15393.402455127332,767926.3056909683
2021-05-20,777982.3290518684,3,0,0,27.25353179228179,9.433085934085147,775318.2560150711,782819.7063784525,740428.9777195945,726762.5094944257,1186.50969108673,276758053.0,118.37834161069505,19459.938931192737,763828.118326804
2021-05-21,674940.4133121562,4,0,0,27.324397892679453,9.59734771401438,777982.3290518684,772340.923587774,726348.8168108229,712848.1508836232,1186.50969108673,276758053.0,118.37834161069505,-83301.50060838088,735075.8348451767
2021-05-22,617414.7070119289,5,1,0,27.44321272684492,8.899257397971512,674940.4133121562,579568.7972610465,791346.1400955371,718254.7094194635,1186.50969108673,276758053.0,118.37834161069505,7973.5984185269335,608065.0111223202
2021-05-23,665255.4249073127,6,1,0,27.302495104895105,10.601508633151765,617414.7070119289,602700.658283547,856444.2239637021,727191.10465143,1186.50969108673,276758053.0,118.37834161069505,57292.097329752985,645528.0958568936
2021-05-24,789203.3895802492,0,0,0,27.290684595223883,8.845250582440613,665255.4249073127,784819.4753106661,689217.2685522896,727817.3781185134,1186.50969108673,276758053.0,118.37834161069505,32192.535885612946,793190.6513921041
2021-05-25,805698.4140201702,1,0,0,27.405759434350927,5.579444009364983,789203.3895802492,794607.1269510072,636162.2071362481,729401.8476998223,1186.50969108673,276758053.0,118.37834161069505,47857.04932681017,788013.2990702876
2021-05-26,805309.8855771715,2,0,0,27.33418077619844,7.09210486283657,805698.4140201702,775318.2560150711,749368.8942369986,733686.366208694,1186.50969108673,276758053.0,118.37834161069505,47888.719803554355,773987.4455516523
2021-05-27,781437.2009310065,3,0,0,27.29905303408026,8.163617053601103,805309.8855771715,777982.3290518684,757939.8023740288,734179.919334285,1186.50969108673,276758053.0,118.37834161069505,26053.551870626397,782639.9820427281
2021-05-28,738761.2032793384,4,0,0,27.273234824476503,9.071927866282705,781437.2009310065,674940.4133121562,763977.5359544463,743297.1750438826,1186.50969108673,276758053.0,118.37834161069505,-15729.919841706287,751010.0056478992
2021-05-29,646434.3716886428,5,1,0,27.12253532063635,7.992834540091177,738761.2032793384,617414.7070119289,697997.7181882339,747442.8414262702,1186.50969108673,276758053.0,118.37834161069505,41323.10490399983,624891.8678123711
2021-05-30,615748.5442419045,6,1,0,27.037640403529167,10.577863923737045,646434.3716886428,665255.4249073127,829008.6737512895,740370.4299026404,1186.50969108673,276758053.0,118.37834161069505,12651.972154748859,613968.3752533699
2021-05-31,772183.3130305419,0,0,0,27.129535444954097,7.051436068415678,615748.5442419045,789203.3895802492,578985.2454398541,737938.9903955393,1186.50969108673,276758053.0,118.37834161069505,20525.930365978973,760279.4023527417
2021-06-01,719495.6619619589,1,0,0,26.95378295245221,8.06332403048608,772183.3130305419,805698.4140201702,620469.2754355561,725624.3115300807,1186.50969108673,276758053.0,117.66668022435178,-32562.50518002885,737144.0621441508
2021-06-02,696829.7523850331,2,0,0,26.879862675175175,9.949202025993884,719495.6619619589,805309.8855771715,778551.6091743251,710127.1496454894,1186.50969108673,276758053.0,117.66668022435178,-54444.23542315117,734899.9796055979
2021-06-03,766137.9388212322,3,0,0,26.85091606180958,9.241488869446876,696829.7523850331,781437.2009310065,795767.6694749733,707941.5407726645,1186.50969108673,276758053.0,117.66668022435178,17199.283146639937,758810.4290664047
2021-06-04,761810.1936053926,4,0,0,26.97193347265761,9.439402930272772,766137.9388212322,738761.2032793384,791718.8210377014,711234.2536763866,1186.50969108673,276758053.0,117.66668022435178,13993.530288993614,740695.338306824
2021-06-05,589489.3138892483,5,1,0,27.170029828486207,5.923370159182704,761810.1936053926,646434.3716886428,742253.7707421897,703099.2454193302,1186.50969108673,276758053.0,117.66668022435178,-8786.89226687816,589488.3956315556
2021-06-06,593283.0756217932,6,1,0,27.090791842589017,6.767753433060413,589489.3138892483,615748.5442419045,768753.1215720313,699889.8927593144,1186.50969108673,276758053.0,117.66668022435178,-2885.5548616595333,600169.0600183223
2021-06-07,740448.3240148035,0,0,0,26.9735017910072,8.714096705177578,593283.0756217932,772183.3130305419,595658.6676107737,695356.3228999231,1186.50969108673,276758053.0,117.66668022435178,-4253.195643724292,733053.8384866843
2021-06-08,741553.9158124683,1,0,0,26.950830304291188,9.00482619219246,740448.3240148035,719495.6619619589,639494.6914903908,698507.5020214245,1186.50969108673,276758053.0,117.66668022435178,-3581.1408274598652,747512.1719371283
2021-06-09,785870.2321953842,2,0,0,27.032074384202577,8.003130484330484,741553.9158124683,696829.7523850331,806145.4314543545,711227.5705657603,1186.50969108673,276758053.0,117.66668022435178,41431.611497027916,751481.7565436309
2021-06-10,798546.880693958,3,0,0,27.15308631072591,6.063379001173118,785870.2321953842,766137.9388212322,750057.3201859653,715857.4194047211,1186.50969108673,276758053.0,117.66668022435178,56307.77468365675,765475.0761791477
2021-06-11,696469.9591491317,4,0,0,27.339025493905805,4.539826529464687,798546.880693958,761810.1936053926,846512.6139448598,706523.1001966839,1186.50969108673,276758053.0,117.66668022435178,-44823.090117233456,728448.7353703209
2021-06-12,638929.4397776318,5,1,0,27.035162320908736,6.219938412391243,696469.9591491317,589489.3138892483,782819.7063784525,713585.9753235959,1186.50969108673,276758053.0,117.66668022435178,46969.567852825974,603969.4758120872
2021-06-13,648549.9928348825,6,1,0,27.01868404675679,7.664030473267199,638929.4397776318,593283.0756217932,772340.923587774,721481.24921118,1186.50969108673,276758053.0,117.66668022435178,58468.42309958534,604625.6233420772
2021-06-14,723540.9635810514,0,0,0,26.99358770535241,6.049914814814815,648549.9928348825,740448.3240148035,579568.7972610465,719065.9120063583,1186.50969108673,276758053.0,117.66668022435178,-15315.091255433275,728164.6462255217
2021-06-15,729879.463345195,1,0,0,26.96377661374571,8.484898504500338,723540.9635810514,741553.9158124683,602700.658283547,717398.1330824621,1186.50969108673,276758053.0,117.66668022435178,-9654.318726093974,731898.3285939319
2021-06-16,711220.1477460718,2,0,0,26.941363798682545,6.941616486902789,729879.463345195,785870.2321953842,784819.4753106661,706733.8353039889,1186.50969108673,276758053.0,117.66668022435178,-27854.462974811322,743724.7921826568
2021-06-17,800281.3267224604,3,0,0,26.872458891315823,7.627655980453696,711220.1477460718,798546.880693958,794607.1269510072,706981.6133080607,1186.50969108673,276758053.0,117.66668022435178,63184.94405031903,749480.7149638477
2021-06-18,699578.9727626335,4,0,0,26.710121373093944,7.1295101447082985,800281.3267224604,696469.9591491317,775318.2560150711,707425.7581099895,1186.50969108673,276758053.0,117.66668022435178,-36768.32486607216,713162.848391015
2021-06-19,567200.0912290913,5,1,0,26.645352916134524,8.22704248366013,699578.9727626335,638929.4397776318,777982.3290518684,697178.7083173407,1186.50969108673,276758053.0,117.66668022435178,-19979.293541017454,583449.472169788
2021-06-20,571969.2869979135,6,1,0,26.72483870687483,8.060744476387796,567200.0912290913,648549.9928348825,674940.4133121562,686238.6074834882,1186.50969108673,276758053.0,117.66668022435178,-13459.110736723873,564836.3264632493
2021-06-21,761104.6647455741,0,0,0,26.66815732009779,8.576602898550725,571969.2869979135,723540.9635810514,617414.7070119289,691604.8505069914,1186.50969108673,276758053.0,117.66668022435178,26817.33170377044,737559.6843952809
2021-06-22,696928.1354669196,1,0,0,26.515597434671648,8.253790088273364,761104.6647455741,729879.463345195,665255.4249073127,686897.517952952,1186.50969108673,276758053.0,117.66668022435178,-38075.06369938573,691440.5277438516
2021-06-23,808433.9620551851,2,0,0,26.4211815700404,8.204227642276424,696928.1354669196,711220.1477460718,789203.3895802492,700785.2057113968,1186.50969108673,276758053.0,117.66668022435178,73899.97823784105,770490.0946680001
2021-06-24,743782.8724375839,3,0,0,26.44653115635101,10.330672568367978,808433.9620551851,800281.3267224604,805698.4140201702,692713.9979564145,1186.50969108673,276758053.0,117.66668022435178,11285.574720658478,709753.2293941948
2021-06-25,671429.2296844826,4,0,0,26.272044885904023,9.335535423925668,743782.8724375839,699578.9727626335,805309.8855771715,688692.6060881072,1186.50969108673,276758053.0,117.66668022435178,-60213.5440393762,702770.2286961641
2021-06-26,524650.5217109782,5,1,0,26.378904794638768,6.85389652014652,671429.2296844826,567200.0912290913,781437.2009310065,682614.0961569481,1186.50969108673,276758053.0,117.66668022435178,-57674.99824284483,562741.0649511113
2021-06-27,655247.6294228776,6,1,0,26.43460219112393,6.188927299081392,524650.5217109782,571969.2869979135,738761.2032793384,694511.0022176573,1186.50969108673,276758053.0,117.66668022435178,74861.67538860126,611069.7061729252
2021-06-28,706548.5109189331,0,0,0,26.335261369696365,6.841891924336746,655247.6294228776,761104.6647455741,646434.3716886428,686717.2659567086,1186.50969108673,276758053.0,117.66668022435178,-22474.708967619692,709952.581221629
2021-06-29,695783.3325413612,1,0,0,26.315511073292186,7.458696205755029,706548.5109189331,696928.1354669196,615748.5442419045,686553.7226816288,1186.50969108673,276758053.0,117.66668022435178,-33708.4839707904,707878.8744889183
2021-06-30,740684.9028775129,2,0,0,26.4470626356926,7.346992706992707,695783.3325413612,808433.9620551851,772183.3130305419,676875.285656247,1186.50969108673,276758053.0,117.66668022435178,11926.513374505099,722629.4877707028
2021-07-01,777339.4995481699,3,0,0,26.409520388287515,5.289331328299886,740684.9028775129,743782.8724375839,719495.6619619589,681669.089529188,1186.50969108673,276758053.0,117.51518230846295,50889.331924050115,735860.7796911311
2021-07-02,783403.7837848355,4,0,0,26.372504522778357,5.453354978354979,777339.4995481699,671429.2296844826,696829.7523850331,697665.454400667,1186.50969108673,276758053.0,117.51518230846295,58076.65570062306,746237.1719376646
2021-07-03,627478.5471340982,5,1,0,26.419190224262127,8.96212859397516,783403.7837848355,524650.5217109782,766137.9388212322,712355.1723182554,1186.50969108673,276758053.0,117.51518230846295,51723.3525487507,599601.2791542404
2021-07-04,577433.8964496937,6,1,0,26.44886843699435,6.3892258700432185,627478.5471340982,655247.6294228776,761810.1936053926,701238.9247506578,1186.50969108673,276758053.0,117.51518230846295,3848.0952185526257,568204.8207908189
2021-07-05,681967.1200614915,0,0,0,26.494982562111243,6.506386675387195,577433.8964496937,706548.5109189331,589489.3138892483,697727.297485309,1186.50969108673,276758053.0,117.51518230846295,-40061.909964110586,711236.1602718871
2021-07-06,721227.8860816178,1,0,0,26.3607407190022,7.35781778154655,681967.1200614915,695783.3325413612,593283.0756217932,701362.2337053457,1186.50969108673,276758053.0,117.51518230846295,-1122.0719008537708,720433.4861238683
2021-07-07,678374.1458502712,2,0,0,26.31132510889849,4.870933904050787,721227.8860816178,740684.9028775129,740448.3240148035,692460.6969871683,1186.50969108673,276758053.0,117.51518230846295,-43151.02538505348,714115.7522534356
2021-07-08,684138.5406873721,3,0,0,26.387178077271297,6.333734977862112,678374.1458502712,777339.4995481699,741553.9158124683,679146.2742927687,1186.50969108673,276758053.0,117.51518230846295,-35052.39437196846,702930.220637563
2021-07-09,694024.2783669815,4,0,0,26.33820040463876,6.861178908568905,684138.5406873721,783403.7837848355,785870.2321953842,666377.7735187894,1186.50969108673,276758053.0,117.51518230846295,-24090.831431138562,692244.4224527912
2021-07-10,555805.9650285834,5,1,0,26.244499429674477,7.9601929114482575,694024.2783669815,627478.5471340982,798546.880693958,656138.8332180016,1186.50969108673,276758053.0,117.51518230846295,-12864.157758942922,550083.7826198798
2021-07-11,583775.0597636731,6,1,0,26.421522628410106,7.136200268810778,555805.9650285834,577433.8964496937,696469.9591491317,657044.7136914273,1186.50969108673,276758053.0,117.51518230846295,17062.72489353188,580783.5696426397
2021-07-12,720578.098115547,0,0,0,26.34301081282625,4.99085683326561,583775.0597636731,681967.1200614915,638929.4397776318,662560.5676991494,1186.50969108673,276758053.0,117.51518230846295,5123.083994445275,711284.5250108589
2021-07-13,733403.2754661167,1,0,0,26.34179477627582,6.036916188916188,720578.098115547,721227.8860816178,648549.9928348825,664299.9090397923,1186.50969108673,276758053.0,117.51518230846295,17238.71849304007,729732.696303222
2021-07-14,744224.9965837814,2,0,0,26.22219861255765,5.317787919765608,733403.2754661167,678374.1458502712,723540.9635810514,673707.1734302937,1186.50969108673,276758053.0,117.51518230846295,28408.079123114818,710407.5602302377
2021-07-15,677321.2458969109,3,0,0,26.256370809923613,5.6652785391169855,744224.9965837814,684138.5406873721,729879.463345195,672733.2741745134,1186.50969108673,276758053.0,117.51518230846295,-36724.49004234816,696259.2256259507
2021-07-16,753884.950698321,4,0,0,26.37231361634885,5.96546069873667,677321.2458969109,694024.2783669815,711220.1477460718,681284.7987932762,1186.50969108673,276758053.0,117.51518230846295,40270.69194861152,724721.1532411411
2021-07-17,607920.9571021784,5,1,0,26.48814888435578,3.3917737264397285,753884.950698321,555805.9650285834,800281.3267224604,688729.7976609326,1186.50969108673,276758053.0,117.51518230846295,43032.59769138601,582705.7208142116
2021-07-18,524366.9973743043,6,1,0,26.721725756839888,5.077920041222794,607920.9571021784,583775.0597636731,699578.9727626335,680242.9316053085,1186.50969108673,276758053.0,117.51518230846295,-39349.00203797291,550540.6325282861
2021-07-19,708090.3064814631,0,0,0,26.731920507463983,5.024274278676988,524366.9973743043,720578.098115547,567200.0912290913,678458.9613718679,1186.50969108673,276758053.0,117.51518230846295,-5210.033233698923,705074.8927730072
2021-07-20,673011.0878479712,1,0,0,26.906355545541345,4.537319735343632,708090.3064814631,733403.2754661167,571969.2869979135,669831.5059978472,1186.50969108673,276758053.0,117.51518230846295,-41885.05281325686,695493.9658809598
2021-07-21,688817.4926497934,2,0,0,26.68996651468932,5.288229774439997,673011.0878479712,744224.9965837814,761104.6647455741,661916.1482929917,1186.50969108673,276758053.0,117.51518230846295,-26648.914942829637,709421.1824260935
2021-07-22,744782.1577815815,3,0,0,26.635401957196574,6.622890342679128,688817.4926497934,677321.2458969109,696928.1354669196,671553.4214193734,1186.50969108673,276758053.0,117.51518230846295,30151.388489807956,720216.3386082791
2021-07-23,692242.4675994677,4,0,0,26.563387874175543,4.746457793338671,744782.1577815815,753884.950698321,808433.9620551851,662747.3524052514,1186.50969108673,276758053.0,117.51518230846295,-22895.208072680398,692410.7583591156
2021-07-24,532032.8067532417,5,1,0,26.3840331749138,7.479338657547637,692242.4675994677,607920.9571021784,743782.8724375839,651906.188069689,1186.50969108673,276758053.0,117.51518230846295,-35304.91291026329,558536.1830578177
2021-07-25,564896.238508752,6,1,0,26.362504372986127,4.647324764714146,532032.8067532417,524366.9973743043,671429.2296844826,657696.0796603244,1186.50969108673,276758053.0,117.51518230846295,-2167.1764172421535,581890.6896726966
2021-07-26,716727.476444061,0,0,0,26.313387255451364,4.834954954954955,564896.238508752,708090.3064814631,524650.5217109782,658929.9610835527,1186.50969108673,276758053.0,117.51518230846295,-775.1578159143683,706745.1649658451
2021-07-27,731847.6239393743,1,0,0,26.349839397677048,5.782087061607645,716727.476444061,673011.0878479712,655247.6294228776,667335.1805251817,1186.50969108673,276758053.0,117.51518230846295,11952.28486243356,732013.0639075133
2021-07-28,715216.3902289404,2,0,0,26.349693982032203,5.525990815613457,731847.6239393743,688817.4926497934,706548.5109189331,671106.4516079169,1186.50969108673,276758053.0,117.51518230846295,-5974.160162072862,725720.6465249527
2021-07-29,730007.6643093921,3,0,0,26.358904109589037,5.507517704461677,715216.3902289404,744782.1577815815,695783.3325413612,668995.8096833185,1186.50969108673,276758053.0,117.51518230846295,9012.622969685355,728445.2466497044
2021-07-30,710674.6723105534,4,0,0,26.263501658400543,6.129431913116124,730007.6643093921,692242.4675994677,740684.9028775129,671628.9817849022,1186.50969108673,276758053.0,117.51518230846295,-11371.158487698762,706693.1634146508
2021-07-31,553260.4771350204,5,1,0,26.287000370230185,4.466039755351682,710674.6723105534,532032.8067532417,777339.4995481699,674661.5061251562,1186.50969108673,276758053.0,117.51518230846295,-21423.299270450952,570270.9781541425
2021-08-01,611853.9474624852,6,1,0,26.193068464304577,4.068937048503613,553260.4771350204,564896.238508752,783403.7837848355,681369.7502614039,1186.50969108673,276758053.0,117.56680669332846,37120.35473993048,591609.0170180392
2021-08-02,760980.9551515623,0,0,0,26.170504144861763,5.951927988996954,611853.9474624852,716727.476444061,627478.5471340982,687691.6757910469,1186.50969108673,276758053.0,117.56680669332846,35603.46173107345,738000.7354645942
2021-08-03,653787.5303134369,1,0,0,26.140125815470643,2.9378824721377916,760980.9551515623,731847.6239393743,577433.8964496937,676540.2338444843,1186.50969108673,276758053.0,117.56680669332846,-74064.55311907106,688119.3578009054
2021-08-04,743247.790584983,2,0,0,26.169666907166903,2.577716877268957,653787.5303134369,715216.3902289404,681967.1200614915,680544.7196096333,1186.50969108673,276758053.0,117.56680669332846,14142.3433165967,731579.4701020345
2021-08-05,716732.1852920837,3,0,0,26.251636480647235,4.823267682398117,743247.790584983,730007.6643093921,721227.8860816178,678648.2226071608,1186.50969108673,276758053.0,117.56680669332846,-12013.725099325995,713232.9048460539
2021-08-06,668017.6861095709,4,0,0,26.236625833936177,4.981974798864645,716732.1852920837,710674.6723105534,678374.1458502712,672554.3674355919,1186.50969108673,276758053.0,117.56680669332846,-61496.8649293856,708501.7051375892
2021-08-07,592254.8348010443,5,1,0,26.36163119457486,3.34890977443609,668017.6861095709,553260.4771350204,684138.5406873721,678124.9899593096,1186.50969108673,276758053.0,117.56680669332846,10496.07515804749,603952.0790129128
2021-08-08,623321.4867439481,6,1,0,26.60465705204433,2.465786435786436,592254.8348010443,611853.9474624852,694024.2783669815,679763.2098566613,1186.50969108673,276758053.0,117.56680669332846,42009.31527785119,600715.3338693159
2021-08-09,692382.8510322234,0,0,0,26.750656658065527,3.561862026862027,623321.4867439481,760980.9551515623,555805.9650285834,669963.4806967557,1186.50969108673,276758053.0,117.56680669332846,-38985.32128733129,702748.4075253152
2021-08-10,705788.3271423132,1,0,0,26.80734004309596,4.470083774250441,692382.8510322234,653787.5303134369,583775.0597636731,677392.1659580237,1186.50969108673,276758053.0,117.56680669332846,-27388.278180763242,720242.0409117673
2021-08-11,794434.5524969094,2,0,0,26.94668862993595,4.383547140120416,705788.3271423132,743247.790584983,720578.098115547,684704.5605168705,1186.50969108673,276758053.0,117.56680669332846,60733.92453070136,748808.987044643
2021-08-12,773043.3999484892,3,0,0,26.896229471528898,3.343794444379503,794434.5524969094,716732.1852920837,733403.2754661167,692749.0197534998,1186.50969108673,276758053.0,117.56680669332846,40478.19953236799,751091.7795009874
2021-08-13,754798.3753317745,4,0,0,26.990154652254446,4.5109472304162574,773043.3999484892,668017.6861095709,744224.9965837814,705146.2610709574,1186.50969108673,276758053.0,117.56680669332846,22269.087930452428,735904.7090379302
2021-08-14,576189.6112279694,5,1,0,26.811612498880834,2.6220459590024805,754798.3753317745,592254.8348010443,677321.2458969109,702851.2291319467,1186.50969108673,276758053.0,117.56680669332846,-7769.465379491681,587292.9026233364
2021-08-15,578665.2377817478,6,1,0,26.748196484906924,5.418996697746699,576189.6112279694,623321.4867439481,753884.950698321,696471.7649944896,1186.50969108673,276758053.0,117.56680669332846,-4042.3079020289006,588647.4359332056
2021-08-16,675719.279376341,0,0,0,26.638277383766745,3.4195268634006255,578665.2377817478,692382.8510322234,607920.9571021784,694091.254757935,1186.50969108673,276758053.0,117.56680669332846,-56268.305434594746,711865.1865687808
2021-08-17,766150.20177899,1,0,0,26.64734362445341,4.584408573222132,675719.279376341,705788.3271423132,524366.9973743043,702714.3797060316,1186.50969108673,276758053.0,117.56680669332846,33081.89146071661,753913.4713900607
2021-08-18,760488.8219646069,2,0,0,26.61445135562755,3.803659575085762,766150.20177899,794434.5524969094,708090.3064814631,697864.9896299884,1186.50969108673,276758053.0,117.56680669332846,27557.295500988024,737109.6857536819
2021-08-19,697643.289820372,3,0,0,26.60442822018165,4.398014874737609,760488.8219646069,773043.3999484892,673011.0878479712,687093.5453259718,1186.50969108673,276758053.0,117.56680669332846,-33576.53448698274,705360.7726378595
2021-08-20,726255.2312243073,4,0,0,26.7117377419175,3.764189111545979,697643.289820372,754798.3753317745,688817.4926497934,683015.9533106192,1186.50969108673,276758053.0,117.56680669332846,-4453.176786240423,730223.9928776369
2021-08-21,550214.7571274643,5,1,0,26.8136167532672,3.712596523964242,726255.2312243073,576189.6112279694,744782.1577815815,679305.2598676898,1186.50969108673,276758053.0,117.56680669332846,-31563.20218892244,577230.4348736864
2021-08-22,619975.2072045526,6,1,0,26.826474122453593,3.3253399711145257,550214.7571274643,578665.2377817478,692242.4675994677,685206.6840709477,1186.50969108673,276758053.0,117.56680669332846,39681.327395014116,597549.9030954204
2021-08-23,750900.6376053605,0,0,0,26.81806843497633,4.582066486972147,619975.2072045526,675719.279376341,532032.8067532417,695946.8781036648,1186.50969108673,276758053.0,117.56680669332846,21421.512677609804,718638.2765523157
2021-08-24,723720.2225364184,1,0,0,26.637792708380942,4.165769717158631,750900.6376053605,766150.20177899,564896.238508752,689885.4524975831,1186.50969108673,276758053.0,117.56680669332846,-6890.049050799105,729214.4925860531
2021-08-25,751853.1654352664,2,0,0,26.521899420796174,5.409116816720638,723720.2225364184,760488.8219646069,716727.476444061,688651.787279106,1186.50969108673,276758053.0,117.56680669332846,21179.383275250322,742395.7393012735
2021-08-26,721987.0076087955,3,0,0,26.642564249439715,3.4394409247110276,751853.1654352664,697643.289820372,731847.6239393743,692129.4612488808,1186.50969108673,276758053.0,117.56680669332846,-7326.9508424062515,735672.4198379661
2021-08-27,735361.3180823108,4,0,0,26.58150566893424,4.331765873015873,721987.0076087955,726255.2312243073,715216.3902289404,693430.3308000241,1186.50969108673,276758053.0,117.56680669332846,6056.638351217494,730389.2758075934
2021-08-28,565296.8237700448,5,1,0,26.578663880181125,6.162569815805111,735361.3180823108,550214.7571274643,730007.6643093921,695584.9117489641,1186.50969108673,276758053.0,117.56680669332846,-15725.414436725434,586042.2880604159
2021-08-29,543815.1336045889,6,1,0,26.56369049963028,7.154468839686018,565296.8237700448,619975.2072045526,710674.6723105534,684704.9012346836,1186.50969108673,276758053.0,117.56680669332846,-36509.47939889785,574193.4873007146
2021-08-30,716536.0307340726,0,0,0,26.524721670066494,6.406335468343399,543815.1336045889,750900.6376053605,553260.4771350204,679795.6716816425,1186.50969108673,276758053.0,117.56680669332846,-13888.366155520896,719122.1823134153
2021-08-31,749122.2281039059,1,0,0,26.630353678107365,3.814120161781831,716536.0307340726,723720.2225364184,611853.9474624852,683424.529619855,1186.50969108673,276758053.0,117.56680669332846,16537.211460711667,730976.6774279611
2021-09-01,726815.255318369,2,0,0,26.68538080333855,3.9170663928339366,749122.2281039059,751853.1654352664,760980.9551515623,679847.6853174411,1186.50969108673,276758053.0,115.6345053150398,-6961.952290897374,726837.7895396788
2021-09-02,789917.9871769669,3,0,0,26.717737489966726,5.761366224348741,726815.255318369,721987.0076087955,653787.5303134369,689552.110970037,1186.50969108673,276758053.0,115.6345053150398,56290.75448048138,747938.7711254136
2021-09-03,773140.7727521547,4,0,0,26.6541251596424,6.1659934211512235,789917.9871769669,735361.3180823108,743247.790584983,694949.1759228718,1186.50969108673,276758053.0,115.6345053150398,38251.83742057206,732273.4182236475
2021-09-04,545320.1728964094,5,1,0,26.48119628493683,6.230617311125786,773140.7727521547,565296.8237700448,716732.1852920837,692095.3686552097,1186.50969108673,276758053.0,115.6345053150398,-42596.761241104105,575524.3007969129
2021-09-05,538667.3705132995,6,1,0,26.713311684924363,6.292111523456086,545320.1728964094,543815.1336045889,668017.6861095709,691359.9739278826,1186.50969108673,276758053.0,115.6345053150398,-49878.92330123857,583006.2074092936
2021-09-06,763471.7094121668,0,0,0,26.688390476287513,4.7156533893814965,538667.3705132995,716536.0307340726,592254.8348010443,698065.070881896,1186.50969108673,276758053.0,115.6345053150398,23505.83039965469,752911.844002451
2021-09-07,790806.8244498743,1,0,0,26.81309485528085,4.735719438563476,763471.7094121668,749122.2281039059,623321.4867439481,704020.0132170344,1186.50969108673,276758053.0,115.6345053150398,47391.800513700815,749250.1361997079
2021-09-08,679298.5274193509,2,0,0,26.913897113689995,5.42968161695658,790806.8244498743,726815.255318369,692382.8510322234,697231.9092314604,1186.50969108673,276758053.0,115.6345053150398,-66541.94207973848,748052.7698221406
2021-09-09,788907.3510094292,3,0,0,26.881558664464524,5.758277027027027,679298.5274193509,789917.9871769669,705788.3271423132,697087.5326360979,1186.50969108673,276758053.0,115.6345053150398,42062.30182320997,775047.4322648245
2021-09-10,713654.739150613,4,0,0,26.885067965950316,7.371183876392826,788907.3510094292,773140.7727521547,794434.5524969094,688589.5278358776,1186.50969108673,276758053.0,115.6345053150398,-35505.46465918841,727210.0760334395
2021-09-11,587050.8466748679,5,1,0,26.551408396613876,7.209852622867328,713654.739150613,545320.1728964094,773043.3999484892,694551.0526613717,1186.50969108673,276758053.0,115.6345053150398,-16068.776927420404,600742.6977912717
2021-09-12,577896.3850110888,6,1,0,26.57608732506751,6.141035446522775,587050.8466748679,538667.3705132995,754798.3753317745,700155.1975896274,1186.50969108673,276758053.0,115.6345053150398,-26642.95794044214,607824.0960319695
2021-09-13,759418.2419212526,0,0,0,26.54201671891327,4.8630223127023395,577896.3850110888,763471.7094121668,576189.6112279694,699576.130805211,1186.50969108673,276758053.0,115.6345053150398,2826.7561388463946,748006.7224958639
2021-09-14,695259.6155262175,1,0,0,26.529452860101372,3.270620263942103,759418.2419212526,790806.8244498743,578665.2377817478,685926.5295304029,1186.50969108673,276758053.0,115.6345053150398,-65241.670532651944,714496.7386089846
2021-09-15,743663.8807014127,2,0,0,26.512585793835793,4.910837337739992,695259.6155262175,679298.5274193509,675719.279376341,695121.5799992689,1186.50969108673,276758053.0,115.6345053150398,-19540.44701247185,763262.1709912771
2021-09-16,751800.8433377977,3,0,0,27.575272030651337,3.006422018348624,743663.8807014127,788907.3510094292,766150.20177899,689820.6503318929,1186.50969108673,276758053.0,115.6345053150398,-12494.635193314985,755665.8248751521
2021-09-17,746956.5971484715,4,0,0,27.54571995464853,1.6751867064973862,751800.8433377977,713654.739150613,760488.8219646069,694578.0586173013,1186.50969108673,276758053.0,115.6345053150398,-19544.99542716227,774833.6855436324
2021-09-18,630115.904701113,5,1,0,27.688578088578097,3.006007111614588,746956.5971484715,587050.8466748679,697643.289820372,700730.2097639077,1186.50969108673,276758053.0,115.6345053150398,9960.629501700518,643926.2685957939
2021-09-19,626087.0934685878,6,1,0,28.12347346874508,3.966760124610592,630115.904701113,577896.3850110888,726255.2312243073,707614.5966864076,1186.50969108673,276758053.0,115.6345053150398,5012.060673583765,647533.7592656161
2021-09-20,775056.2388892405,0,0,0,28.086918833727346,3.603300147492625,626087.0934685878,759418.2419212526,550214.7571274643,709848.596253263,1186.50969108673,276758053.0,115.6345053150398,2617.238644371624,766827.823930736
2021-09-21,840266.4048447753,1,0,0,28.050416019166025,2.43615520282187,775056.2388892405,695259.6155262175,619975.2072045526,730563.8518701998,1186.50969108673,276758053.0,115.6345053150398,64784.5183367962,824168.5407894581
2021-09-22,779994.8880702343,2,0,0,27.977117985125087,2.5693930454992397,840266.4048447753,743663.8807014127,750900.6376053605,735753.9957800314,1186.50969108673,276758053.0,115.6345053150398,2842.836992342607,797171.1517504738
2021-09-23,760104.4246925063,3,0,0,27.102477328024776,4.783073052229741,779994.8880702343,751800.8433377977,723720.2225364184,736940.2216878469,1186.50969108673,276758053.0,115.6345053150398,-16955.79628453299,775899.84125684
2021-09-24,764789.893135661,4,0,0,27.71831203279479,5.115349650349651,760104.4246925063,746956.5971484715,751853.1654352664,739487.8354003027,1186.50969108673,276758053.0,115.6345053150398,-13162.017339053331,790326.2938582546
2021-09-25,653130.0743358646,5,1,0,28.08281619385343,2.8045925154722653,764789.893135661,630115.904701113,721987.0076087955,742775.573919553,1186.50969108673,276758053.0,115.6345053150398,22949.228291298845,660917.7334157954
2021-09-26,672416.9726304049,6,1,0,27.942998785252303,3.397981460150293,653130.0743358646,626087.0934685878,735361.3180823108,749394.1280855268,1186.50969108673,276758053.0,115.6345053150398,42828.24742428621,670996.0585660337
2021-09-27,839657.2400787976,0,0,0,27.95771984150768,3.617942528735632,672416.9726304049,775056.2388892405,565296.8237700448,758622.8425411778,1186.50969108673,276758053.0,115.6345053150398,60278.72704164195,812295.3971240306
2021-09-28,793770.8061684191,1,0,0,27.75,5.510582193756853,839657.2400787976,840266.4048447753,543815.1336045889,751980.6141588411,1186.50969108673,276758053.0,115.6345053150398,12959.897137976019,807364.8223857309
2021-09-29,728551.6237276216,2,0,0,27.182598926894705,5.928023088023089,793770.8061684191,779994.8880702343,716536.0307340726,744631.5763956106,1186.50969108673,276758053.0,115.6345053150398,-52309.315264029545,788826.880830015
2021-09-30,784417.6187343725,3,0,0,27.29088788938864,4.858869138931501,728551.6237276216,760104.4246925063,749122.2281039059,748104.889830163,1186.50969108673,276758053.0,115.6345053150398,5251.459784200997,792527.6518129951
2021-10-01,755993.1770531218,4,0,0,27.270578998438182,5.900708223237033,784417.6187343725,764789.893135661,726815.255318369,746848.2161040859,1186.50969108673,276758053.0,117.57439609025285,-22505.382864539744,777550.2476895361
2021-10-02,562897.636335887,5,1,0,27.185577821312194,5.475089040412857,755993.1770531218,653130.0743358646,789917.9871769669,733957.8678183749,1186.50969108673,276758053.0,117.57439609025285,-66339.84692507354,623300.9092690272
2021-10-03,640762.5652001753,6,1,0,27.210485118730563,7.427932098765432,562897.636335887,672416.9726304049,773140.7727521547,729435.8096140564,1186.50969108673,276758053.0,117.57439609025285,13513.679403261398,648732.4953140864
2021-10-04,770627.4736254612,0,0,0,27.066165144736573,6.362390508208274,640762.5652001753,839657.2400787976,545320.1728964094,719574.4144064368,1186.50969108673,276758053.0,117.57439609025285,-5130.694982031011,763168.499515818
2021-10-05,742617.3760035104,1,0,0,27.19717825972552,5.936053998181123,770627.4736254612,793770.8061684191,538667.3705132995,712266.7815257357,1186.50969108673,276758053.0,117.57439609025285,-33428.83593715646,750510.6313749161
2021-10-06,791490.3176471959,2,0,0,27.238227950199786,5.853288023390886,742617.3760035104,728551.6237276216,763471.7094121668,721258.0235142463,1186.50969108673,276758053.0,117.57439609025285,16384.73772180197,782952.7007021008
2021-10-07,884124.9481746242,3,0,0,27.168679161659295,7.750260299241648,791490.3176471959,784417.6187343725,790806.8244498743,735501.9277199965,1186.50969108673,276758053.0,117.57439609025285,111536.55801456026,815136.5318557516
2021-10-08,758710.8184924838,4,0,0,27.149836205802696,6.391725246069238,884124.9481746242,755993.1770531218,679298.5274193509,735890.1622113341,1186.50969108673,276758053.0,117.57439609025285,-12567.125553279766,760900.9979167515
2021-10-09,606669.9782092985,5,1,0,27.06838689498788,8.551627838558963,758710.8184924838,562897.636335887,788907.3510094292,742143.3539075357,1186.50969108673,276758053.0,117.57439609025285,-14891.45519728493,619865.5690374481
2021-10-10,606371.8539893589,6,1,0,27.05275602132745,7.166423631499967,606669.9782092985,640762.5652001753,713654.739150613,737230.3951631334,1186.50969108673,276758053.0,117.57439609025285,-12937.212931719609,618094.1433285332
2021-10-11,783519.3085428593,0,0,0,27.05055055055055,9.080837562837106,606371.8539893589,770627.4736254612,587050.8466748679,739072.0858656187,1186.50969108673,276758053.0,117.57439609025285,15772.475270938827,775941.7259078125
2021-10-12,711169.6588425378,1,0,0,27.097901023854217,9.897979341127238,783519.3085428593,742617.3760035104,577896.3850110888,734579.5548426227,1186.50969108673,276758053.0,117.57439609025285,-56982.88593621121,773363.6032349833
2021-10-13,837919.16470712,2,0,0,27.0988727528629,9.58431315350077,711169.6588425378,791490.3176471959,759418.2419212526,741212.2472797546,1186.50969108673,276758053.0,117.57439609025285,70407.03970261628,812615.6945601312
2021-10-14,681552.3385043062,3,0,0,27.230938049817365,7.75720758257888,837919.16470712,884124.9481746242,695259.6155262175,712273.3030411378,1186.50969108673,276758053.0,117.57439609025285,-83915.29510259256,706969.2161327068
2021-10-15,793095.4379569513,4,0,0,27.368808505386763,6.384306722689075,681552.3385043062,758710.8184924838,743663.8807014127,717185.3915360617,1186.50969108673,276758053.0,117.57439609025285,28306.317030008417,768062.5964185654
2021-10-16,565423.2224626308,5,1,0,27.22468155625271,8.853993744317712,793095.4379569513,606669.9782092985,751800.8433377977,711292.9978579663,1186.50969108673,276758053.0,117.57439609025285,-50424.40054041252,609167.6524985684
2021-10-17,649168.1340723422,6,1,0,27.28379678750369,7.617786168455409,565423.2224626308,606371.8539893589,746956.5971484715,717406.7521555353,1186.50969108673,276758053.0,117.57439609025285,34673.49978697603,635065.589447319
2021-10-18,811900.4953443732,0,0,0,27.164726462761468,9.038097360471452,649168.1340723422,783519.3085428593,630115.904701113,721461.2074128946,1186.50969108673,276758053.0,117.57439609025285,47965.22789316636,781387.3264863518
2021-10-19,714859.7669221346,1,0,0,27.225506663029662,8.032199163860462,811900.4953443732,711169.6588425378,626087.0934685878,721988.3657099798,1186.50969108673,276758053.0,117.57439609025285,-50564.968571292586,756826.2656811604
2021-10-20,725743.4756846392,2,0,0,27.258855226456102,7.739614528204466,714859.7669221346,837919.16470712,775056.2388892405,705963.2672781969,1186.50969108673,276758053.0,117.57439609025285,-40181.63437782519,748933.4903656032
2021-10-21,788434.0307821535,3,0,0,27.501749511020204,8.257806853817486,725743.4756846392,681552.3385043062,840266.4048447753,721232.0804607464,1186.50969108673,276758053.0,117.57439609025285,23380.191634928808,779357.6710397155
2021-10-22,768422.318525086,4,0,0,27.462192801641248,7.320651342243639,788434.0307821535,793095.4379569513,779994.8880702343,717707.349113337,1186.50969108673,276758053.0,117.57439609025285,2866.212607420399,778451.7530486975
2021-10-23,586257.9416039881,5,1,0,27.331399779562275,8.224324437810068,768422.318525086,565423.2224626308,760104.4246925063,720683.7375621024,1186.50969108673,276758053.0,117.57439609025285,-31520.386930651264,600760.2866264931
2021-10-24,621038.6604938569,6,1,0,27.452898359962045,5.074599719051048,586257.9416039881,649168.1340723422,764789.893135661,716665.2413366046,1186.50969108673,276758053.0,117.57439609025285,3490.533167759655,605035.3289995108
2021-10-25,716129.6961367346,0,0,0,27.40980825823682,7.648546349289241,621038.6604938569,811900.4953443732,653130.0743358646,702983.6985926562,1186.50969108673,276758053.0,117.57439609025285,-51918.26198794006,747041.3223426337
2021-10-26,746586.0328515773,1,0,0,27.25859114340267,8.459559417669857,716129.6961367346,714859.7669221346,672416.9726304049,707516.0222968621,1186.50969108673,276758053.0,117.57439609025285,-23926.00398091972,768817.1016583266
2021-10-27,716579.0171056053,2,0,0,27.257028368215583,8.731602132435468,746586.0328515773,725743.4756846392,839657.2400787976,706206.8139284288,1186.50969108673,276758053.0,117.57439609025285,-55304.482722011046,759125.9912124937
2021-10-28,731778.6671689894,3,0,0,27.186557646345506,8.802110024337603,716579.0171056053,788434.0307821535,793770.8061684191,698113.1905551197,1186.50969108673,276758053.0,117.57439609025285,-39984.60769649723,770491.0820728111
2021-10-29,844104.7423746357,4,0,0,27.418974676117532,6.582055869428751,731778.6671689894,768422.318525086,728551.6237276216,708924.9653907695,1186.50969108673,276758053.0,117.57439609025285,71222.00535373786,787775.3994311003
2021-10-30,582226.6625167849,5,1,0,27.487225492248324,6.322938434273386,844104.7423746357,586257.9416039881,784417.6187343725,708349.0683783119,1186.50969108673,276758053.0,117.57439609025285,-43350.780973434565,609815.6228596264
2021-10-31,630193.3085582969,6,1,0,27.47408406608047,7.280915602013163,582226.6625167849,621038.6604938569,755993.1770531218,709656.8752446605,1186.50969108673,276758053.0,117.57439609025285,4526.039449446485,616346.7828643802
2021-11-01,757263.0416069514,0,0,0,27.24806124909573,7.2871731892298195,630193.3085582969,716129.6961367346,562897.636335887,715533.0674546916,1186.50969108673,276758053.0,118.51534217639028,-19067.096780081396,756550.2344782151
2021-11-02,718913.3830938379,1,0,0,27.119803019932583,9.052875454359462,757263.0416069514,746586.0328515773,640762.5652001753,711579.8317750144,1186.50969108673,276758053.0,118.51534217639028,-59885.59463330801,765686.9976164941
2021-11-03,804612.6744459013,2,0,0,27.31651247165533,10.068305714402838,718913.3830938379,716579.0171056053,770627.4736254612,724156.0685379138,1186.50969108673,276758053.0,118.51534217639028,24593.841759596253,788333.8348148286
2021-11-04,780441.2174432517,3,0,0,27.28286384976526,8.516855663749539,804612.6744459013,731778.6671689894,742617.3760035104,731107.8614342371,1186.50969108673,276758053.0,118.51534217639028,845.5906413781922,795975.4805130942
2021-11-05,782224.9170400494,4,0,0,27.496092796092796,7.878357790117864,780441.2174432517,844104.7423746357,791490.3176471959,722267.8863864392,1186.50969108673,276758053.0,118.51534217639028,1956.2770702285925,752802.4735594405
2021-11-06,626688.0900823363,5,1,0,27.428889726814248,6.586365777220716,782224.9170400494,582226.6625167849,884124.9481746242,728619.5188958036,1186.50969108673,276758053.0,118.51534217639028,-5695.915042408509,632920.3489819169
2021-11-07,585653.4613908018,6,1,0,27.42679711731436,6.748328076360113,626688.0900823363,630193.3085582969,758710.8184924838,722256.6835861615,1186.50969108673,276758053.0,118.51534217639028,-46121.08998464607,612750.678213021
2021-11-08,750610.4183787788,0,0,0,27.382962157362844,9.520258115411616,585653.4613908018,757263.0416069514,606669.9782092985,721306.3088392796,1186.50969108673,276758053.0,118.51534217639028,-31022.778529099538,762095.3345550316
2021-11-09,741952.6067896329,1,0,0,27.23250117820312,9.079301947159989,750610.4183787788,718913.3830938379,606371.8539893589,724597.6265101075,1186.50969108673,276758053.0,118.51534217639028,-41256.91706377664,772133.059072083
2021-11-10,717566.73759426,2,0,0,27.380319505344136,8.098749741159954,741952.6067896329,804612.6744459013,783519.3085428593,712162.4926741588,1186.50969108673,276758053.0,118.51534217639028,-65899.75174393819,753505.3298104558
2021-11-11,897481.2749058208,3,0,0,27.67855026987321,7.1874023303685535,717566.73759426,780441.2174432517,711169.6588425378,728882.5008830972,1186.50969108673,276758053.0,118.51534217639028,115452.51572821371,840520.3285466039
2021-11-12,778169.0207077954,4,0,0,27.69169502993783,8.793360500054488,897481.2749058208,782224.9170400494,837919.16470712,728303.0871213467,1186.50969108673,276758053.0,118.51534217639028,-3485.7317868164973,785836.4311239527
2021-11-13,571329.5196272335,5,1,0,27.731137203739944,6.740106479267022,778169.0207077954,626688.0900823363,681552.3385043062,720394.7199134746,1186.50969108673,276758053.0,118.51534217639028,-61380.18677095615,602202.1336508794
2021-11-14,582509.836403763,6,1,0,27.690004795990713,7.577008697239495,571329.5196272335,585653.4613908018,793095.4379569513,719945.630629612,1186.50969108673,276758053.0,118.51534217639028,-48535.26270313072,616009.1555615093
2021-11-15,773531.2910527962,0,0,0,27.690634418901663,8.925058629326047,582509.836403763,750610.4183787788,565423.2224626308,723220.0410116146,1186.50969108673,276758053.0,118.51534217639028,-6340.353605791577,776488.9011511017
2021-11-16,779534.3175590942,1,0,0,27.795726256628864,6.504216013041357,773531.2910527962,741952.6067896329,649168.1340723422,728588.8568358234,1186.50969108673,276758053.0,118.51534217639028,-921.1830245555611,789066.9562264058
2021-11-17,786670.9568836752,2,0,0,27.8317090806631,7.494841236220547,779534.3175590942,717566.73759426,811900.4953443732,738460.8881628826,1186.50969108673,276758053.0,118.51534217639028,6896.305982723716,786159.130803786
2021-11-18,766331.2521358677,3,0,0,27.57882561882562,7.325447467432201,786670.9568836752,897481.2749058208,714859.7669221346,719725.1706243178,1186.50969108673,276758053.0,118.51534217639028,-11135.706935446244,769602.1187335205
2021-11-19,761652.7031952172,4,0,0,27.5920040520334,9.949522706924762,766331.2521358677,778169.0207077954,725743.4756846392,717365.6966939495,1186.50969108673,276758053.0,118.51534217639028,-14649.2801735315,768485.2724227568
2021-11-20,581695.3644165341,5,1,0,27.542614285372903,7.9506290507053,761652.7031952172,571329.5196272335,788434.0307821535,718846.5316638497,1186.50969108673,276758053.0,118.51534217639028,-44958.505869201734,602192.89890602
2021-11-21,575945.4232080661,6,1,0,27.522657104435567,10.106450205114776,581695.3644165341,582509.836403763,768422.318525086,717908.7583501787,1186.50969108673,276758053.0,118.51534217639028,-48435.24338106613,603839.2019358904
2021-11-22,665718.0596205308,0,0,0,27.399889846743296,8.92113137829912,575945.4232080661,773531.2910527962,586257.9416039881,702506.8681455692,1186.50969108673,276758053.0,118.51534217639028,-106979.20532930025,739305.625679655
2021-11-23,759439.0930563434,1,0,0,27.271540126540128,9.627610434978587,665718.0596205308,779534.3175590942,621038.6604938569,699636.1217880335,1186.50969108673,276758053.0,118.51534217639028,-13432.531481441925,760983.0093607609
2021-11-24,661299.7326778709,2,0,0,27.08465036065692,9.73722107200368,759439.0930563434,786670.9568836752,716129.6961367346,681725.94690149,1186.50969108673,276758053.0,118.51534217639028,-110581.49487432383,711547.6374632559
2021-11-25,749535.4143648099,3,0,0,27.139349571919993,10.642024770973965,661299.7326778709,766331.2521358677,746586.0328515773,679326.5415056247,1186.50969108673,276758053.0,118.51534217639028,-19825.847951883217,754192.2019964793
2021-11-26,852483.0256051841,4,0,0,27.084426503679374,10.719972773765964,749535.4143648099,761652.7031952172,716579.0171056053,692302.3018499056,1186.50969108673,276758053.0,118.51534217639028,84406.40290389792,766971.4587592921
2021-11-27,649549.6986866998,5,1,0,27.275825115585757,9.87883313420948,852483.0256051841,581695.3644165341,731778.6671689894,701995.778174215,1186.50969108673,276758053.0,118.51534217639028,31154.666884919745,616917.1867282054
2021-11-28,593425.2049022635,6,1,0,27.33454684002129,9.286396871289336,649549.6986866998,575945.4232080661,844104.7423746357,704492.8898448145,1186.50969108673,276758053.0,118.51534217639028,-22741.419514518697,589339.4299844139
2021-11-29,802954.8567136098,0,0,0,27.307954047212434,8.553770093623035,593425.2049022635,665718.0596205308,582226.6625167849,724098.1465723973,1186.50969108673,276758053.0,118.51534217639028,38357.6616366714,773849.1641612278
2021-11-30,778087.0532703,1,0,0,27.227924905776344,13.00967924488009,802954.8567136098,759439.0930563434,630193.3085582969,726762.1408886769,1186.50969108673,276758053.0,118.51534217639028,13142.308971403632,774939.0258575805
2021-12-01,727486.1951733278,2,0,0,27.224641926611937,10.43058984199602,778087.0532703,661299.7326778709,757263.0416069514,736217.3498165992,1186.50969108673,276758053.0,121.9733993820153,-36690.0796033591,751732.3821880635
2021-12-02,798758.8810859164,3,0,0,27.297895482994814,9.791376682753366,727486.1951733278,749535.4143648099,718913.3830938379,743249.2736339001,1186.50969108673,276758053.0,121.9733993820153,36842.56249049748,782887.6555779573
2021-12-03,842348.6744202152,4,0,0,27.303892617449662,12.075345799180328,798758.8810859164,852483.0256051841,804612.6744459013,741801.5091789046,1186.50969108673,276758053.0,121.9733993820153,81429.39875216677,782373.3325093088
2021-12-04,584446.1419612622,5,1,0,27.251881278538814,11.57003732315163,842348.6744202152,649549.6986866998,780441.2174432517,732501.0010752707,1186.50969108673,276758053.0,121.9733993820153,-27096.720011029858,603792.0874583413
2021-12-05,705074.3007499594,6,1,0,27.238004614991535,11.162499160115567,584446.1419612622,593425.2049022635,782224.9170400494,748450.8719106559,1186.50969108673,276758053.0,121.9733993820153,95446.30750249326,647191.8639308312
2021-12-06,675849.1809965713,0,0,0,27.177663622526637,10.06924096599391,705074.3007499594,802954.8567136098,626688.0900823363,730292.9182367933,1186.50969108673,276758053.0,121.9733993820153,-82523.12172260182,729952.8518559352
2021-12-07,813212.5349515446,1,0,0,27.197751158577905,13.620551201205034,675849.1809965713,778087.0532703,585653.4613908018,735310.8441912568,1186.50969108673,276758053.0,121.9733993820153,54185.61669101636,776029.7911055719
2021-12-08,713758.8411900748,2,0,0,27.16573150221426,11.348938837747964,813212.5349515446,727486.1951733278,750610.4183787788,733349.7936222206,1186.50969108673,276758053.0,121.9733993820153,-44794.6033382921,758938.5102520108
2021-12-09,756176.0203503753,3,0,0,27.47510472994176,9.037790384009316,713758.8411900748,798758.8810859164,741952.6067896329,727266.5278028576,1186.50969108673,276758053.0,121.9733993820153,-396.60591961524915,778448.6755071611
2021-12-10,743710.6605461274,4,0,0,27.201090874769935,8.504944814164864,756176.0203503753,842348.6744202152,717566.73759426,713175.3829637022,1186.50969108673,276758053.0,121.9733993820153,-12126.108941252809,721599.7036403607
2021-12-11,629190.6141808908,5,1,0,27.26309051398337,11.980252648632243,743710.6605461274,584446.1419612622,897481.2749058208,719567.4504236492,1186.50969108673,276758053.0,121.9733993820153,22487.39715439244,587223.4772650715
2021-12-12,620547.9222769651,6,1,0,27.165618153364633,10.594199724690275,629190.6141808908,705074.3007499594,778169.0207077954,707492.2534989357,1186.50969108673,276758053.0,121.9733993820153,15533.718519283459,595857.0758418973
2021-12-13,707975.5489374542,0,0,0,26.980171728113405,10.64654137492488,620547.9222769651,675849.1809965713,571329.5196272335,712081.7346333474,1186.50969108673,276758053.0,121.9733993820153,-45994.74207003566,739281.6827101393
2021-12-14,715180.2191532628,1,0,0,26.918685289732192,15.144957586147177,707975.5489374542,813212.5349515446,582509.836403763,698077.1180907357,1186.50969108673,276758053.0,121.9733993820153,-39646.78905805654,729941.337527183
2021-12-15,734573.9163768047,2,0,0,26.914838124838127,12.39269005847953,715180.2191532628,713758.8411900748,773531.2910527962,701050.7002602686,1186.50969108673,276758053.0,121.9733993820153,-19977.735022878856,754841.4827124854
2021-12-16,686485.4813459157,3,0,0,26.831244038070167,11.370087766913096,734573.9163768047,756176.0203503753,779534.3175590942,691094.9089739172,1186.50969108673,276758053.0,121.9733993820153,-66286.23873236915,725558.2145883554
2021-12-17,709022.702464009,4,0,0,26.804635135760964,11.422216998580254,686485.4813459157,743710.6605461274,786670.9568836752,686139.4863907575,1186.50969108673,276758053.0,121.9733993820153,-43224.373321544845,722007.1074832213
2021-12-18,579421.2101032789,5,1,0,26.987568264307992,11.911670086806948,709022.702464009,629190.6141808908,766331.2521358677,679029.5715225273,1186.50969108673,276758053.0,121.9733993820153,-23921.916399509762,589752.1445723405
2021-12-19,697693.1024073376,6,1,0,26.9950855139806,11.928307760740788,579421.2101032789,620547.9222769651,761652.7031952172,690050.311541152,1186.50969108673,276758053.0,121.9733993820153,95782.73189291568,613366.0974146574
2021-12-20,757415.5646378481,0,0,0,27.111180095658572,9.525048710743318,697693.1024073376,707975.5489374542,581695.3644165341,697113.1709269224,1186.50969108673,276758053.0,121.9733993820153,6258.056237363955,725541.6511375152
2021-12-21,706355.6757155315,1,0,0,27.057598049460115,8.51226439331278,757415.5646378481,715180.2191532628,575945.4232080661,695852.5218643893,1186.50969108673,276758053.0,121.9733993820153,-45992.08479530073,716151.6307195753
2021-12-22,708756.7217325299,2,0,0,26.919240949050003,11.33465374079781,706355.6757155315,734573.9163768047,665718.0596205308,692164.3512009215,1186.50969108673,276758053.0,121.9733993820153,-43698.6272734683,731154.1711395013
2021-12-23,801491.8047476449,3,0,0,26.972662192393734,13.371431130041747,708756.7217325299,686485.4813459157,759439.0930563434,708593.8259725971,1186.50969108673,276758053.0,121.9733993820153,50378.16940727737,758387.1223325236
2021-12-24,846059.1795636334,4,0,0,27.12345776289438,9.422875816993464,801491.8047476449,709022.702464009,661299.7326778709,728170.4655582578,1186.50969108673,276758053.0,121.9733993820153,94972.17417660065,772185.6899539056
2021-12-25,583017.4994255829,5,1,0,26.788154560893627,10.995598862642169,846059.1795636334,579421.2101032789,749535.4143648099,728684.2211757299,1186.50969108673,276758053.0,121.9733993820153,-19726.31519995106,594399.5751884269
2021-12-26,533861.262201237,6,1,0,26.85860804180899,9.265463389656938,583017.4994255829,697693.1024073376,852483.0256051841,705279.6725748582,1186.50969108673,276758053.0,121.9733993820153,-68074.47217374225,560734.137692865
2021-12-27,823826.6365103233,0,0,0,26.788900357507725,12.3849123318749,533861.262201237,757415.5646378481,649549.6986866998,714766.9685566404,1186.50969108673,276758053.0,121.9733993820153,71955.92247210396,794922.3789200888
2021-12-28,767642.3442397852,1,0,0,27.070413832199545,10.57980322997416,823826.6365103233,706355.6757155315,593425.2049022635,723522.2069172481,1186.50969108673,276758053.0,121.9733993820153,13833.142489700927,747393.0734600832
2021-12-29,743425.7788591019,2,0,0,27.004750691721306,11.038622482131254,767642.3442397852,708756.7217325299,802954.8567136098,728474.9293639014,1186.50969108673,276758053.0,121.9733993820153,-11294.80727595801,757360.3393820955
2021-12-30,758958.8866449839,3,0,0,27.15293015697817,8.31581514894492,743425.7788591019,801491.8047476449,778087.0532703,722398.7982063784,1186.50969108673,276758053.0,121.9733993820153,4727.5344668318285,751164.0106723462
2021-12-31,661366.3396153267,4,0,0,26.873937809400314,10.056156862745098,758958.8866449839,846059.1795636334,727486.1951733278,696014.1067851915,1186.50969108673,276758053.0,121.9733993820153,-93730.70432908216,684362.4927889663
2022-01-01,618836.1595436073,5,1,0,26.830170981606223,15.336765837364547,661366.3396153267,583017.4994255829,798758.8810859164,701131.0582306236,1319.10118338015,278830529.0,120.968926719982,11160.81403089175,601013.8204268706
2022-01-02,612642.407501364,6,1,0,26.806436781609197,11.78148761598037,618836.1595436073,533861.262201237,842348.6744202152,712385.5075592131,1319.10118338015,278830529.0,120.968926719982,4836.789050540538,601623.571268006
2022-01-03,785132.9907142625,0,0,0,26.80876936103299,11.307124796625532,612642.407501364,823826.6365103233,584446.1419612622,706857.8438740616,1319.10118338015,278830529.0,120.968926719982,26450.88408584823,762768.3091482696
2022-01-04,834772.6452047538,1,0,0,26.930833675877295,12.750901206426676,785132.9907142625,767642.3442397852,705074.3007499594,716447.8868690572,1319.10118338015,278830529.0,120.968926719982,73222.20005812997,789499.6615404921
2022-01-05,729245.5509261502,2,0,0,26.85438145197196,10.990485228241726,834772.6452047538,743425.7788591019,675849.1809965713,714422.1400214926,1319.10118338015,278830529.0,120.968926719982,-34118.878262254875,751841.6891682892
2022-01-06,826223.4251349106,3,0,0,26.834429223744294,10.633841115991853,729245.5509261502,758958.8866449839,813212.5349515446,724031.3598057678,1319.10118338015,278830529.0,120.968926719982,62488.8973523872,783273.3528036274
2022-01-07,863541.5304157379,4,0,0,26.94294724598676,9.650824116802143,826223.4251349106,661366.3396153267,713758.8411900748,752913.5299201123,1319.10118338015,278830529.0,120.968926719982,98141.3041472492,785396.54763092
2022-01-08,638944.0349140354,5,1,0,26.958239838799596,10.640547802917402,863541.5304157379,618836.1595436073,756176.0203503753,755786.0835444592,1319.10118338015,278830529.0,120.968926719982,20240.535705604125,640108.8060956243
2022-01-09,630566.199510809,6,1,0,26.77394103911961,10.303183552938975,638944.0349140354,612642.407501364,743710.6605461274,758346.6252600942,1319.10118338015,278830529.0,120.968926719982,11097.457510481938,610746.376511596
2022-01-10,800658.4172639933,0,0,0,26.625798212005108,10.369902106623393,630566.199510809,785132.9907142625,629190.6141808908,760564.5433386272,1319.10118338015,278830529.0,120.968926719982,29782.055517189903,779738.915175036
2022-01-11,722696.9192423624,1,0,0,26.572227658186563,12.872813745227353,800658.4172639933,834772.6452047538,620547.9222769651,744553.7253439997,1319.10118338015,278830529.0,120.968926719982,-51462.73474503041,753436.1050119863
2022-01-12,793355.6420275456,2,0,0,26.65688090000766,13.723516931432664,722696.9192423624,729245.5509261502,707975.5489374542,753712.3097870563,1319.10118338015,278830529.0,120.968926719982,17093.730731826043,788924.2809938198
2022-01-13,844252.2529151288,3,0,0,26.715960204809125,11.829218304233711,793355.6420275456,826223.4251349106,715180.2191532628,756287.8566128018,1319.10118338015,278830529.0,120.968926719982,67467.0133818764,814850.0352474404
2022-01-14,842828.018265216,4,0,0,26.555617319846533,12.526965326340326,844252.2529151288,863541.5304157379,734573.9163768047,753328.7834484415,1319.10118338015,278830529.0,120.968926719982,64364.861060962314,809070.6373198516
2022-01-15,581044.2137517042,5,1,0,26.608196290203225,10.796040949832207,842828.018265216,638944.0349140354,686485.4813459157,745057.3804252513,1319.10118338015,278830529.0,120.968926719982,-50588.87432541896,614299.2284509013
2022-01-16,618835.9874454618,6,1,0,26.61300446998723,12.138652173024084,581044.2137517042,630566.199510809,709022.702464009,743381.6358444875,1319.10118338015,278830529.0,120.968926719982,-13284.00348640792,629719.2610880969
2022-01-17,699564.4592029401,0,0,0,26.787996012605316,9.303640983191924,618835.9874454618,800658.4172639933,579421.2101032789,728939.6418357656,1319.10118338015,278830529.0,120.968926719982,-83542.02005215839,747274.6325327588
2022-01-18,795979.9176861413,1,0,0,26.774785698316887,13.23789949223417,699564.4592029401,722696.9192423624,697693.1024073376,739408.6416134483,1319.10118338015,278830529.0,120.968926719982,10149.01998281246,797243.998178332
2022-01-19,853071.2150880514,2,0,0,26.85487388250319,8.485018541448698,795979.9176861413,793355.6420275456,757415.5646378481,747939.4377649492,1319.10118338015,278830529.0,120.968926719982,65826.83667053562,828361.4217998283
2022-01-20,782391.5761295992,3,0,0,26.82940481813888,10.127538765085497,853071.2150880514,844252.2529151288,706355.6757155315,739102.1982241592,1319.10118338015,278830529.0,120.968926719982,-4567.9615585173015,800231.5458546494
2022-01-21,821511.4063104172,4,0,0,26.812172733077904,13.873464243015354,782391.5761295992,842828.018265216,708756.7217325299,736056.9679449023,1319.10118338015,278830529.0,120.968926719982,33788.515805957024,804180.7654907563
2022-01-22,663159.6716027121,5,1,0,26.82510391435049,12.336034286437249,821511.4063104172,581044.2137517042,801491.8047476449,747787.7476379033,1319.10118338015,278830529.0,120.968926719982,23271.390375924297,639436.3413574183
2022-01-23,646350.6549224054,6,1,0,26.9891104994705,14.02276669042528,663159.6716027121,618835.9874454618,846059.1795636334,751718.4144203238,1319.10118338015,278830529.0,120.968926719982,7053.99693584675,646032.6842707787
2022-01-24,722001.0239548426,0,0,0,26.96382492956378,7.945932855023764,646350.6549224054,699564.4592029401,583017.4994255829,754923.63795631,1319.10118338015,278830529.0,120.968926719982,-67148.36964696576,773002.9281044274
2022-01-25,809062.479179329,1,0,0,26.998821638131982,10.082717209690893,722001.0239548426,795979.9176861413,533861.262201237,756792.5753124795,1319.10118338015,278830529.0,120.968926719982,18357.6944443353,795900.0085497624
2022-01-26,726837.3567891336,2,0,0,27.0969928029906,9.60813014970769,809062.479179329,853071.2150880514,823826.6365103233,738759.1669840626,1319.10118338015,278830529.0,120.968926719982,-64097.32634218293,765266.7443358824
2022-01-27,769249.8187186972,3,0,0,27.09925109590335,9.964227308529244,726837.3567891336,782391.5761295992,767642.3442397852,736881.7730682197,1319.10118338015,278830529.0,120.968926719982,-20222.926447089994,803503.9528231005
2022-01-28,728318.8694824517,4,0,0,27.156184434191356,8.806341551754395,769249.8187186972,821511.4063104172,743425.7788591019,723568.5535213674,1319.10118338015,278830529.0,120.968926719982,-60767.51840422547,773716.6452855928
2022-01-29,685668.9878040606,5,1,0,27.03398934005948,10.746432255349182,728318.8694824517,663159.6716027121,758958.8866449839,726784.17012156,1319.10118338015,278830529.0,120.968926719982,45519.22699966747,657976.9147426647
2022-01-30,655248.6456529725,6,1,0,26.884725574999138,10.361027037933818,685668.9878040606,646350.6549224054,661366.3396153267,728055.3116544982,1319.10118338015,278830529.0,120.968926719982,16725.57353608124,636896.2662909507
2022-01-31,788351.5171451671,0,0,0,26.908708254991495,9.375653219538144,655248.6456529725,722001.0239548426,618836.1595436073,737533.9535388303,1319.10118338015,278830529.0,120.968926719982,926.034104149323,789083.9919230922
2022-02-01,875472.5243183695,1,0,0,26.862570570570572,10.985806401413612,788351.5171451671,809062.479179329,612642.407501364,747021.1028444075,1319.10118338015,278830529.0,117.1781450413872,87341.3119388473,835377.5482616544
2022-02-02,801981.3292770012,2,0,0,26.786770478054237,12.070301176264811,875472.5243183695,726837.3567891336,785132.9907142625,757755.9560569599,1319.10118338015,278830529.0,117.1781450413872,14355.514445492532,784419.9152175314
2022-02-03,861486.3121880066,3,0,0,26.814041366600097,10.815022222222224,801981.3292770012,769249.8187186972,834772.6452047538,770932.5979811469,1319.10118338015,278830529.0,117.1781450413872,75932.1842439794,831024.2766448258
2022-02-04,807832.7247937254,4,0,0,26.891578544061304,10.690960465879265,861486.3121880066,728318.8694824517,729245.5509261502,782291.7201684719,1319.10118338015,278830529.0,117.1781450413872,23140.74142364727,819854.8629570206
2022-02-05,582469.8763748524,5,1,0,26.704045784578252,10.201677891038813,807832.7247937254,685668.9878040606,826223.4251349106,767548.9899642993,1319.10118338015,278830529.0,117.1781450413872,-52949.121378035285,603810.3138334871
2022-02-06,667531.37272229,6,1,0,26.740749826429067,11.98407651967839,582469.8763748524,655248.6456529725,863541.5304157379,769303.665259916,1319.10118338015,278830529.0,117.1781450413872,33933.5862701569,642257.1831628991
2022-02-07,762267.0694771747,0,0,0,26.62296803652968,10.975777983829424,667531.37272229,788351.5171451671,638944.0349140354,765577.3155930599,1319.10118338015,278830529.0,117.1781450413872,-20179.74714986072,778247.2722762466
2022-02-08,763040.2436010799,1,0,0,26.725792870137777,16.565973092876416,762267.0694771747,875472.5243183695,630566.199510809,749515.5612048757,1319.10118338015,278830529.0,117.1781450413872,-20196.299320472404,770351.8931781253
2022-02-09,757801.9467523575,2,0,0,26.64893842736309,10.62694698535764,763040.2436010799,801981.3292770012,800658.4172639933,743204.2208442123,1319.10118338015,278830529.0,117.1781450413872,-25143.841836895328,779286.3792919948
2022-02-10,749628.5711540325,3,0,0,26.698522573450145,12.48870694238208,757801.9467523575,861486.3121880066,722696.9192423624,727224.5435536447,1319.10118338015,278830529.0,117.1781450413872,-31581.293377048685,767515.2747307078
2022-02-11,717439.2171735426,4,0,0,26.693138286888285,11.076539528708928,749628.5711540325,807832.7247937254,793355.6420275456,714311.1853221899,1319.10118338015,278830529.0,117.1781450413872,-63353.30061331822,766795.1333005873
2022-02-12,685753.2186024794,5,1,0,26.800103865747214,11.886948784793162,717439.2171735426,582469.8763748524,844252.2529151288,729065.9484975652,1319.10118338015,278830529.0,117.1781450413872,53694.199531596154,662969.9013240213
2022-02-13,645016.4403106126,6,1,0,26.903439729483665,9.64009584918676,685753.2186024794,667531.37272229,842828.018265216,725849.5295816113,1319.10118338015,278830529.0,117.1781450413872,14160.71491937968,639624.6861966025
2022-02-14,772517.3978033306,0,0,0,26.942410889150025,8.103039454514475,645016.4403106126,762267.0694771747,581044.2137517042,727313.8621996336,1319.10118338015,278830529.0,117.1781450413872,-7865.927996737999,769136.0975305105
2022-02-15,798422.5523991592,1,0,0,26.73430863325649,11.318236742298224,772517.3978033306,763040.2436010799,618835.9874454618,732368.4777422164,1319.10118338015,278830529.0,117.1781450413872,16529.148396560224,774098.4120635062
2022-02-16,727917.8218792739,2,0,0,26.773737296045805,14.441735303617572,798422.5523991592,757801.9467523575,699564.4592029401,728099.3170460614,1319.10118338015,278830529.0,117.1781450413872,-54427.44841672934,750927.1202982239
2022-02-17,826005.0991646453,3,0,0,26.706420609902153,12.862786701505147,727917.8218792739,749628.5711540325,795979.9176861413,739010.2496190062,1319.10118338015,278830529.0,117.1781450413872,44650.554771574796,798606.0270246412
2022-02-18,679440.4522937104,4,0,0,26.72491698350461,12.226470380449372,826005.0991646453,717439.2171735426,853071.2150880514,733581.854636173,1319.10118338015,278830529.0,117.1781450413872,-102225.11714691564,710609.5869737419
2022-02-19,600836.5721309279,5,1,0,26.931088462714076,8.349618963412068,679440.4522937104,685753.2186024794,782391.5761295992,721450.9051402371,1319.10118338015,278830529.0,117.1781450413872,-32788.38345414295,639696.5626365448
2022-02-20,583813.95907924,6,1,0,26.844205752202328,11.949761904761903,600836.5721309279,645016.4403106126,821511.4063104172,712707.6935357554,1319.10118338015,278830529.0,117.1781450413872,-49247.619058583165,615572.7521675405
2022-02-21,880908.461275956,0,0,0,26.88417366946779,10.810847455244945,583813.95907924,772517.3978033306,663159.6716027121,728192.1311747018,1319.10118338015,278830529.0,117.1781450413872,97748.23333447962,837368.2297411794
2022-02-22,868079.6438111353,1,0,0,26.899002915074345,10.478377855207125,880908.461275956,798422.5523991592,646350.6549224054,738143.1442335555,1319.10118338015,278830529.0,117.1781450413872,82921.10579926125,824501.6460930152
2022-02-23,811051.5988531237,2,0,0,26.88374609172909,11.898955637283322,868079.6438111353,727917.8218792739,722001.0239548426,750019.3980869626,1319.10118338015,278830529.0,117.1781450413872,25047.46855863533,814806.277510474
2022-02-24,838491.2799189097,3,0,0,26.95448224086155,10.46853114140604,811051.5988531237,826005.0991646453,809062.479179329,751803.1381947148,1319.10118338015,278830529.0,117.1781450413872,53187.82320640085,811205.785022168
2022-02-25,740469.0930615874,4,0,0,27.042622188426396,10.429595006583831,838491.2799189097,679440.4522937104,726837.3567891336,760521.5154472685,1319.10118338015,278830529.0,117.1781450413872,-45325.315789608634,787892.5686412811
2022-02-26,682027.1547376934,5,1,0,27.013952308472856,8.8332590501659,740469.0930615874,600836.5721309279,769249.8187186972,772120.170105378,1319.10118338015,278830529.0,117.1781450413872,44207.16450440022,671849.830310863
2022-02-27,630143.3671981366,6,1,0,27.22416105719677,8.637804550753893,682027.1547376934,583813.95907924,728318.8694824517,778738.656979506,1319.10118338015,278830529.0,117.1781450413872,-7065.006305573857,650453.9241636052
2022-02-28,849566.8417765484,0,0,0,27.16909998805619,8.903407315504088,630143.3671981366,880908.461275956,685668.9878040606,774261.2827653049,1319.10118338015,278830529.0,117.1781450413872,62420.30263838009,834719.9636251341
2022-03-01,839972.2839022031,1,0,0,27.00355166616565,11.506768033154122,849566.8417765484,868079.6438111353,655248.6456529725,770245.9456354574,1319.10118338015,278830529.0,121.77492850216989,51095.163438124466,810078.5081044466
2022-03-02,860464.963791515,2,0,0,26.99830955955956,12.264218259863062,839972.2839022031,811051.5988531237,788351.5171451671,777304.9977695134,1319.10118338015,278830529.0,121.77492850216989,71109.56245323713,823803.3810977832
2022-03-03,822718.4215695346,3,0,0,27.008673114254947,12.626144269045986,860464.963791515,838491.2799189097,875472.5243183695,775051.7322910313,1319.10118338015,278830529.0,121.77492850216989,34520.47683548392,828322.3257246853
2022-03-04,735382.302872102,4,0,0,27.23816858237548,11.569973735167162,822718.4215695346,740469.0930615874,801981.3292770012,774325.0479782476,1319.10118338015,278830529.0,121.77492850216989,-52772.62938566215,794433.9967699427
2022-03-05,589036.1692009259,5,1,0,26.862447637292465,11.779414451877832,735382.302872102,682027.1547376934,861486.3121880066,761040.621472995,1319.10118338015,278830529.0,121.77492850216989,-50547.346378710354,639530.515832376
2022-03-06,614737.0812740491,6,1,0,26.742714653428937,11.95017422982498,589036.1692009259,630143.3671981366,807832.7247937254,758839.7234838397,1319.10118338015,278830529.0,121.77492850216989,-23590.429075440858,626245.5864143264
2022-03-07,797173.4615854751,0,0,0,26.70513063559544,12.795117609663064,614737.0812740491,849566.8417765484,582469.8763748524,751354.9548851149,1319.10118338015,278830529.0,121.77492850216989,9582.823139762855,817791.6652028305
2022-03-08,743907.1133952361,1,0,0,26.77418321238571,11.879813942307692,797173.4615854751,839972.2839022031,667531.37272229,737631.3590984055,1319.10118338015,278830529.0,121.77492850216989,-44725.839950406575,759950.4915680072
2022-03-09,872486.8723359762,2,0,0,26.872235562496417,10.816318044923904,743907.1133952361,860464.963791515,762267.0694771747,739348.774604757,1319.10118338015,278830529.0,121.77492850216989,84059.4668816406,819461.9017034151
2022-03-10,848545.757000645,3,0,0,26.914564814814813,11.084915190314556,872486.8723359762,822718.4215695346,763040.2436010799,743038.3939520585,1319.10118338015,278830529.0,121.77492850216989,61937.72062271519,816106.8917661243
2022-03-11,821182.3580905313,4,0,0,26.996474578605454,11.229009829612515,848545.757000645,735382.302872102,757801.9467523575,755295.5446975484,1319.10118338015,278830529.0,121.77492850216989,35240.46523129009,813241.2990233146
2022-03-12,594143.3530339138,5,1,0,27.08176398962823,9.594077406631332,821182.3580905313,589036.1692009259,749628.5711540325,756025.1423879751,1319.10118338015,278830529.0,121.77492850216989,-42658.61872326769,633973.161814829
2022-03-13,636265.8601415033,6,1,0,26.904085881183196,10.359458841107532,594143.3530339138,614737.0812740491,717439.2171735426,759100.682226183,1319.10118338015,278830529.0,121.77492850216989,1219.3236679479014,641169.0893192592
2022-03-14,737003.7059643178,0,0,0,27.03456774727748,10.011037997537136,636265.8601415033,797173.4615854751,685753.2186024794,750505.002851732,1319.10118338015,278830529.0,121.77492850216989,-46879.19983952015,782817.0114002262
2022-03-15,775800.7998763727,1,0,0,27.076709734077586,8.215938099830096,737003.7059643178,743907.1133952361,645016.4403106126,755061.2437776086,1319.10118338015,278830529.0,121.77492850216989,-8790.127687395085,793834.5059301538
2022-03-16,772100.6289642745,2,0,0,27.10442717312516,7.2040637450976375,775800.7998763727,872486.8723359762,772517.3978033306,740720.3518673655,1319.10118338015,278830529.0,121.77492850216989,-12051.332552797394,775270.5875358519
2022-03-17,702503.4022767101,3,0,0,26.910453867734393,11.059928464977643,772100.6289642745,848545.757000645,798422.5523991592,719857.1583353747,1319.10118338015,278830529.0,121.77492850216989,-79702.60285048664,744278.7367889108
2022-03-18,776686.7511394598,4,0,0,26.957612732095487,11.743802288291372,702503.4022767101,821182.3580905313,727917.8218792739,713500.6430566503,1319.10118338015,278830529.0,121.77492850216989,-4836.736067731748,774620.7857750074
2022-03-19,621034.215330871,5,1,0,27.13791753033436,9.782408935085884,776686.7511394598,594143.3530339138,826005.0991646453,717342.1948133585,1319.10118338015,278830529.0,121.77492850216989,-11443.941772770602,617682.280669528
2022-03-20,622378.5294435013,6,1,0,27.07385882054496,9.502894491129783,621034.215330871,636265.8601415033,679440.4522937104,715358.2904279296,1319.10118338015,278830529.0,121.77492850216989,-8547.881074152538,610707.6860202894
2022-03-21,746290.5706741926,0,0,0,26.914456323915104,11.067193729457465,622378.5294435013,737003.7059643178,600836.5721309279,716684.9853864833,1319.10118338015,278830529.0,121.77492850216989,-33789.69524269446,755419.3798812449
2022-03-22,782748.6650541155,1,0,0,26.989634126598673,10.081061720528846,746290.5706741926,775800.7998763727,583813.95907924,717677.5375547322,1319.10118338015,278830529.0,121.77492850216989,1545.033235267736,775315.4168187224
2022-03-23,884042.6287812096,2,0,0,27.09951315219172,10.792713992335678,782748.6650541155,772100.6289642745,880908.461275956,733669.2518142944,1319.10118338015,278830529.0,121.77492850216989,102773.80426872498,814582.979956133
2022-03-24,816450.174301612,3,0,0,26.896176010564243,10.169454258080895,884042.6287812096,702503.4022767101,868079.6438111353,749947.362103566,1319.10118338015,278830529.0,121.77492850216989,36545.34910325904,808728.2206284879
2022-03-25,736872.8163426211,4,0,0,26.895887808991255,9.815745050580276,816450.174301612,776686.7511394598,811051.5988531237,744259.657132589,1319.10118338015,278830529.0,121.77492850216989,-42996.54812695389,767540.3950534014
2022-03-26,626549.3004229307,5,1,0,27.03661000210296,8.632106089222995,736872.8163426211,621034.215330871,838491.2799189097,745047.5264314547,1319.10118338015,278830529.0,121.77492850216989,-4972.839656692813,643580.0418351929
2022-03-27,618951.231240153,6,1,0,26.974408917887175,10.067231331886504,626549.3004229307,622378.5294435013,740469.0930615874,744557.912402405,1319.10118338015,278830529.0,121.77492850216989,-11753.269229109166,612632.1614828884
2022-03-28,883067.9466560241,0,0,0,27.088907189968836,11.12805903689806,618951.231240153,746290.5706741926,682027.1547376934,764097.5375426664,1319.10118338015,278830529.0,121.77492850216989,102455.14793127158,829627.3859471501
2022-03-29,745821.0919038239,1,0,0,27.175517766098164,9.308308895405668,883067.9466560241,782748.6650541155,630143.3671981366,758822.1699497678,1319.10118338015,278830529.0,121.77492850216989,-36673.955669088056,765861.2877489917
2022-03-30,772625.1405116296,2,0,0,27.095603165942652,8.863149832564034,745821.0919038239,884042.6287812096,849566.8417765484,742905.3859112563,1319.10118338015,278830529.0,121.77492850216989,-10682.684652753756,811886.9560699222
2022-03-31,845086.6081098659,3,0,0,27.07156712346757,9.785134520390033,772625.1405116296,816450.174301612,839972.2839022031,746996.3050267212,1319.10118338015,278830529.0,121.77492850216989,62421.69721293461,798357.7008370792
2022-04-01,722746.5076385044,4,0,0,27.001262282690856,8.891949252928256,845086.6081098659,736872.8163426211,860464.963791515,744978.2609261331,1319.10118338015,278830529.0,120.77913121381523,-60563.2221926183,759327.2921249194
2022-04-02,602786.1690537913,5,1,0,26.98320771475701,11.58052276234568,722746.5076385044,626549.3004229307,822718.4215695346,741583.5278733989,1319.10118338015,278830529.0,120.77913121381523,-32802.733795191976,639741.4211364769
2022-04-03,603663.0067219711,6,1,0,27.05534463977162,10.528336771857006,602786.1690537913,618951.231240153,735382.302872102,739399.495799373,1319.10118338015,278830529.0,120.77913121381523,-31669.220307473326,631075.9242739434
2022-04-04,894126.8182984603,0,0,0,27.203071611757743,9.84623349659148,603663.0067219711,883067.9466560241,589036.1692009259,740979.3346054353,1319.10118338015,278830529.0,120.77913121381523,108400.53438655066,815587.6567085405
2022-04-05,771185.7774263812,1,0,0,27.2511287304245,8.283854166666666,894126.8182984603,745821.0919038239,614737.0812740491,744602.8611086578,1319.10118338015,278830529.0,120.77913121381523,-16825.522975423723,767910.9924668493
2022-04-06,693420.1595965411,2,0,0,27.16677186590979,10.857290042627213,771185.7774263812,772625.1405116296,797173.4615854751,733287.8638350737,1319.10118338015,278830529.0,120.77913121381523,-95718.0479237329,790263.277428255
2022-04-07,803855.2926896778,3,0,0,27.07941952966724,9.98685416433996,693420.1595965411,845086.6081098659,743907.1133952361,727397.6759179039,1319.10118338015,278830529.0,120.77913121381523,15137.919593897881,788261.4989612276
2022-04-08,847956.6750320256,4,0,0,27.134991338456818,9.338448667672198,803855.2926896778,722746.5076385044,872486.8723359762,745284.8426884069,1319.10118338015,278830529.0,120.77913121381523,58465.58978137118,811073.472960747
2022-04-09,670687.2003159525,5,1,0,27.206178675677965,8.891445964733261,847956.6750320256,602786.1690537913,848545.757000645,754984.9900115728,1319.10118338015,278830529.0,120.77913121381523,28880.116683801753,649679.3909528756
2022-04-10,616450.9445376457,6,1,0,27.336377491163976,7.535356296701295,670687.2003159525,603663.0067219711,821182.3580905313,756811.8382709548,1319.10118338015,278830529.0,120.77913121381523,-25047.519588815398,628296.3219517518
2022-04-11,799953.3181259331,0,0,0,27.486510090702684,8.8218191925509,616450.9445376457,894126.8182984603,594143.3530339138,743358.481103451,1319.10118338015,278830529.0,120.77913121381523,8196.1606967533,817353.903734971
2022-04-12,877299.7389927956,1,0,0,27.38985376221292,7.931860872372989,799953.3181259331,771185.7774263812,636265.8601415033,758517.6184700815,1319.10118338015,278830529.0,120.77913121381523,83469.12873289059,824661.866244776
2022-04-13,740848.6203861547,2,0,0,27.45733804223744,6.701495126385414,877299.7389927956,693420.1595965411,737003.7059643178,765293.1128685977,1319.10118338015,278830529.0,120.77913121381523,-53829.999310872285,767980.4726842202
2022-04-14,759243.640123565,3,0,0,27.373689774629625,9.139414793130364,740848.6203861547,803855.2926896778,775800.7998763727,758920.0196448675,1319.10118338015,278830529.0,120.77913121381523,-34678.162936427514,790866.6656629755
2022-04-15,799966.7742251697,4,0,0,27.369770768596453,8.363871777963631,759243.640123565,847956.6750320256,772100.6289642745,752064.3195296023,1319.10118338015,278830529.0,120.77913121381523,5652.986783248954,797482.060657232
2022-04-16,660845.945125345,5,1,0,27.28837488029337,10.79078332688089,799966.7742251697,670687.2003159525,702503.4022767101,750658.4259309442,1319.10118338015,278830529.0,120.77913121381523,14631.521337790997,667081.9563843996
2022-04-17,633428.9612182776,6,1,0,27.383598073224547,10.439590340909092,660845.945125345,616450.9445376457,776686.7511394598,753083.8568853202,1319.10118338015,278830529.0,120.77913121381523,-12040.398480456206,647476.9414213097
2022-04-18,860181.1768703581,0,0,0,27.472303425874856,8.274847322994239,633428.9612182776,799953.3181259331,621034.215330871,761687.8367059522,1319.10118338015,278830529.0,120.77913121381523,64897.99681375956,813258.8916202289
2022-04-19,680270.2770425555,1,0,0,27.425955467793568,9.133594402673353,860181.1768703581,877299.7389927956,622378.5294435013,733540.7707130609,1319.10118338015,278830529.0,120.77913121381523,-116645.47597348515,750025.3296785529
2022-04-20,793252.2509539879,2,0,0,27.32375090360165,11.071131652021757,680270.2770425555,740848.6203861547,746290.5706741926,741027.0036513227,1319.10118338015,278830529.0,120.77913121381523,-4086.4894755738787,805231.0693792948
2022-04-21,867675.962583055,3,0,0,27.504456690921753,8.764775449653547,793252.2509539879,759243.640123565,782748.6650541155,756517.3354312498,1319.10118338015,278830529.0,120.77913121381523,71492.19926196721,835200.7754483914
2022-04-22,829594.5054423276,4,0,0,27.580397101191007,8.329643257209671,867675.962583055,799966.7742251697,884042.6287812096,760749.8684622723,1319.10118338015,278830529.0,120.77913121381523,33380.191337568336,798994.0881174187
2022-04-23,648873.6945227372,5,1,0,27.491528934765096,9.286412903225807,829594.5054423276,660845.945125345,816450.174301612,759039.5469476142,1319.10118338015,278830529.0,120.77913121381523,1074.9672837374965,633311.7132912783
2022-04-24,673281.3857431121,6,1,0,27.28319570840119,10.432345040580335,648873.6945227372,633428.9612182776,736872.8163426211,764732.7504511619,1319.10118338015,278830529.0,120.77913121381523,26491.837385327206,656282.0562412039
2022-04-25,801935.0369149591,0,0,0,27.182493201243204,10.59811296635925,673281.3857431121,860181.1768703581,626549.3004229307,756411.8733146762,1319.10118338015,278830529.0,120.77913121381523,5538.521205877885,789243.2606760329
2022-04-26,809389.5167329583,1,0,0,27.0648958879223,14.048869316470944,801935.0369149591,680270.2770425555,618951.231240153,774857.4789847339,1319.10118338015,278830529.0,120.77913121381523,11506.721708195866,803525.764702602
2022-04-27,756118.3985335893,2,0,0,27.027307375375255,12.984343028327084,809389.5167329583,793252.2509539879,883067.9466560241,769552.6429246769,1319.10118338015,278830529.0,120.77913121381523,-42103.0306137657,792977.3288994877
2022-04-28,801045.7838706647,3,0,0,27.09775823932758,12.422693165606551,756118.3985335893,867675.962583055,745821.0919038239,760034.045965764,1319.10118338015,278830529.0,120.77913121381523,4002.2898821823765,813280.1347842424
2022-04-29,766524.7242060167,4,0,0,27.08834820221681,14.559924006879491,801045.7838706647,829594.5054423276,772625.1405116296,751024.0772177195,1319.10118338015,278830529.0,120.77913121381523,-30585.327929689665,808199.4888592658
2022-04-30,662859.59149988,5,1,0,27.150446712911503,12.444829023291163,766524.7242060167,648873.6945227372,845086.6081098659,753022.0625001686,1319.10118338015,278830529.0,120.77913121381523,14074.377386271954,647679.5605287687
2022-05-01,627384.2358164851,6,1,0,27.17418654488745,10.713123359580052,662859.59149988,673281.3857431121,722746.5076385044,746465.3267963647,1319.10118338015,278830529.0,120.61798698530356,-20531.408590569044,647825.9310392209
2022-05-02,804670.4423022864,0,0,0,27.128041391144837,8.66775321162948,627384.2358164851,801935.0369149591,602786.1690537913,746856.0989945544,1319.10118338015,278830529.0,120.61798698530356,6966.720321026747,803309.680247334
2022-05-03,881719.3917293228,1,0,0,27.282254217861063,8.761833576708874,804670.4423022864,809389.5167329583,603663.0067219711,757188.9382797492,1319.10118338015,278830529.0,120.61798698530356,82315.40043170773,819485.4794187783
2022-05-04,715049.6156444926,2,0,0,27.45310737793497,5.698737416394839,881719.3917293228,756118.3985335893,894126.8182984603,751321.9692955926,1319.10118338015,278830529.0,120.61798698530356,-84930.24346056965,760259.3913176813
2022-05-05,852533.8985987623,3,0,0,27.47257935754089,7.621559566304072,715049.6156444926,801045.7838706647,771185.7774263812,758677.4142567494,1319.10118338015,278830529.0,120.61798698530356,53481.87676152459,816334.3455872188
2022-05-06,852952.8213720584,4,0,0,27.66249068133892,8.27958477234266,852533.8985987623,766524.7242060167,693420.1595965411,771024.2852804697,1319.10118338015,278830529.0,120.61798698530356,53582.11376910901,831339.2087894819
2022-05-07,660169.6878999308,5,1,0,27.710517029267027,6.881504715776269,852952.8213720584,662859.59149988,803855.2926896778,770640.0133376198,1319.10118338015,278830529.0,120.61798698530356,8880.65278367512,659558.3848915291
2022-05-08,689458.0372850278,6,1,0,27.646312696312695,5.9056138992052025,660169.6878999308,627384.2358164851,847956.6750320256,779507.6992616972,1319.10118338015,278830529.0,120.61798698530356,38815.21845006815,677435.1787645605
2022-05-09,758084.282983894,0,0,0,27.549276108953524,7.734614183986465,689458.0372850278,804670.4423022864,670687.2003159525,772852.5336447841,1319.10118338015,278830529.0,120.61798698530356,-42539.739296503016,798414.9290830647
2022-05-10,804821.111777107,1,0,0,27.482659485705707,8.59033929741725,758084.282983894,881719.3917293228,616450.9445376457,761867.0650801818,1319.10118338015,278830529.0,120.61798698530356,2343.6237975420663,816328.0253689487
2022-05-11,806365.9631760197,2,0,0,27.447948953355738,8.773632633844498,804821.111777107,715049.6156444926,799953.3181259331,774912.2575846857,1319.10118338015,278830529.0,120.61798698530356,3208.070947561413,830653.9848525139
2022-05-12,753755.9568868871,3,0,0,27.48174300909247,6.932242042695466,806365.9631760197,852533.8985987623,877299.7389927956,760801.1230544178,1319.10118338015,278830529.0,120.61798698530356,-48510.92995995225,811698.5460281767
2022-05-13,877794.8658981957,4,0,0,27.581676374033677,6.46732219894366,753755.9568868871,852952.8213720584,740848.6203861547,764349.9865581517,1319.10118338015,278830529.0,120.61798698530356,75234.77888691111,832308.627003881
2022-05-14,615785.5308628491,5,1,0,27.53137320930863,7.431705998033432,877794.8658981957,660169.6878999308,759243.640123565,758009.3926957113,1319.10118338015,278830529.0,120.61798698530356,-38600.51022584806,629094.9210451706
2022-05-15,637592.5561288645,6,1,0,27.530697984260055,7.4711566293183935,615785.5308628491,689458.0372850278,799966.7742251697,750600.0382448311,1319.10118338015,278830529.0,120.61798698530356,-15985.113449060475,641545.3979787605
2022-05-16,831366.6440652849,0,0,0,27.449096953908597,9.494414823598564,637592.5561288645,758084.282983894,660845.945125345,761068.946970744,1319.10118338015,278830529.0,120.61798698530356,28040.852415577858,834079.9715660786
2022-05-17,770078.6143369573,1,0,0,27.34459581213261,9.055020211952366,831366.6440652849,804821.111777107,633428.9612182776,756105.7330507226,1319.10118338015,278830529.0,120.61798698530356,-34797.26805178309,799474.0285512449
2022-05-18,747367.9445662572,2,0,0,27.19141441513987,7.547645976221364,770078.6143369573,806365.9631760197,860181.1768703581,747677.4446778994,1319.10118338015,278830529.0,120.61798698530356,-57817.06405387807,781640.4431776103
2022-05-19,840620.4874663424,3,0,0,27.20900146758159,9.854287967152674,747367.9445662572,753755.9568868871,680270.2770425555,760086.6633321074,1319.10118338015,278830529.0,120.61798698530356,36750.06493481225,821092.4994242882
2022-05-20,797965.774283574,4,0,0,27.25353179228179,9.433085934085147,840620.4874663424,877794.8658981957,793252.2509539879,748682.5073871614,1319.10118338015,278830529.0,120.61798698530356,-5716.119120395742,793516.5113186833
2022-05-21,677510.751610932,5,1,0,27.324397892679453,9.59734771401438,797965.774283574,615785.5308628491,867675.962583055,757500.3960654589,1319.10118338015,278830529.0,120.61798698530356,22535.673499566852,665069.9734969472
2022-05-22,646798.8352201558,6,1,0,27.44321272684492,8.899257397971512,677510.751610932,637592.5561288645,829594.5054423276,758815.5787927862,1319.10118338015,278830529.0,120.61798698530356,-6792.424785901909,643454.8684744225
2022-05-23,771263.1507496868,0,0,0,27.302495104895105,10.601508633151765,646798.8352201558,831366.6440652849,648873.6945227372,750229.3654619865,1319.10118338015,278830529.0,120.61798698530356,-31467.50974753697,807466.4580357025
2022-05-24,830646.5601213472,1,0,0,27.290684595223883,8.845250582440613,771263.1507496868,770078.6143369573,673281.3857431121,758881.9291454706,1319.10118338015,278830529.0,120.61798698530356,26997.604084879626,818372.7619566957
2022-05-25,913267.0274077718,2,0,0,27.405759434350927,5.579444009364983,830646.5601213472,747367.9445662572,801935.0369149591,782581.79812283,1319.10118338015,278830529.0,120.61798698530356,109953.07267191808,834728.8270616097
2022-05-26,821395.5114150222,3,0,0,27.33418077619844,7.09210486283657,913267.0274077718,840620.4874663424,809389.5167329583,779835.3729726414,1319.10118338015,278830529.0,120.61798698530356,20041.592773096752,791716.5023601891
2022-05-27,814394.6166725326,4,0,0,27.29905303408026,8.163617053601103,821395.5114150222,797965.774283574,756118.3985335893,782182.3504567783,1319.10118338015,278830529.0,120.61798698530356,13864.997665835195,819888.8495707514
2022-05-28,720908.1964241047,5,1,0,27.273234824476503,9.071927866282705,814394.6166725326,677510.751610932,801045.7838706647,788381.9854300887,1319.10118338015,278830529.0,120.61798698530356,69700.76407942723,683527.2073059202
2022-05-29,620658.8534698652,6,1,0,27.12253532063635,7.992834540091177,720908.1964241047,646798.8352201558,766524.7242060167,784647.7023229043,1319.10118338015,278830529.0,120.61798698530356,-28579.960434593027,659419.3649548144
2022-05-30,877867.4794238787,0,0,0,27.037640403529167,10.577863923737045,620658.8534698652,771263.1507496868,662859.59149988,799876.8921335032,1319.10118338015,278830529.0,120.61798698530356,80034.11982568388,862809.4403436478
2022-05-31,780142.0487451986,1,0,0,27.129535444954097,7.051436068415678,877867.4794238787,830646.5601213472,627384.2358164851,792661.9619369106,1319.10118338015,278830529.0,120.61798698530356,-18113.046626420808,776694.875199783
2022-06-01,829545.4142394667,2,0,0,26.95378295245221,8.06332403048608,780142.0487451986,913267.0274077718,804670.4423022864,780701.7314842956,1319.10118338015,278830529.0,123.61771877486484,32066.460299422033,828811.0059580281
2022-06-02,768428.4605792083,3,0,0,26.879862675175175,9.949202025993884,829545.4142394667,821395.5114150222,881719.3917293228,773135.0099363221,1319.10118338015,278830529.0,123.61771877486484,-26710.469248616602,794379.443770456
2022-06-03,864734.0330334965,4,0,0,26.85091606180958,9.241488869446876,768428.4605792083,814394.6166725326,715049.6156444926,780326.3551307454,1319.10118338015,278830529.0,123.61771877486484,70734.02888841042,816304.7835094064
2022-06-04,646175.6855429923,5,1,0,26.97193347265761,9.439402930272772,864734.0330334965,720908.1964241047,852533.8985987623,769650.2821477295,1319.10118338015,278830529.0,123.61771877486484,1744.5355388162425,650143.8427557766
2022-06-05,664208.2518184033,6,1,0,27.170029828486207,5.923370159182704,646175.6855429923,620658.8534698652,852952.8213720584,775871.6247689492,1319.10118338015,278830529.0,123.61771877486484,21923.494506688672,650492.2053292353
2022-06-06,844315.4698017708,0,0,0,27.090791842589017,6.767753433060413,664208.2518184033,877867.4794238787,660169.6878999308,771078.4805372196,1319.10118338015,278830529.0,123.61771877486484,53545.78081272391,825843.2192453904
2022-06-07,800325.9652590172,1,0,0,26.9735017910072,8.714096705177578,844315.4698017708,780142.0487451986,689458.0372850278,773961.8971820507,1319.10118338015,278830529.0,123.61771877486484,9178.357697281172,815494.7428259645
2022-06-08,815616.6713830837,2,0,0,26.950830304291188,9.00482619219246,800325.9652590172,829545.4142394667,758084.282983894,771972.0767739961,1319.10118338015,278830529.0,123.61771877486484,25227.14049110806,821754.6142587279
2022-06-09,799965.6982222708,3,0,0,27.032074384202577,8.003130484330484,815616.6713830837,768428.4605792083,804821.111777107,776477.3964372907,1319.10118338015,278830529.0,123.61771877486484,11841.59241000528,806529.5460266543
2022-06-10,704734.0164735502,4,0,0,27.15308631072591,6.063379001173118,799965.6982222708,864734.0330334965,806365.9631760197,753620.2512144411,1319.10118338015,278830529.0,123.61771877486484,-82375.67145798355,764704.8718548809
2022-06-11,604941.0010762811,5,1,0,27.339025493905805,4.539826529464687,704734.0164735502,646175.6855429923,753755.9568868871,747729.582004911,1319.10118338015,278830529.0,123.61771877486484,-32766.533379881643,622086.5860142738
2022-06-12,622649.6724527098,6,1,0,27.035162320908736,6.219938412391243,604941.0010762811,664208.2518184033,877794.8658981957,741792.6420955261,1319.10118338015,278830529.0,123.61771877486484,-13111.771454455331,626119.8592875429
2022-06-13,797945.4673289714,0,0,0,27.01868404675679,7.664030473267199,622649.6724527098,844315.4698017708,615785.5308628491,735168.3560279834,1319.10118338015,278830529.0,123.61771877486484,13474.418056426919,780761.9902318019
2022-06-14,764859.10909898,1,0,0,26.99358770535241,6.049914814814815,797945.4673289714,800325.9652590172,637592.5561288645,730101.6622908352,1319.10118338015,278830529.0,123.61771877486484,-20229.28839348699,766202.0323740423
2022-06-15,839696.1970819979,2,0,0,26.96377661374571,8.484898504500338,764859.10909898,815616.6713830837,831366.6440652849,733541.5945335373,1319.10118338015,278830529.0,123.61771877486484,55121.42945755238,793405.9795087992
2022-06-16,703271.64735447,3,0,0,26.941363798682545,6.941616486902789,839696.1970819979,799965.6982222708,770078.6143369573,719728.15869528,1319.10118338015,278830529.0,123.61771877486484,-79277.56246476597,748384.4849297592
2022-06-17,730292.8712301913,4,0,0,26.872458891315823,7.627655980453696,703271.64735447,704734.0164735502,747367.9445662572,723379.4236605145,1319.10118338015,278830529.0,123.61771877486484,-51468.0154513804,769572.7667750522
2022-06-18,614339.7597035973,5,1,0,26.710121373093944,7.1295101447082985,730292.8712301913,604941.0010762811,840620.4874663424,724722.1034644168,1319.10118338015,278830529.0,123.61771877486484,-18222.757580937585,622495.1020497562
2022-06-19,670516.7943117156,6,1,0,26.645352916134524,8.22704248366013,614339.7597035973,622649.6724527098,797965.774283574,731560.2637299892,1319.10118338015,278830529.0,123.61771877486484,39726.542908183066,640751.3242980397
2022-06-20,772487.2839746735,0,0,0,26.72483870687483,8.060744476387796,670516.7943117156,797945.4673289714,677510.751610932,727923.3803936609,1319.10118338015,278830529.0,123.61771877486484,-7149.890648307628,765120.4747189896
2022-06-21,799244.2060085053,1,0,0,26.66815732009779,8.576602898550725,772487.2839746735,764859.10909898,646798.8352201558,732835.5370950216,1319.10118338015,278830529.0,123.61771877486484,18894.13413225813,797280.3945543831
2022-06-22,716440.0944239424,2,0,0,26.515597434671648,8.253790088273364,799244.2060085053,839696.1970819979,771263.1507496868,715227.5224295851,1319.10118338015,278830529.0,123.61771877486484,-63446.30271481583,736502.3849257401
2022-06-23,860160.5910914665,3,0,0,26.4211815700404,8.204227642276424,716440.0944239424,703271.64735447,830646.5601213472,737640.2286777274,1319.10118338015,278830529.0,123.61771877486484,82297.66355052008,830507.1775674005
2022-06-24,856573.2737562484,4,0,0,26.44653115635101,10.330672568367978,860160.5910914665,730292.8712301913,913267.0274077718,755680.2861814499,1319.10118338015,278830529.0,123.61771877486484,79545.09322687122,819398.8990433165
2022-06-25,628778.4586026577,5,1,0,26.272044885904023,9.335535423925668,856573.2737562484,614339.7597035973,821395.5114150222,757742.9574527442,1319.10118338015,278830529.0,123.61771877486484,1042.5662732931087,633111.4275957035
2022-06-26,630846.300869437,6,1,0,26.378904794638768,6.85389652014652,628778.4586026577,670516.7943117156,814394.6166725326,752075.7441038472,1319.10118338015,278830529.0,123.61771877486484,5021.416603666148,627082.7807881085
2022-06-27,799473.5301247711,0,0,0,26.43460219112393,6.188927299081392,630846.300869437,772487.2839746735,720908.1964241047,755930.9221252898,1319.10118338015,278830529.0,123.61771877486484,24981.01251393091,789491.571927331
2022-06-28,711899.4393112953,1,0,0,26.335261369696365,6.841891924336746,799473.5301247711,799244.2060085053,620658.8534698652,743453.0983114026,1319.10118338015,278830529.0,123.61771877486484,-63091.92622608389,733387.5393745713
2022-06-29,791980.1785741972,2,0,0,26.315511073292186,7.458696205755029,711899.4393112953,716440.0944239424,877867.4794238787,754244.5389042962,1319.10118338015,278830529.0,123.61771877486484,17694.126654015272,792879.3670383875
2022-06-30,840381.5588439641,3,0,0,26.4470626356926,7.346992706992707,791980.1785741972,860160.5910914665,780142.0487451986,751418.9628689388,1319.10118338015,278830529.0,123.61771877486484,68379.8206367176,818368.7299997396
2022-07-01,803220.913097868,4,0,0,26.409520388287515,5.289331328299886,840381.5588439641,856573.2737562484,829545.4142394667,743797.1970605986,1319.10118338015,278830529.0,124.8789004534426,32324.572278664797,762826.4810108623
2022-07-02,584294.7363531891,5,1,0,26.372504522778357,5.453354978354979,803220.913097868,628778.4586026577,768428.4605792083,737442.3795963888,1319.10118338015,278830529.0,124.8789004534426,-37039.045583524974,599873.9905823272
2022-07-03,622407.9867227598,6,1,0,26.419190224262127,8.96212859397516,584294.7363531891,630846.300869437,864734.0330334965,736236.9061468635,1319.10118338015,278830529.0,124.8789004534426,3244.3812079984928,635021.5641947011
2022-07-04,721838.2540084501,0,0,0,26.44886843699435,6.3892258700432185,622407.9867227598,799473.5301247711,646175.6855429923,725146.1524159604,1319.10118338015,278830529.0,124.8789004534426,-45755.91101723199,746745.7807096167
2022-07-05,798887.3290674718,1,0,0,26.494982562111243,6.506386675387195,721838.2540084501,711899.4393112953,664208.2518184033,737572.9938097,1319.10118338015,278830529.0,124.8789004534426,30998.311318365508,786297.3204999099
2022-07-06,763663.963093442,2,0,0,26.3607407190022,7.35781778154655,798887.3290674718,791980.1785741972,844315.4698017708,733527.8201695922,1319.10118338015,278830529.0,124.8789004534426,-3359.518783835112,749545.6184558815
2022-07-07,680256.4272750763,3,0,0,26.31132510889849,4.870933904050787,763663.963093442,840381.5588439641,800325.9652590172,710652.8013740367,1319.10118338015,278830529.0,124.8789004534426,-84376.41701657162,717894.7719150627
2022-07-08,697523.6861625861,4,0,0,26.387178077271297,6.333734977862112,680256.4272750763,803220.913097868,815616.6713830837,695553.1975261393,1319.10118338015,278830529.0,124.8789004534426,-65960.62192265608,724349.8133549277
2022-07-09,623522.2431773292,5,1,0,26.33820040463876,6.861178908568905,697523.6861625861,584294.7363531891,799965.6982222708,701157.1270724451,1319.10118338015,278830529.0,124.8789004534426,9574.637883268995,602727.5443384286
2022-07-10,549929.419058796,6,1,0,26.244499429674477,7.9601929114482575,623522.2431773292,622407.9867227598,704734.0164735502,690803.0459775932,1319.10118338015,278830529.0,124.8789004534426,-61952.11286856409,557246.4607810795
2022-07-11,751829.4183794343,0,0,0,26.421522628410106,7.136200268810778,549929.419058796,721838.2540084501,604941.0010762811,695087.4980305908,1319.10118338015,278830529.0,124.8789004534426,-8670.360783666023,754618.247966837
2022-07-12,815630.6349977251,1,0,0,26.34301081282625,4.99085683326561,751829.4183794343,798887.3290674718,622649.6724527098,697479.3988777698,1319.10118338015,278830529.0,124.8789004534426,54561.09612585127,774372.5786927141
2022-07-13,772297.8239425226,2,0,0,26.34179477627582,6.036916188916188,815630.6349977251,763663.963093442,797945.4673289714,698712.8075704956,1319.10118338015,278830529.0,124.8789004534426,11729.899004779989,762906.0302735236
2022-07-14,698664.5418447477,3,0,0,26.22219861255765,5.317787919765608,772297.8239425226,680256.4272750763,764859.10909898,701342.5382233058,1319.10118338015,278830529.0,124.8789004534426,-59965.54378475237,742354.8043569004
2022-07-15,728946.9357802226,4,0,0,26.256370809923613,5.6652785391169855,698664.5418447477,697523.6861625861,839696.1970819979,705831.5738829683,1319.10118338015,278830529.0,124.8789004534426,-29074.162970261183,739878.0874399451
2022-07-16,642136.3126596889,5,1,0,26.37231361634885,5.96546069873667,728946.9357802226,623522.2431773292,703271.64735447,708490.7266661626,1319.10118338015,278830529.0,124.8789004534426,33027.3520672851,615108.696425085
2022-07-17,644380.7914325023,6,1,0,26.48814888435578,3.3917737264397285,642136.3126596889,549929.419058796,730292.8712301913,721983.7798624063,1319.10118338015,278830529.0,124.8789004534426,36636.784059920115,612393.3184405298
2022-07-18,753974.9903877233,0,0,0,26.721725756839888,5.077920041222794,644380.7914325023,751829.4183794343,614339.7597035973,722290.2901493048,1319.10118338015,278830529.0,124.8789004534426,-3156.9906603308627,748817.7335204798
2022-07-19,795347.0807228849,1,0,0,26.731920507463983,5.024274278676988,753974.9903877233,815630.6349977251,670516.7943117156,719392.6395386131,1319.10118338015,278830529.0,124.8789004534426,36816.70261670428,757558.4396508365
2022-07-20,826291.4945698386,2,0,0,26.906355545541345,4.537319735343632,795347.0807228849,772297.8239425226,772487.2839746735,727106.0210568012,1319.10118338015,278830529.0,124.8789004534426,67386.45487032726,786649.5527024334
2022-07-21,748447.7750460611,3,0,0,26.68996651468932,5.288229774439997,826291.4945698386,698664.5418447477,799244.2060085053,734217.9115141316,1319.10118338015,278830529.0,124.8789004534426,-9430.696320446557,737242.7680874134
2022-07-22,739710.8196918418,4,0,0,26.635401957196574,6.622890342679128,748447.7750460611,728946.9357802226,716440.0944239424,735755.6092157916,1319.10118338015,278830529.0,124.8789004534426,-18491.160314323497,765208.7578079264
2022-07-23,634654.8533034414,5,1,0,26.563387874175543,4.746457793338671,739710.8196918418,642136.3126596889,860160.5910914665,734686.8293077562,1319.10118338015,278830529.0,124.8789004534426,24425.919013393577,606611.6640650387
2022-07-24,548754.1648370867,6,1,0,26.3840331749138,7.479338657547637,634654.8533034414,644380.7914325023,856573.2737562484,721025.8826512683,1319.10118338015,278830529.0,124.8789004534426,-61040.316827556235,559290.8542912155
2022-07-25,832182.3710081979,0,0,0,26.362504372986127,4.647324764714146,548754.1648370867,753974.9903877233,628778.4586026577,732198.3655970504,1319.10118338015,278830529.0,124.8789004534426,72093.44329303235,795096.250982195
2022-07-26,759039.5014617537,1,0,0,26.313387255451364,4.834954954954955,832182.3710081979,795347.0807228849,630846.300869437,727011.568559746,1319.10118338015,278830529.0,124.8789004534426,-3314.9084874214604,758138.4174643796
2022-07-27,765414.745297419,2,0,0,26.349839397677048,5.782087061607645,759039.5014617537,826291.4945698386,799473.5301247711,718314.8900922574,1319.10118338015,278830529.0,124.8789004534426,1872.9278041096404,770317.8362903805
2022-07-28,809845.3806917594,3,0,0,26.349693982032203,5.525990815613457,765414.745297419,748447.7750460611,711899.4393112953,727085.9766130715,1319.10118338015,278830529.0,124.8789004534426,46585.94279056636,795585.2603841596
2022-07-29,787006.1904030928,4,0,0,26.358904109589037,5.507517704461677,809845.3806917594,739710.8196918418,791980.1785741972,733842.4581432501,1319.10118338015,278830529.0,124.8789004534426,22760.77871412132,767870.7599349113
2022-07-30,553546.7351788726,5,1,0,26.263501658400543,6.129431913116124,787006.1904030928,634654.8533034414,840381.5588439641,722255.5841254547,1319.10118338015,278830529.0,124.8789004534426,-63294.55866063014,575352.4054208618
2022-07-31,649455.8568361575,6,1,0,26.287000370230185,4.466039755351682,553546.7351788726,548754.1648370867,803220.913097868,736641.5401253218,1319.10118338015,278830529.0,124.8789004534426,32583.808068441227,636577.5927366914
2022-08-01,757058.4545538572,0,0,0,26.193068464304577,4.068937048503613,649455.8568361575,832182.3710081979,584294.7363531891,725909.552060416,1319.10118338015,278830529.0,125.1019968579507,-10461.22370907676,759788.1811927308
2022-08-02,806066.100322888,1,0,0,26.170504144861763,5.951927988996954,757058.4545538572,759039.5014617537,622407.9867227598,732627.6376120066,1319.10118338015,278830529.0,125.1019968579507,36045.99155619694,778728.1819752649
2022-08-03,783510.6091300086,2,0,0,26.140125815470643,2.9378824721377916,806066.100322888,765414.745297419,721838.2540084501,735212.7610166622,1319.10118338015,278830529.0,125.1019968579507,12190.324695476913,776321.4940224901
2022-08-04,724657.2815644373,3,0,0,26.169666907166903,2.577716877268957,783510.6091300086,809845.3806917594,798887.3290674718,723043.032569902,1319.10118338015,278830529.0,125.1019968579507,-46369.66136409005,750695.8826201184
2022-08-05,785118.2681436294,4,0,0,26.251636480647235,4.823267682398117,724657.2815644373,787006.1904030928,763663.963093442,722773.3293899788,1319.10118338015,278830529.0,125.1019968579507,13239.11697437975,770266.8625895844
2022-08-06,586716.062721057,5,1,0,26.236625833936177,4.981974798864645,785118.2681436294,553546.7351788726,680256.4272750763,727511.8047531479,1319.10118338015,278830529.0,125.1019968579507,-37505.835139508476,607250.9195467617
2022-08-07,606081.4448604903,6,1,0,26.36163119457486,3.34890977443609,586716.062721057,649455.8568361575,697523.6861625861,721315.4601851954,1319.10118338015,278830529.0,125.1019968579507,-17804.622988732997,603192.8964185799
2022-08-08,704197.6258595869,0,0,0,26.60465705204433,2.465786435786436,606081.4448604903,757058.4545538572,623522.2431773292,713763.9132288711,1319.10118338015,278830529.0,125.1019968579507,-69864.37162137253,759021.2539535435
2022-08-09,780421.8479328318,1,0,0,26.750656658065527,3.561862026862027,704197.6258595869,806066.100322888,549929.419058796,710100.4486017202,1319.10118338015,278830529.0,125.1019968579507,4425.609942008625,758588.7201160354
2022-08-10,775448.7245508443,2,0,0,26.80734004309596,4.470083774250441,780421.8479328318,783510.6091300086,751829.4183794343,708948.7508046968,1319.10118338015,278830529.0,125.1019968579507,-1199.7506088194204,778569.7798200939
2022-08-11,798628.7756630325,3,0,0,26.94668862993595,4.383547140120416,775448.7245508443,724657.2815644373,815630.6349977251,719516.107104496,1319.10118338015,278830529.0,125.1019968579507,22988.69068698061,773970.6916174007
2022-08-12,837549.4037042141,4,0,0,26.896229471528898,3.343794444379503,798628.7756630325,785118.2681436294,772297.8239425226,727006.2693274367,1319.10118338015,278830529.0,125.1019968579507,61822.99736138177,795790.1257010291
2022-08-13,593859.3505290379,5,1,0,26.990154652254446,4.5109472304162574,837549.4037042141,586716.062721057,698664.5418447477,728026.7390142911,1319.10118338015,278830529.0,125.1019968579507,-33410.68184039788,615608.60675928
2022-08-14,645115.9092927076,6,1,0,26.811612498880834,2.6220459590024805,593859.3505290379,606081.4448604903,728946.9357802226,733603.0910760363,1319.10118338015,278830529.0,125.1019968579507,18995.45839196269,621653.2351114282
2022-08-15,741919.137342707,0,0,0,26.748196484906924,5.418996697746699,645115.9092927076,704197.6258595869,642136.3126596889,738991.8784307679,1319.10118338015,278830529.0,125.1019968579507,-33568.10240411374,761316.1426419044
2022-08-16,755976.0038201214,1,0,0,26.638277383766745,3.4195268634006255,741919.137342707,780421.8479328318,644380.7914325023,735499.6149860949,1319.10118338015,278830529.0,125.1019968579507,-20660.446794576244,780462.8093187507
2022-08-17,825178.9423784445,2,0,0,26.64734362445341,4.584408573222132,755976.0038201214,775448.7245508443,753974.9903877233,742603.9318186092,1319.10118338015,278830529.0,125.1019968579507,48631.804982130765,787068.6394097707
2022-08-18,747964.229400725,3,0,0,26.61445135562755,3.803659575085762,825178.9423784445,798628.7756630325,795347.0807228849,735366.1394954225,1319.10118338015,278830529.0,125.1019968579507,-26895.28693244513,744559.5898342646
2022-08-19,676065.9081218787,4,0,0,26.60442822018165,4.398014874737609,747964.229400725,837549.4037042141,826291.4945698386,712297.0686979459,1319.10118338015,278830529.0,125.1019968579507,-98280.93895611656,728632.4024883036
2022-08-20,642094.7362549427,5,1,0,26.7117377419175,3.764189111545979,676065.9081218787,593859.3505290379,748447.7750460611,719187.8380873611,1319.10118338015,278830529.0,125.1019968579507,16706.392059837468,627379.5701622529
2022-08-21,546524.274447993,6,1,0,26.8136167532672,3.712596523964242,642094.7362549427,645115.9092927076,739710.8196918418,705103.3188238303,1319.10118338015,278830529.0,125.1019968579507,-77324.18319115427,570059.7133901652
2022-08-22,735685.9883199099,0,0,0,26.826474122453593,3.3253399711145257,546524.274447993,741919.137342707,634654.8533034414,704212.8689634308,1319.10118338015,278830529.0,125.1019968579507,-37263.74694624741,763528.6122074742
2022-08-23,683490.626609853,1,0,0,26.81806843497633,4.582066486972147,735685.9883199099,755976.0038201214,548754.1648370867,693857.8150762495,1319.10118338015,278830529.0,125.1019968579507,-90478.28192827664,731765.1341829747
2022-08-24,763742.7007312747,2,0,0,26.637792708380942,4.165769717158631,683490.626609853,825178.9423784445,832182.3710081979,685081.209126654,1319.10118338015,278830529.0,125.1019968579507,-10150.46288253949,739944.2319564847
2022-08-25,864835.3779361064,3,0,0,26.521899420796174,5.409116816720638,763742.7007312747,747964.229400725,759039.5014617537,701777.0874888513,1319.10118338015,278830529.0,125.1019968579507,92467.28674585966,795448.6212344208
2022-08-26,780532.6770819192,4,0,0,26.642564249439715,3.4394409247110276,864835.3779361064,676065.9081218787,765414.745297419,716700.9116259998,1319.10118338015,278830529.0,125.1019968579507,8363.268033892266,778914.1855489514
2022-08-27,574627.1351220639,5,1,0,26.58150566893424,4.331765873015873,780532.6770819192,642094.7362549427,809845.3806917594,707062.6828927314,1319.10118338015,278830529.0,125.1019968579507,-49048.63571590651,596560.3078576294
2022-08-28,629397.1197295598,6,1,0,26.578663880181125,6.162569815805111,574627.1351220639,546524.274447993,787006.1904030928,718901.6607900981,1319.10118338015,278830529.0,125.1019968579507,6649.11717724253,611058.782099242
2022-08-29,806915.2762020928,0,0,0,26.56369049963028,7.154468839686018,629397.1197295598,735685.9883199099,553546.7351788726,729077.2733446957,1319.10118338015,278830529.0,125.1019968579507,34313.29469966877,763864.3893101015
2022-08-30,708510.216838921,1,0,0,26.524721670066494,6.406335468343399,806915.2762020928,683490.626609853,649455.8568361575,732651.5005202767,1319.10118338015,278830529.0,125.1019968579507,-65994.58269081602,738968.1921995148
2022-08-31,712174.0100323402,2,0,0,26.630353678107365,3.814120161781831,708510.216838921,763742.7007312747,757058.4545538572,725284.5447061434,1319.10118338015,278830529.0,125.1019968579507,-63257.1619594309,771129.4062017617
2022-09-01,748192.2448553125,3,0,0,26.68538080333855,3.9170663928339366,712174.0100323402,864835.3779361064,806066.100322888,708621.2399803156,1319.10118338015,278830529.0,121.98353678454065,-26819.339136978728,764118.5151243297
2022-09-02,810885.4971877163,4,0,0,26.717737489966726,5.761366224348741,748192.2448553125,780532.6770819192,783510.6091300086,712957.3571382866,1319.10118338015,278830529.0,121.98353678454065,34881.23246786522,789418.359577743
2022-09-03,625319.9376345255,5,1,0,26.6541251596424,6.1659934211512235,810885.4971877163,574627.1351220639,724657.2815644373,720199.1860686383,1319.10118338015,278830529.0,121.98353678454065,-3448.361533298623,622088.3308789458
2022-09-04,584991.7472511522,6,1,0,26.48119628493683,6.230617311125786,625319.9376345255,629397.1197295598,785118.2681436294,713855.5614288658,1319.10118338015,278830529.0,121.98353678454065,-44151.466069283895,616775.6833210721
2022-09-05,815050.1135274443,0,0,0,26.713311684924363,6.292111523456086,584991.7472511522,806915.2762020928,586716.062721057,715017.6810467731,1319.10118338015,278830529.0,121.98353678454065,34727.872472321964,777035.3119553181
2022-09-06,782050.9349535329,1,0,0,26.688390476287513,4.7156533893814965,815050.1135274443,708510.216838921,606081.4448604903,725523.497920289,1319.10118338015,278830529.0,121.98353678454065,-1497.9733885441674,770947.8939115172
2022-09-07,827418.2162234539,2,0,0,26.81309485528085,4.735719438563476,782050.9349535329,712174.0100323402,704197.6258595869,741986.9559475911,1319.10118338015,278830529.0,121.98353678454065,41644.33014549047,798815.3187411189
2022-09-08,721730.9379645628,3,0,0,26.913897113689995,5.42968161695658,827418.2162234539,748192.2448553125,780421.8479328318,738206.7692489125,1319.10118338015,278830529.0,121.98353678454065,-64872.65867543488,770408.5780174882
2022-09-09,820479.2856818647,4,0,0,26.881558664464524,5.758277027027027,721730.9379645628,810885.4971877163,775448.7245508443,739577.3104623624,1319.10118338015,278830529.0,121.98353678454065,31706.630792461336,806090.0255431354
2022-09-10,596639.0622849872,5,1,0,26.885067965950316,7.371183876392826,820479.2856818647,625319.9376345255,798628.7756630325,735480.0425552854,1319.10118338015,278830529.0,121.98353678454065,-45978.38155253278,620140.9248116629
2022-09-11,602810.0737267006,6,1,0,26.551408396613876,7.209852622867328,596639.0622849872,584991.7472511522,837549.4037042141,738025.517766078,1319.10118338015,278830529.0,121.98353678454065,-41146.07798390812,625458.0028787415
2022-09-12,754279.4003619207,0,0,0,26.57608732506751,6.141035446522775,602810.0737267006,815050.1135274443,593859.3505290379,729343.9873138603,1319.10118338015,278830529.0,121.98353678454065,-41683.06930114096,776634.7400382238
2022-09-13,777686.1120875274,1,0,0,26.54201671891327,4.8630223127023395,754279.4003619207,782050.9349535329,645115.9092927076,728720.4411901453,1319.10118338015,278830529.0,121.98353678454065,-22176.46361620177,799792.6268246642
2022-09-14,790531.233878596,2,0,0,26.529452860101372,3.270620263942103,777686.1120875274,827418.2162234539,741919.137342707,723450.8722837371,1319.10118338015,278830529.0,121.98353678454065,-12061.11610302946,794497.2914401764
2022-09-15,827201.2463350648,3,0,0,26.512585793835793,4.910837337739992,790531.233878596,721730.9379645628,755976.0038201214,738518.0591938088,1319.10118338015,278830529.0,121.98353678454065,23454.949751244043,826917.5476186777
2022-09-16,865578.0554341881,4,0,0,27.575272030651337,3.006422018348624,827201.2463350648,820479.2856818647,825178.9423784445,744960.7405869978,1319.10118338015,278830529.0,121.98353678454065,59527.808620560914,823705.4100648361
2022-09-17,690837.1409507483,5,1,0,27.54571995464853,1.6751867064973862,865578.0554341881,596639.0622849872,747964.229400725,758417.6089678209,1319.10118338015,278830529.0,121.98353678454065,31002.00287113583,683644.0460833937
2022-09-18,660240.4082793499,6,1,0,27.688578088578097,3.006007111614588,690837.1409507483,602810.0737267006,676065.9081218787,766621.9424753422,1319.10118338015,278830529.0,121.98353678454065,-676.7821312141605,667809.3584614343
2022-09-19,801388.7496552829,0,0,0,28.12347346874508,3.966760124610592,660240.4082793499,754279.4003619207,642094.7362549427,773351.8495172511,1319.10118338015,278830529.0,121.98353678454065,-11082.926724617137,823904.918790518
2022-09-20,805314.8943573746,1,0,0,28.086918833727346,3.603300147492625,801388.7496552829,777686.1120875274,546524.274447993,777298.8184129435,1319.10118338015,278830529.0,121.98353678454065,-10415.013518519816,831024.9071532196
2022-09-21,881144.6118627881,2,0,0,28.050416019166025,2.43615520282187,805314.8943573746,790531.233878596,735685.9883199099,790243.5866963995,1319.10118338015,278830529.0,121.98353678454065,63508.2277159763,876842.8289529673
2022-09-22,749263.4615057091,3,0,0,27.977117985125087,2.5693930454992397,881144.6118627881,827201.2463350648,683490.626609853,779109.6174350631,1319.10118338015,278830529.0,121.98353678454065,-68534.11547550245,813317.1930758354
2022-09-23,843217.9281480815,4,0,0,27.102477328024776,4.783073052229741,749263.4615057091,865578.0554341881,763742.7007312747,775915.3135370478,1319.10118338015,278830529.0,121.98353678454065,24263.49800623872,831106.4025365197
2022-09-24,751265.5011287634,5,1,0,27.71831203279479,5.115349650349651,843217.9281480815,690837.1409507483,864835.3779361064,784547.9364196213,1319.10118338015,278830529.0,121.98353678454065,79809.63038713031,699035.276075792
2022-09-25,700323.1495559878,6,1,0,28.08281619385343,2.8045925154722653,751265.5011287634,660240.4082793499,780532.6770819192,790274.042316284,1319.10118338015,278830529.0,121.98353678454065,29184.49007119215,691126.2008047871
2022-09-26,815326.8672685375,0,0,0,27.942998785252303,3.397981460150293,700323.1495559878,801388.7496552829,574627.1351220639,792265.2019753203,1319.10118338015,278830529.0,121.98353678454065,-5873.914454999613,833575.8395208041
2022-09-27,877810.8432175312,1,0,0,27.95771984150768,3.617942528735632,815326.8672685375,805314.8943573746,629397.1197295598,802621.7660981998,1319.10118338015,278830529.0,121.98353678454065,54912.83312981913,873996.915601812
2022-09-28,922379.4316811413,2,0,0,27.75,5.510582193756853,877810.8432175312,881144.6118627881,806915.2762020928,808512.4546436789,1319.10118338015,278830529.0,121.98353678454065,99178.84025596862,868430.0897422754
2022-09-29,775530.3602172942,3,0,0,27.182598926894705,5.928023088023089,922379.4316811413,749263.4615057091,708510.216838921,812264.8687453337,1319.10118338015,278830529.0,121.98353678454065,-46211.18285623193,810242.3279610586
2022-09-30,715991.7967460817,4,0,0,27.29088788938864,4.858869138931501,775530.3602172942,843217.9281480815,712174.0100323402,794089.7071164766,1319.10118338015,278830529.0,121.98353678454065,-105296.84863859473,796425.5640392146
2022-10-01,591644.9775171605,5,1,0,27.270578998438182,5.900708223237033,715991.7967460817,751265.5011287634,748192.2448553125,771286.775171962,1319.10118338015,278830529.0,123.46608229055109,-80572.46092582366,646763.3046621869
2022-10-02,649784.0893197753,6,1,0,27.185577821312194,5.475089040412857,591644.9775171605,700323.1495559878,810885.4971877163,764066.9094239317,1319.10118338015,278830529.0,123.46608229055109,-20606.471073001157,661325.4252942501
2022-10-03,679003.4627059553,0,0,0,27.210485118730563,7.427932098765432,649784.0893197753,815326.8672685375,625319.9376345255,744592.1373435628,1319.10118338015,278830529.0,123.46608229055109,-140027.1771123833,778734.7146555014
2022-10-04,810257.8631678277,1,0,0,27.066165144736573,6.362390508208274,679003.4627059553,877810.8432175312,584991.7472511522,734941.7116221766,1319.10118338015,278830529.0,123.46608229055109,-9158.52005975286,831590.3807250337
2022-10-05,842582.6738519828,2,0,0,27.19717825972552,5.936053998181123,810257.8631678277,922379.4316811413,815050.1135274443,723542.1747894397,1319.10118338015,278830529.0,123.46608229055109,24043.853621691465,796050.2586859405
2022-10-06,813699.5969803855,3,0,0,27.238227950199786,5.853288023390886,842582.6738519828,775530.3602172942,782050.9349535329,728994.9228984527,1319.10118338015,278830529.0,123.46608229055109,-2349.603651317768,805016.1347490008
2022-10-07,824537.8854491168,4,0,0,27.168679161659295,7.750260299241648,813699.5969803855,715991.7967460817,827418.2162234539,744501.5069988864,1319.10118338015,278830529.0,123.46608229055109,9807.246732043684,820341.0007695102
2022-10-08,673759.2041052538,5,1,0,27.149836205802696,6.391725246069238,824537.8854491168,591644.9775171605,721730.9379645628,756232.1107971853,1319.10118338015,278830529.0,123.46608229055109,8788.384128186852,660370.6107726455
2022-10-09,685126.2560897266,6,1,0,27.06838689498788,8.551627838558963,673759.2041052538,649784.0893197753,820479.2856818647,761280.9917643211,1319.10118338015,278830529.0,123.46608229055109,22485.142292574048,662223.7332811808
2022-10-10,780062.8327091645,0,0,0,27.05275602132745,7.166423631499967,685126.2560897266,679003.4627059553,596639.0622849872,775718.0446219227,1319.10118338015,278830529.0,123.46608229055109,-30906.476604194613,784209.9783121597
2022-10-11,763924.4460050456,1,0,0,27.05055055055055,9.080837562837106,780062.8327091645,810257.8631678277,602810.0737267006,769098.9850272394,1319.10118338015,278830529.0,123.46608229055109,-47311.17279187788,806179.785496419
2022-10-12,798134.620373923,2,0,0,27.097901023854217,9.897979341127238,763924.4460050456,842582.6738519828,754279.4003619207,762749.2631018022,1319.10118338015,278830529.0,123.46608229055109,-12294.292543891934,804668.8380930425
2022-10-13,839946.0365995615,3,0,0,27.0988727528629,9.58431315350077,798134.620373923,813699.5969803855,777686.1120875274,766498.7544759702,1319.10118338015,278830529.0,123.46608229055109,31751.354298800114,822580.3415741564
2022-10-14,845391.1772926843,4,0,0,27.230938049817365,7.75720758257888,839946.0365995615,824537.8854491168,790531.233878596,769477.7961679084,1319.10118338015,278830529.0,123.46608229055109,38084.35805965541,805721.4205469701
2022-10-15,637269.7046037151,5,1,0,27.368808505386763,6.384306722689075,845391.1772926843,673759.2041052538,827201.2463350648,764265.0105248316,1319.10118338015,278830529.0,123.46608229055109,-20870.827193927485,647633.2565459422
2022-10-16,690072.426208055,6,1,0,27.22468155625271,8.853993744317712,637269.7046037151,685126.2560897266,865578.0554341881,764971.6062560213,1319.10118338015,278830529.0,123.46608229055109,33520.69675625651,673365.1786729872
2022-10-17,740648.250223779,0,0,0,27.28379678750369,7.617786168455409,690072.426208055,780062.8327091645,690837.1409507483,759340.951615252,1319.10118338015,278830529.0,123.46608229055109,-65101.84113396902,794472.1677481061
2022-10-18,854666.1718561125,1,0,0,27.164726462761468,9.038097360471452,740648.250223779,763924.4460050456,660240.4082793499,772304.0553082615,1319.10118338015,278830529.0,123.46608229055109,47670.71726049052,833373.9304270154
2022-10-19,847508.4544357735,2,0,0,27.225506663029662,8.032199163860462,854666.1718561125,798134.620373923,801388.7496552829,779357.4601742402,1319.10118338015,278830529.0,123.46608229055109,40253.976136822836,819775.9812182598
2022-10-20,811554.3817735051,3,0,0,27.258855226456102,7.739614528204466,847508.4544357735,839946.0365995615,805314.8943573746,775301.5094848035,1319.10118338015,278830529.0,123.46608229055109,5405.312966268044,811517.5579615624
2022-10-21,936034.1598038208,4,0,0,27.501749511020204,8.257806853817486,811554.3817735051,845391.1772926843,881144.6118627881,788250.5069863945,1319.10118338015,278830529.0,123.46608229055109,129605.51013881166,868731.1528832864
2022-10-22,630583.8641441725,5,1,0,27.462192801641248,7.320651342243639,936034.1598038208,637269.7046037151,749263.4615057091,787295.3869207455,1319.10118338015,278830529.0,123.46608229055109,-27859.714025572175,621589.142515492
2022-10-23,675842.4506610088,6,1,0,27.331399779562275,8.224324437810068,630583.8641441725,690072.426208055,843217.9281480815,785262.5332711674,1319.10118338015,278830529.0,123.46608229055109,17817.41402659577,680983.6663294359
2022-10-24,756193.4752473328,0,0,0,27.452898359962045,5.074599719051048,675842.4506610088,740648.250223779,751265.5011287634,787483.2797031037,1319.10118338015,278830529.0,123.46608229055109,-52165.1235244351,801322.762596845
2022-10-25,842800.6507098227,1,0,0,27.40980825823682,7.648546349289241,756193.4752473328,854666.1718561125,700323.1495559878,785788.2052536337,1319.10118338015,278830529.0,123.46608229055109,32119.55307391961,829993.4226614323
2022-10-26,734472.9425400251,2,0,0,27.25859114340267,8.459559417669857,842800.6507098227,847508.4544357735,815326.8672685375,769640.2749828126,1319.10118338015,278830529.0,123.46608229055109,-77464.7983680541,780932.4100555099
2022-10-27,820697.8398191187,3,0,0,27.257028368215583,8.731602132435468,734472.9425400251,811554.3817735051,877810.8432175312,770946.483275043,1319.10118338015,278830529.0,123.46608229055109,8966.890775251435,822329.3601362685
2022-10-28,837397.8267676528,4,0,0,27.186557646345506,8.802110024337603,820697.8398191187,936034.1598038208,922379.4316811413,756855.5785555905,1319.10118338015,278830529.0,123.46608229055109,24604.835330744623,824282.3056408991
2022-10-29,703747.459335618,5,1,0,27.418974676117532,6.582055869428751,837397.8267676528,630583.8641441725,775530.3602172942,767307.5207257969,1319.10118338015,278830529.0,123.46608229055109,38287.74462649587,665768.7455367214
2022-10-30,656256.6360637465,6,1,0,27.487225492248324,6.322938434273386,703747.459335618,675842.4506610088,715991.7967460817,764509.5472119023,1319.10118338015,278830529.0,123.46608229055109,-9294.04891332984,650363.2879787959
2022-10-31,798275.6265214769,0,0,0,27.47408406608047,7.280915602013163,656256.6360637465,756193.4752473328,591644.9775171605,770521.2831082087,1319.10118338015,278830529.0,123.46608229055109,-17967.313062084024,807034.7835813274
2022-11-01,784961.7204416117,1,0,0,27.24806124909573,7.2871731892298195,798275.6265214769,842800.6507098227,649784.0893197753,762258.5787841786,1319.10118338015,278830529.0,125.16956911632823,-33806.25090021361,803568.3429941988
2022-11-02,902214.1620662163,2,0,0,27.119803019932583,9.052875454359462,784961.7204416117,734472.9425400251,679003.4627059553,786221.610145063,1319.10118338015,278830529.0,125.16956911632823,82145.27279005351,854607.0629409327
2022-11-03,806401.7706045464,3,0,0,27.31651247165533,10.068305714402838,902214.1620662163,820697.8398191187,810257.8631678277,784179.3145429812,1319.10118338015,278830529.0,125.16956911632823,-13347.460625869106,810151.01072793
2022-11-04,833618.4958193416,4,0,0,27.28286384976526,8.516855663749539,806401.7706045464,837397.8267676528,842582.6738519828,783639.4101217939,1319.10118338015,278830529.0,125.16956911632823,13072.990945863421,852295.141141383
2022-11-05,668303.7506877545,5,1,0,27.496092796092796,7.878357790117864,833618.4958193416,703747.459335618,813699.5969803855,778576.0231720991,1319.10118338015,278830529.0,125.16956911632823,-4497.003757470171,666363.4174590549
2022-11-06,565446.4994782845,6,1,0,27.428889726814248,6.586365777220716,668303.7506877545,656256.6360637465,824537.8854491168,765603.1465170331,1319.10118338015,278830529.0,125.16956911632823,-106897.98000329803,639807.0061513647
2022-11-07,791737.9826356525,0,0,0,27.42679711731436,6.748328076360113,565446.4994782845,798275.6265214769,673759.2041052538,764669.1973904867,1319.10118338015,278830529.0,125.16956911632823,-30628.124434875906,820782.3236981028
2022-11-08,895897.0589166466,1,0,0,27.382962157362844,9.520258115411616,791737.9826356525,784961.7204416117,685126.2560897266,780517.1028869204,1319.10118338015,278830529.0,125.16956911632823,71785.41102634126,858482.52482713
2022-11-09,748207.7770109925,2,0,0,27.23250117820312,9.079301947159989,895897.0589166466,902214.1620662163,780062.8327091645,758516.190736174,1319.10118338015,278830529.0,125.16956911632823,-76332.71128952794,783577.3405867821
2022-11-10,799877.1138089697,3,0,0,27.380319505344136,8.098749741159954,748207.7770109925,806401.7706045464,763924.4460050456,757584.0969082346,1319.10118338015,278830529.0,125.16956911632823,-23396.68921920925,824972.529776449
2022-11-11,847854.7441134823,4,0,0,27.67855026987321,7.1874023303685535,799877.1138089697,833618.4958193416,798134.620373923,759617.8466645405,1319.10118338015,278830529.0,125.16956911632823,24788.069247577805,842472.0604104826
2022-11-12,668460.1109755042,5,1,0,27.69169502993783,8.793360500054488,847854.7441134823,668303.7506877545,839946.0365995615,759640.1838485047,1319.10118338015,278830529.0,125.16956911632823,-5821.117814130732,663419.1504115368
2022-11-13,671732.1662666445,6,1,0,27.731137203739944,6.740106479267022,668460.1109755042,565446.4994782845,845391.1772926843,774823.8505325561,1319.10118338015,278830529.0,125.16956911632823,-1033.9510215003975,671122.3396783398
2022-11-14,879251.3797673517,0,0,0,27.690004795990713,7.577008697239495,671732.1662666445,791737.9826356525,637269.7046037151,787325.7644085131,1319.10118338015,278830529.0,125.16956911632823,57521.81109546486,852769.016706846
2022-11-15,805798.3783202128,1,0,0,27.690634418901663,8.925058629326047,879251.3797673517,895897.0589166466,690072.426208055,774454.5243233081,1319.10118338015,278830529.0,125.16956911632823,-16637.26024943462,821967.0563926308
2022-11-16,928358.9574036604,2,0,0,27.795726256628864,6.504216013041357,805798.3783202128,748207.7770109925,740648.250223779,800190.4072365465,1319.10118338015,278830529.0,125.16956911632823,106498.33114311076,872258.6713604458
2022-11-17,783899.8979105798,3,0,0,27.8317090806631,7.494841236220547,928358.9574036604,799877.1138089697,854666.1718561125,797907.9478224908,1319.10118338015,278830529.0,125.16956911632823,-35741.25102153956,789819.5214017414
2022-11-18,831600.8980147961,4,0,0,27.57882561882562,7.325447467432201,783899.8979105798,847854.7441134823,847508.4544357735,795585.9698083928,1319.10118338015,278830529.0,125.16956911632823,13054.930187013582,846510.4161492911
2022-11-19,644989.6921482203,5,1,0,27.5920040520334,9.949522706924762,831600.8980147961,668460.1109755042,811554.3817735051,792233.0528330664,1319.10118338015,278830529.0,125.16956911632823,-23959.18787882547,671653.4353805984
2022-11-20,684234.9539440682,6,1,0,27.542614285372903,7.9506290507053,644989.6921482203,671732.1662666445,936034.1598038208,794019.1653584128,1319.10118338015,278830529.0,125.16956911632823,17526.93628782581,676181.5804583094
2022-11-21,836917.8704668592,0,0,0,27.522657104435567,10.106450205114776,684234.9539440682,879251.3797673517,630583.8641441725,787971.521172628,1319.10118338015,278830529.0,125.16956911632823,21879.10064998665,846600.0591928294
2022-11-22,777735.957068084,1,0,0,27.399889846743296,8.92113137829912,836917.8704668592,805798.3783202128,675842.4506610088,783962.6038508955,1319.10118338015,278830529.0,125.16956911632823,-37474.012377833365,829193.3959186948
2022-11-23,824547.8081343169,2,0,0,27.271540126540128,9.627610434978587,777735.957068084,928358.9574036604,756193.4752473328,769132.4396695606,1319.10118338015,278830529.0,125.16956911632823,10347.500981401186,810210.0971948949
2022-11-24,740342.912559868,3,0,0,27.08465036065692,9.73722107200368,824547.8081343169,783899.8979105798,842800.6507098227,762910.0131908875,1319.10118338015,278830529.0,125.16956911632823,-71303.55139347375,787229.8036917232
2022-11-25,841844.2935006004,4,0,0,27.139349571919993,10.642024770973965,740342.912559868,831600.8980147961,734472.9425400251,764373.3554031452,1319.10118338015,278830529.0,125.16956911632823,31529.2393564051,834889.7718818329
2022-11-26,627200.7826539231,5,1,0,27.084426503679374,10.719972773765964,841844.2935006004,644989.6921482203,820697.8398191187,761832.0826182457,1319.10118338015,278830529.0,125.16956911632823,-33374.9052267815,645620.0072992214
2022-11-27,661738.9635677958,6,1,0,27.275825115585757,9.87883313420948,627200.7826539231,684234.9539440682,837397.8267676528,758618.3697073497,1319.10118338015,278830529.0,125.16956911632823,3458.4738468752475,642781.448263061
2022-11-28,878594.3518236805,0,0,0,27.33454684002129,9.286396871289336,661738.9635677958,836917.8704668592,703747.459335618,764572.1527583242,1319.10118338015,278830529.0,125.16956911632823,71957.07012840186,837544.7686939809
2022-11-29,842836.433291985,1,0,0,27.307954047212434,8.553770093623035,878594.3518236805,777735.957068084,656256.6360637465,773872.2207903098,1319.10118338015,278830529.0,125.16956911632823,35930.367924780585,806326.0714576658
2022-11-30,779740.7797910104,2,0,0,27.227924905776344,13.00967924488009,842836.433291985,824547.8081343169,798275.6265214769,767471.2167412661,1319.10118338015,278830529.0,125.16956911632823,-26314.976572040934,793435.6958357957
2022-12-01,777008.4125978723,3,0,0,27.224641926611937,10.43058984199602,779740.7797910104,740342.912559868,784961.7204416117,772709.1453181239,1319.10118338015,278830529.0,126.88066771903344,-26704.24155694875,800064.7964790689
2022-12-02,734190.3793244301,4,0,0,27.297895482994814,9.791376682753366,777008.4125978723,841844.2935006004,902214.1620662163,757330.0147215283,1319.10118338015,278830529.0,126.88066771903344,-68442.34951529675,765922.4599823459
2022-12-03,688114.3310616886,5,1,0,27.303892617449662,12.075345799180328,734190.3793244301,627200.7826539231,806401.7706045464,766031.9502083518,1319.10118338015,278830529.0,126.88066771903344,34939.306164057576,659018.4193663597
2022-12-04,735636.41055999,6,1,0,27.251881278538814,11.57003732315163,688114.3310616886,661738.9635677958,833618.4958193416,776588.7283500938,1319.10118338015,278830529.0,126.88066771903344,84454.90179833723,683620.4038591731
2022-12-05,774160.8981560764,0,0,0,27.238004614991535,11.162499160115567,735636.41055999,878594.3518236805,668303.7506877545,761669.6635404362,1319.10118338015,278830529.0,126.88066771903344,-25689.661585300695,786665.0495991323
2022-12-06,785747.0278063517,1,0,0,27.177663622526637,10.06924096599391,774160.8981560764,842836.433291985,565446.4994782845,753514.0341853456,1319.10118338015,278830529.0,126.88066771903344,-14686.702572346432,775311.0476140701
2022-12-07,784322.6457213266,2,0,0,27.197751158577905,13.620551201205034,785747.0278063517,779740.7797910104,791737.9826356525,754168.5864611052,1319.10118338015,278830529.0,126.88066771903344,-15570.076487293816,793231.2395808627
2022-12-08,814523.8979914505,3,0,0,27.16573150221426,11.348938837747964,784322.6457213266,777008.4125978723,895897.0589166466,759527.9415173306,1319.10118338015,278830529.0,126.88066771903344,16675.844753898913,776134.4642078703
2022-12-09,827367.8432872604,4,0,0,27.47510472994176,9.037790384009316,814523.8979914505,734190.3793244301,748207.7770109925,772839.0077977348,1319.10118338015,278830529.0,126.88066771903344,30316.349623727263,808361.3647887313
2022-12-10,720459.2216175622,5,1,0,27.201090874769935,8.504944814164864,827367.8432872604,688114.3310616886,799877.1138089697,777459.706448574,1319.10118338015,278830529.0,126.88066771903344,72599.65566681256,669452.7897075902
2022-12-11,604267.246459625,6,1,0,27.26309051398337,11.980252648632243,720459.2216175622,735636.41055999,847854.7441134823,758692.6830056646,1319.10118338015,278830529.0,126.88066771903344,-41846.187243836,627684.8683631754
2022-12-12,781723.3078559365,0,0,0,27.165618153364633,10.594199724690275,604267.246459625,774160.8981560764,668460.1109755042,759773.0272485019,1319.10118338015,278830529.0,126.88066771903344,-13289.0701429951,806974.7312572249
2022-12-13,820760.2781923609,1,0,0,26.980171728113405,10.64654137492488,781723.3078559365,785747.0278063517,671732.1662666445,764774.9201607889,1319.10118338015,278830529.0,126.88066771903344,24949.79023322405,811859.3036365979
2022-12-14,827469.7653243744,2,0,0,26.918685289732192,15.144957586147177,820760.2781923609,784322.6457213266,879251.3797673517,770938.7943897957,1319.10118338015,278830529.0,126.88066771903344,31996.251589088584,794007.0470872092
2022-12-15,789679.4129170956,3,0,0,26.914838124838127,12.39269005847953,827469.7653243744,814523.8979914505,805798.3783202128,767389.5822363164,1319.10118338015,278830529.0,126.88066771903344,-3947.948998020962,783403.7805640893
2022-12-16,746828.9209812089,4,0,0,26.831244038070167,11.370087766913096,789679.4129170956,827367.8432872604,928358.9574036604,755884.0219068805,1319.10118338015,278830529.0,126.88066771903344,-46201.39395656029,783322.4350039075
2022-12-17,664747.7301351882,5,1,0,26.804635135760964,11.422216998580254,746828.9209812089,720459.2216175622,783899.8979105798,747925.2374093985,1319.10118338015,278830529.0,126.88066771903344,20701.45320541598,641241.1251509277
2022-12-18,656138.1687324009,6,1,0,26.987568264307992,11.911670086806948,664747.7301351882,604267.246459625,831600.8980147961,755335.3691626523,1319.10118338015,278830529.0,126.88066771903344,13613.790951109957,628737.1148331672
2022-12-19,769271.1507874834,0,0,0,26.9950855139806,11.928307760740788,656138.1687324009,781723.3078559365,644989.6921482203,753556.4895814445,1319.10118338015,278830529.0,126.88066771903344,-22400.991579021444,774500.2898246016
2022-12-20,843067.3317825384,1,0,0,27.111180095658572,9.525048710743318,769271.1507874834,820760.2781923609,684234.9539440682,756743.2115228985,1319.10118338015,278830529.0,126.88066771903344,50315.471195989405,812701.7060396291
2022-12-21,840474.5386986396,2,0,0,27.057598049460115,8.51226439331278,843067.3317825384,827469.7653243744,836917.8704668592,758601.0362906506,1319.10118338015,278830529.0,126.88066771903344,47737.42297592503,793986.9637351467
2022-12-22,775439.488467561,3,0,0,26.919240949050003,11.33465374079781,840474.5386986396,789679.4129170956,777735.957068084,756566.7613692887,1319.10118338015,278830529.0,126.88066771903344,-15821.47211147158,790361.2282985593
2022-12-23,796893.1976153663,4,0,0,26.972662192393734,13.371431130041747,775439.488467561,746828.9209812089,824547.8081343169,763718.800888454,1319.10118338015,278830529.0,126.88066771903344,5805.365230958094,798160.6210583783
2022-12-24,640916.4793796544,5,1,0,27.12345776289438,9.422875816993464,796893.1976153663,664747.7301351882,740342.912559868,760314.3364948062,1319.10118338015,278830529.0,126.88066771903344,-1670.0385205827188,650270.8217513007
2022-12-25,575930.7067963529,6,1,0,26.788154560893627,10.995598862642169,640916.4793796544,656138.1687324009,841844.2935006004,748856.1276467993,1319.10118338015,278830529.0,126.88066771903344,-65678.80219727044,585986.6421589118
2022-12-26,796988.0276989389,0,0,0,26.85860804180899,9.265463389656938,575930.7067963529,769271.1507874834,627200.7826539231,752815.6814912931,1319.10118338015,278830529.0,126.88066771903344,5622.064505337155,797653.2946208527
2022-12-27,707276.7914846818,1,0,0,26.788900357507725,12.3849123318749,796988.0276989389,843067.3317825384,661738.9635677958,733417.0328773136,1319.10118338015,278830529.0,126.88066771903344,-85841.12001132604,748497.0331026983
2022-12-28,851011.224102156,2,0,0,27.070413832199545,10.57980322997416,707276.7914846818,840474.5386986396,878594.3518236805,734922.2736492445,1319.10118338015,278830529.0,126.88066771903344,57174.5478424239,834042.221163963
2022-12-29,723963.1126844576,3,0,0,27.004750691721306,11.038622482131254,851011.224102156,775439.488467561,842836.433291985,727568.5056802296,1319.10118338015,278830529.0,126.88066771903344,-69187.87998821761,790030.9736437188
2022-12-30,871135.3185119801,4,0,0,27.15293015697817,8.31581514894492,723963.1126844576,796893.1976153663,779740.7797910104,738174.5229511745,1319.10118338015,278830529.0,126.88066771903344,77316.39125225961,829672.1333020739
2022-12-31,633440.6672721123,5,1,0,26.873937809400314,10.056156862745098,871135.3185119801,640916.4793796544,777008.4125978723,737106.5497929543,1319.10118338015,278830529.0,126.88066771903344,-12760.238547002664,629165.1456275608
2023-01-01,443256.01150761393,6,1,1,26.830170981606223,15.336765837364547,633440.6672721123,575930.7067963529,734190.3793244301,718153.021894563,1371.16930156362,281190067.0,124.39376420036577,-202883.1788871931,533017.4326968406
2023-01-02,794142.8304231948,0,0,0,26.806436781609197,11.78148761598037,443256.01150761393,796988.0276989389,688114.3310616886,717746.5651408852,1371.16930156362,281190067.0,124.39376420036577,-2688.1871111906366,787185.5683522957
2023-01-03,845433.5222460267,1,0,0,26.80876936103299,11.307124796625532,794142.8304231948,707276.7914846818,735636.41055999,737483.2409639343,1371.16930156362,281190067.0,124.39376420036577,45908.485950903036,794650.5675880098
2023-01-04,913276.8449393212,2,0,0,26.930833675877295,12.750901206426676,845433.5222460267,851011.224102156,774160.8981560764,746378.3296549581,1371.16930156362,281190067.0,124.39376420036577,112098.84134041576,830151.135360393
2023-01-05,809727.7621638965,3,0,0,26.85438145197196,10.990485228241726,913276.8449393212,723963.1126844576,785747.0278063517,758630.4224377351,1371.16930156362,281190067.0,124.39376420036577,8324.538365261746,797780.9235079718
2023-01-06,710552.339606735,4,0,0,26.834429223744294,10.633841115991853,809727.7621638965,871135.3185119801,784322.6457213266,735689.996879843,1371.16930156362,281190067.0,124.39376420036577,-92390.4785779044,743188.5309806346
2023-01-07,701075.2367726648,5,1,0,26.94294724598676,9.650824116802143,710552.339606735,633440.6672721123,814523.8979914505,745352.0782370648,1371.16930156362,281190067.0,124.39376420036577,44934.108687757864,654984.9803724107
2023-01-08,736599.6340812003,6,1,0,26.958239838799596,10.640547802917402,701075.2367726648,443256.01150761393,827367.8432872604,787258.3100332913,1371.16930156362,281190067.0,124.39376420036577,79775.0524005593,687319.3177006075
2023-01-09,817098.4868113012,0,0,0,26.77394103911961,10.303183552938975,736599.6340812003,794142.8304231948,720459.2216175622,790537.6895173065,1371.16930156362,281190067.0,124.39376420036577,8923.259982190793,819243.7310678806
2023-01-10,784608.5646533036,1,0,0,26.625798212005108,10.369902106623393,817098.4868113012,845433.5222460267,604267.246459625,781848.4098612033,1371.16930156362,281190067.0,124.39376420036577,-26818.993450651178,797266.0511423638
2023-01-11,840551.0819255727,2,0,0,26.572227658186563,12.872813745227353,784608.5646533036,913276.8449393212,781723.3078559365,771459.0151449535,1371.16930156362,281190067.0,124.39376420036577,27025.496471167426,829594.5606653041
2023-01-12,885724.0939498146,3,0,0,26.65688090000766,13.723516931432664,840551.0819255727,809727.7621638965,820760.2781923609,782315.6339715131,1371.16930156362,281190067.0,124.39376420036577,71652.47252774844,858530.2356301976
2023-01-13,906247.7954637686,4,0,0,26.715960204809125,11.829218304233711,885724.0939498146,710552.339606735,827469.7653243744,810272.1276653751,1371.16930156362,281190067.0,124.39376420036577,90448.93219242,872636.1252072077
2023-01-14,639508.7583893349,5,1,0,26.555617319846533,12.526965326340326,906247.7954637686,701075.2367726648,789679.4129170956,801476.9164677566,1371.16930156362,281190067.0,124.39376420036577,-29536.306717354804,650843.6551168032
2023-01-15,653514.5088378543,6,1,0,26.608196290203225,10.796040949832207,639508.7583893349,736599.6340812003,746828.9209812089,789607.6128615644,1371.16930156362,281190067.0,124.39376420036577,-16118.1137080458,650120.2140312493
2023-01-16,830224.0610892939,0,0,0,26.61300446998723,12.138652173024084,653514.5088378543,817098.4868113012,664747.7301351882,791482.6949012774,1371.16930156362,281190067.0,124.39376420036577,9481.795172427199,824031.3141609316
2023-01-17,767078.3132016275,1,0,0,26.787996012605316,9.303640983191924,830224.0610892939,784608.5646533036,656138.1687324009,788978.3732653238,1371.16930156362,281190067.0,124.39376420036577,-56531.67207473563,800418.2451898739
2023-01-18,834829.5498378897,2,0,0,26.774785698316887,13.23789949223417,767078.3132016275,840551.0819255727,769271.1507874834,788161.011538512,1371.16930156362,281190067.0,124.39376420036577,9645.418581430917,831010.6880054092
2023-01-19,909279.7509502544,3,0,0,26.85487388250319,8.485018541448698,834829.5498378897,885724.0939498146,843067.3317825384,791526.1053957177,1371.16930156362,281190067.0,124.39376420036577,84205.58399147005,866528.3649075349
2023-01-20,891100.5315992273,4,0,0,26.82940481813888,10.127538765085497,909279.7509502544,906247.7954637686,840474.5386986396,789362.2105579261,1371.16930156362,281190067.0,124.39376420036577,65077.38440838421,843048.35804512
2023-01-21,627882.8300432264,5,1,0,26.812172733077904,13.873464243015354,891100.5315992273,639508.7583893349,775439.488467561,787701.363651339,1371.16930156362,281190067.0,124.39376420036577,-50498.3917514442,660935.6133816367
2023-01-22,433834.7847053046,6,1,1,26.82510391435049,12.336034286437249,627882.8300432264,653514.5088378543,796893.1976153663,756318.5459181176,1371.16930156362,281190067.0,124.39376420036577,-244150.70427147747,568641.2148677765
2023-01-23,829820.9716934381,0,0,0,26.9891104994705,14.02276669042528,433834.7847053046,830224.0610892939,640916.4793796544,756260.9617187098,1371.16930156362,281190067.0,124.39376420036577,1787.5721313627437,833868.2017581775
2023-01-24,855767.7378760126,1,0,0,26.96382492956378,7.945932855023764,829820.9716934381,767078.3132016275,575930.7067963529,768930.8795293362,1371.16930156362,281190067.0,124.39376420036577,25988.395972841303,829162.1069098248
2023-01-25,870575.5907903677,2,0,0,26.998821638131982,10.082717209690893,855767.7378760126,834829.5498378897,796988.0276989389,774037.4568082616,1371.16930156362,281190067.0,124.39376420036577,40384.23155746143,860547.8526928982
2023-01-26,808760.2924475868,3,0,0,27.0969928029906,9.60813014970769,870575.5907903677,909279.7509502544,707276.7914846818,759677.5341650232,1371.16930156362,281190067.0,124.39376420036577,-20139.191144573502,817806.0862380866
2023-01-27,911539.9524339528,4,0,0,27.09925109590335,9.964227308529244,808760.2924475868,891100.5315992273,851011.224102156,762597.451427127,1371.16930156362,281190067.0,124.39376420036577,82872.17995406548,840574.1867515076
2023-01-28,705354.5467422736,5,1,0,27.156184434191356,8.806341551754395,911539.9524339528,627882.8300432264,723963.1126844576,773664.839526991,1371.16930156362,281190067.0,124.39376420036577,25487.19124437857,656460.1535557539
2023-01-29,632974.3805289466,6,1,0,27.03398934005948,10.746432255349182,705354.5467422736,433834.7847053046,871135.3185119801,802113.3532160826,1371.16930156362,281190067.0,124.39376420036577,-45381.44732485374,694257.1120284925
2023-01-30,844460.5257357582,0,0,0,26.884725574999138,10.361027037933818,632974.3805289466,829820.9716934381,633440.6672721123,804204.7180792711,1371.16930156362,281190067.0,124.39376420036577,17110.32300763938,853584.4433965774
2023-01-31,919764.9116196987,1,0,0,26.908708254991495,9.375653219538144,844460.5257357582,855767.7378760126,443256.01150761393,813347.1714712264,1371.16930156362,281190067.0,124.39376420036577,91641.84841661702,889020.4732604814
2023-02-01,892894.1768953399,2,0,0,26.862570570570572,10.985806401413612,919764.9116196987,870575.5907903677,794142.8304231948,816535.5409147937,1371.16930156362,281190067.0,125.4033299339963,65235.30080704787,874762.6235250733
2023-02-02,874968.4613148549,3,0,0,26.786770478054237,12.070301176264811,892894.1768953399,808760.2924475868,845433.5222460267,825993.850752975,1371.16930156362,281190067.0,125.4033299339963,49366.499667869415,859984.7936989148
2023-02-03,788181.4103581364,4,0,0,26.814041366600097,10.815022222222224,874968.4613148549,911539.9524339528,913276.8449393212,808371.2018850012,1371.16930156362,281190067.0,125.4033299339963,-36546.8039589955,844693.5289475082
2023-02-04,763041.6888857202,5,1,0,26.891578544061304,10.690960465879265,788181.4103581364,705354.5467422736,809727.7621638965,816612.2221912079,1371.16930156362,281190067.0,125.4033299339963,87623.79939297878,732353.9036686993
2023-02-05,686660.7424548995,6,1,0,26.704045784578252,10.201677891038813,763041.6888857202,632974.3805289466,710552.339606735,824281.7024663441,1371.16930156362,281190067.0,125.4033299339963,13125.942792122252,700669.3619106349
2023-02-06,896431.1022438721,0,0,0,26.740749826429067,11.98407651967839,686660.7424548995,844460.5257357582,701075.2367726648,831706.0705389316,1371.16930156362,281190067.0,125.4033299339963,74131.96539916832,890342.1536356836
2023-02-07,802853.2498005746,1,0,0,26.62296803652968,10.975777983829424,896431.1022438721,919764.9116196987,736599.6340812003,815004.4045647711,1371.16930156362,281190067.0,125.4033299339963,-20130.31547942781,835530.164481784
2023-02-08,864947.9300876294,2,0,0,26.725792870137777,16.565973092876416,802853.2498005746,892894.1768953399,817098.4868113012,811012.083592241,1371.16930156362,281190067.0,125.4033299339963,42378.38180943241,864978.6115839169
2023-02-09,904140.823112835,3,0,0,26.64893842736309,10.62694698535764,864947.9300876294,874968.4613148549,784608.5646533036,815179.5638490953,1371.16930156362,281190067.0,125.4033299339963,83445.4201186701,896493.7778506168
2023-02-10,898147.7404950188,4,0,0,26.698522573450145,12.48870694238208,904140.823112835,788181.4103581364,840551.0819255727,830889.0395829357,1371.16930156362,281190067.0,125.4033299339963,78019.56425696926,885056.7601051277
2023-02-11,724497.0284113751,5,1,0,26.693138286888285,11.076539528708928,898147.7404950188,763041.6888857202,885724.0939498146,825382.659515172,1371.16930156362,281190067.0,125.4033299339963,53260.37573145877,715603.9521670325
2023-02-12,694642.5856312428,6,1,0,26.800103865747214,11.886948784793162,724497.0284113751,686660.7424548995,906247.7954637686,826522.9228260781,1371.16930156362,281190067.0,125.4033299339963,24771.752225635923,675346.3450646452
2023-02-13,849721.2601336632,0,0,0,26.903439729483665,9.64009584918676,694642.5856312428,896431.1022438721,639508.7583893349,819850.0882389055,1371.16930156362,281190067.0,125.4033299339963,30486.165204758872,869111.313716715
2023-02-14,829324.4802702593,1,0,0,26.942410889150025,8.103039454514475,849721.2601336632,802853.2498005746,653514.5088378543,823631.6925917177,1371.16930156362,281190067.0,125.4033299339963,8739.81580546475,855335.1271193714
2023-02-15,829471.4350958942,2,0,0,26.73430863325649,11.318236742298224,829324.4802702593,864947.9300876294,830224.0610892939,818563.6218786126,1371.16930156362,281190067.0,125.4033299339963,8589.069016823778,843777.4958776849
2023-02-16,886482.6248855662,3,0,0,26.773737296045805,14.441735303617572,829471.4350958942,904140.823112835,767078.3132016275,816041.02213186,1371.16930156362,281190067.0,125.4033299339963,66735.50357525097,851782.6718975939
2023-02-17,804062.9654496338,4,0,0,26.706420609902153,12.862786701505147,886482.6248855662,898147.7404950188,834829.5498378897,802600.3399825192,1371.16930156362,281190067.0,125.4033299339963,-15863.321120574954,844384.9686994957
2023-02-18,419990.0267625122,5,1,1,26.72491698350461,12.226470380449372,804062.9654496338,724497.0284113751,909279.7509502544,759099.3397469675,1371.16930156362,281190067.0,125.4033299339963,-251779.10073539574,546932.7069845619
2023-02-19,730189.5941714435,6,1,0,26.931088462714076,8.349618963412068,419990.0267625122,694642.5856312428,891100.5315992273,764177.4838241389,1371.16930156362,281190067.0,125.4033299339963,59082.837207188364,682188.6335159471
2023-02-20,811179.8698766811,0,0,0,26.844205752202328,11.949761904761903,730189.5941714435,849721.2601336632,627882.8300432264,758671.5709302843,1371.16930156362,281190067.0,125.4033299339963,-9945.865877742297,807359.1869867576
2023-02-21,780911.9294221136,1,0,0,26.88417366946779,10.810847455244945,811179.8698766811,829324.4802702593,433834.7847053046,751755.4922376921,1371.16930156362,281190067.0,125.4033299339963,-42153.031711425865,826805.8926240902
2023-02-22,864126.9682183603,2,0,0,26.899002915074345,10.478377855207125,780911.9294221136,829471.4350958942,829820.9716934381,756706.2826837586,1371.16930156362,281190067.0,125.4033299339963,40254.18019360956,829430.0532307664
2023-02-23,870971.8458671989,3,0,0,26.88374609172909,11.898955637283322,864126.9682183603,886482.6248855662,855767.7378760126,754490.4571097062,1371.16930156362,281190067.0,125.4033299339963,47815.98836958804,849080.3439999413
2023-02-24,808493.8651053899,4,0,0,26.95448224086155,10.46853114140604,870971.8458671989,804062.9654496338,870575.5907903677,755123.4427748142,1371.16930156362,281190067.0,125.4033299339963,-15157.842054092325,823442.7259599278
2023-02-25,690909.6265293609,5,1,0,27.042622188426396,10.429595006583831,808493.8651053899,419990.0267625122,808760.2924475868,793826.2427415068,1371.16930156362,281190067.0,125.4033299339963,15207.169241380878,688242.4332828776
2023-02-26,691065.7149793217,6,1,0,27.013952308472856,8.8332590501659,690909.6265293609,730189.5941714435,911539.9524339528,788237.1171426324,1371.16930156362,281190067.0,125.4033299339963,15930.820369281573,688892.0902335049
2023-02-27,850002.2553579077,0,0,0,27.22416105719677,8.637804550753893,691065.7149793217,811179.8698766811,705354.5467422736,793783.172211379,1371.16930156362,281190067.0,125.4033299339963,24868.10576955462,831170.1270570471
2023-02-28,797728.3063619894,1,0,0,27.16909998805619,8.903407315504088,850002.2553579077,780911.9294221136,632974.3805289466,796185.5117742184,1371.16930156362,281190067.0,125.4033299339963,-29212.284629783244,821477.5389340069
2023-03-01,785012.9527364919,2,0,0,27.00355166616565,11.506768033154122,797728.3063619894,864126.9682183603,844460.5257357582,784883.509562523,1371.16930156362,281190067.0,123.98451315057947,-42493.930049129645,825160.1679585415
2023-03-02,813630.8061229985,3,0,0,26.99830955955956,12.264218259863062,785012.9527364919,870971.8458671989,919764.9116196987,776691.9324562085,1371.16930156362,281190067.0,123.98451315057947,-12815.873955679475,825255.557246171
2023-03-03,749915.9352648925,4,0,0,27.008673114254947,12.626144269045986,813630.8061229985,808493.8651053899,892894.1768953399,768323.656764709,1371.16930156362,281190067.0,123.98451315057947,-76591.10716274509,787218.8266143975
2023-03-04,717273.5707210285,5,1,0,27.23816858237548,11.569973735167162,749915.9352648925,690909.6265293609,874968.4613148549,772089.9345063757,1371.16930156362,281190067.0,123.98451315057947,39231.707100664265,688120.2621341156
2023-03-05,683342.1197534539,6,1,0,26.862447637292465,11.779414451877832,717273.5707210285,691065.7149793217,788181.4103581364,770986.5637598232,1371.16930156362,281190067.0,123.98451315057947,6450.473202775815,671556.7726077547
2023-03-06,957837.9151748013,0,0,0,26.742714653428937,11.95017422982498,683342.1197534539,850002.2553579077,763041.6888857202,786391.6580193794,1371.16930156362,281190067.0,123.98451315057947,131581.08816699777,878259.1239715251
2023-03-07,973202.0788749984,1,0,0,26.70513063559544,12.795117609663064,957837.9151748013,797728.3063619894,686660.7424548995,811459.3398069522,1371.16930156362,281190067.0,123.98451315057947,145807.7996964876,915011.0115773866
2023-03-08,786832.4441810453,2,0,0,26.77418321238571,11.879813942307692,973202.0788749984,785012.9527364919,896431.1022438721,811719.2671561742,1371.16930156362,281190067.0,123.98451315057947,-40441.51352813118,824155.0603431065
2023-03-09,870531.5044520445,3,0,0,26.872235562496417,10.816318044923904,786832.4441810453,813630.8061229985,802853.2498005746,819847.9383460378,1371.16930156362,281190067.0,123.98451315057947,45004.34097024088,886074.3928589269
2023-03-10,882514.1397328111,4,0,0,26.914564814814813,11.084915190314556,870531.5044520445,749915.9352648925,864947.9300876294,838790.5389843117,1371.16930156362,281190067.0,123.98451315057947,57595.61764816556,881815.4795920966
2023-03-11,757568.5161114346,5,1,0,26.996474578605454,11.229009829612515,882514.1397328111,717273.5707210285,904140.823112835,844546.9597543699,1371.16930156362,281190067.0,123.98451315057947,81749.53126866149,709434.6287149756
2023-03-12,628917.1875546118,6,1,0,27.08176398962823,9.594077406631332,757568.5161114346,683342.1197534539,898147.7404950188,836771.9694402495,1371.16930156362,281190067.0,123.98451315057947,-45168.003951566294,666572.7329759183
2023-03-13,796802.7622036451,0,0,0,26.904085881183196,10.359458841107532,628917.1875546118,957837.9151748013,724497.0284113751,813766.9475872273,1371.16930156362,281190067.0,123.98451315057947,-26129.646229118807,838459.5101812297
2023-03-14,815183.1370552643,1,0,0,27.03456774727748,10.011037997537136,796802.7622036451,973202.0788749984,694642.5856312428,791192.8130415509,1371.16930156362,281190067.0,123.98451315057947,-8447.547249453375,823253.0764249923
2023-03-15,851415.8716080684,2,0,0,27.076709734077586,8.215938099830096,815183.1370552643,786832.4441810453,849721.2601336632,800419.0169596971,1371.16930156362,281190067.0,123.98451315057947,28254.685082900687,857237.9645315778
2023-03-16,908682.7700597934,3,0,0,27.10442717312516,7.2040637450976375,851415.8716080684,870531.5044520445,829324.4802702593,805869.197760804,1371.16930156362,281190067.0,123.98451315057947,87518.55750025227,860180.4643595982
2023-03-17,888095.1086602472,4,0,0,26.910453867734393,11.059928464977643,908682.7700597934,882514.1397328111,829471.4350958942,806666.4790361521,1371.16930156362,281190067.0,123.98451315057947,67684.13767480699,880817.6073532408
2023-03-18,642289.7988278677,5,1,0,26.957612732095487,11.743802288291372,888095.1086602472,757568.5161114346,886482.6248855662,790198.0908527853,1371.16930156362,281190067.0,123.98451315057947,-28986.6475917208,651887.1289224335
2023-03-19,635249.9220999646,6,1,0,27.13791753033436,9.782408935085884,642289.7988278677,628917.1875546118,804062.9654496338,791102.7672164073,1371.16930156362,281190067.0,123.98451315057947,-34368.768057863344,658423.5905662236
2023-03-20,864605.3331352702,0,0,0,27.07385882054496,9.502894491129783,635249.9220999646,796802.7622036451,419990.0267625122,800788.848778068,1371.16930156362,281190067.0,123.98451315057947,45953.581657018745,851674.2297415177
2023-03-21,824823.6051577282,1,0,0,26.914456323915104,11.067193729457465,864605.3331352702,815183.1370552643,730189.5941714435,802166.0585069915,1371.16930156362,281190067.0,123.98451315057947,5181.71403683559,854857.1770415233
2023-03-22,520167.1072037169,2,0,1,26.989634126598673,10.081061720528846,824823.6051577282,851415.8716080684,811179.8698766811,754844.8064492269,1371.16930156362,281190067.0,123.98451315057947,-299396.9307555427,727420.11258364
2023-03-23,856644.5779904219,3,0,0,27.09951315219172,10.792713992335678,520167.1072037169,908682.7700597934,780911.9294221136,747410.7790107453,1371.16930156362,281190067.0,123.98451315057947,38594.59854759637,862445.7875359656
2023-03-24,880174.6366735763,4,0,0,26.896176010564243,10.169454258080895,856644.5779904219,888095.1086602472,864126.9682183603,746279.2830126494,1371.16930156362,281190067.0,123.98451315057947,62314.261201948044,867110.4730868075
2023-03-25,635381.3490069355,5,1,0,26.895887808991255,9.815745050580276,880174.6366735763,642289.7988278677,870971.8458671989,745292.361609659,1371.16930156362,281190067.0,123.98451315057947,-33976.55445259216,649981.0537670206
2023-03-26,646988.5580422896,6,1,0,27.03661000210296,8.632106089222995,635381.3490069355,635249.9220999646,808493.8651053899,746969.3096014197,1371.16930156362,281190067.0,123.98451315057947,-21398.310859210906,639012.9084945107
2023-03-27,873544.5786144184,0,0,0,26.974408917887175,10.067231331886504,646988.5580422896,864605.3331352702,690909.6265293609,748246.3446698694,1371.16930156362,281190067.0,123.98451315057947,55398.09066622448,828240.5057268179
2023-03-28,858337.3816729547,1,0,0,27.088907189968836,11.12805903689806,873544.5786144184,824823.6051577282,691065.7149793217,753034.0270291877,1371.16930156362,281190067.0,123.98451315057947,38449.90730172524,835261.3889427665
2023-03-29,797578.1524302125,2,0,0,27.175517766098164,9.308308895405668,858337.3816729547,520167.1072037169,850002.2553579077,792664.1763472584,1371.16930156362,281190067.0,123.98451315057947,-22990.7298894939,796708.0078932571
2023-03-30,828688.2267363956,3,0,0,27.095603165942652,8.863149832564034,797578.1524302125,856644.5779904219,797728.3063619894,788670.4118823975,1371.16930156362,281190067.0,123.98451315057947,8881.541076058289,833970.6561908959
2023-03-31,867641.2116911261,4,0,0,27.07156712346757,9.785134520390033,828688.2267363956,880174.6366735763,785012.9527364919,786879.9225991903,1371.16930156362,281190067.0,123.98451315057947,47295.037916455185,834404.2190680649
2023-04-01,722632.3563414916,5,1,0,27.001262282690856,8.891949252928256,867641.2116911261,635381.3490069355,813630.8061229985,799344.3522184126,1371.16930156362,281190067.0,124.2273050616978,50096.8942456044,690383.3631749932
2023-04-02,679729.2963461489,6,1,0,26.98320771475701,11.58052276234568,722632.3563414916,646988.5580422896,749915.9352648925,804021.6005475355,1371.16930156362,281190067.0,124.2273050616978,7523.853610932361,678885.2205600789
2023-04-03,814828.298071258,0,0,0,27.05534463977162,10.528336771857006,679729.2963461489,873544.5786144184,717273.5707210285,795633.5604699411,1371.16930156362,281190067.0,124.2273050616978,-7715.075422117603,820742.0844354759
2023-04-04,877367.268129188,1,0,0,27.203071611757743,9.84623349659148,814828.298071258,858337.3816729547,683342.1197534539,798352.1156779743,1371.16930156362,281190067.0,124.2273050616978,52577.5377718861,849235.8778136733
2023-04-05,747979.7564343044,2,0,0,27.2511287304245,8.283854166666666,877367.268129188,797578.1524302125,957837.9151748013,791266.6305357019,1371.16930156362,281190067.0,124.2273050616978,-77915.5123157294,782145.0829849299
2023-04-06,901040.0888134976,3,0,0,27.16677186590979,10.857290042627213,747979.7564343044,828688.2267363956,973202.0788749984,801602.6108324307,1371.16930156362,281190067.0,124.2273050616978,75570.31939054257,880391.7237921177
2023-04-07,604359.969883017,4,0,1,27.07941952966724,9.98685416433996,901040.0888134976,867641.2116911261,786832.4441810453,763991.0048598436,1371.16930156362,281190067.0,124.2273050616978,-221894.5754799078,745355.1011639099
2023-04-08,673349.9426439321,5,1,0,27.134991338456818,9.338448667672198,604359.969883017,722632.3563414916,870531.5044520445,756950.6600459067,1371.16930156362,281190067.0,124.2273050616978,-5246.063281288953,654952.7726690246
2023-04-09,659246.3475395238,6,1,0,27.206178675677965,8.891445964733261,673349.9426439321,679729.2963461489,882514.1397328111,754024.524502103,1371.16930156362,281190067.0,124.2273050616978,-19079.255434783176,655539.6539477168
2023-04-10,872103.7750607607,0,0,0,27.336377491163976,7.535356296701295,659246.3475395238,814828.298071258,757568.5161114346,762206.7355006033,1371.16930156362,281190067.0,124.2273050616978,43470.4168465134,835522.5256757556
2023-04-11,879715.14802576,1,0,0,27.486510090702684,8.8218191925509,872103.7750607607,877367.268129188,628917.1875546118,762542.1469143993,1371.16930156362,281190067.0,124.2273050616978,48950.54885128024,817859.8268201791
2023-04-12,835728.7888519143,2,0,0,27.38985376221292,7.931860872372989,879715.14802576,747979.7564343044,796802.7622036451,775077.722974058,1371.16930156362,281190067.0,124.2273050616978,4051.93603079312,808240.8844881294
2023-04-13,814061.3138656021,3,0,0,27.45733804223744,6.701495126385414,835728.7888519143,901040.0888134976,815183.1370552643,762652.1836957872,1371.16930156362,281190067.0,124.2273050616978,-16927.06379221962,815828.3457930608
2023-04-14,765646.3268230796,4,0,0,27.373689774629625,9.139414793130364,814061.3138656021,604359.969883017,851415.8716080684,785693.0918300819,1371.16930156362,281190067.0,124.2273050616978,-65804.08995319495,827858.827058161
2023-04-15,695532.1226832626,5,1,0,27.369770768596453,8.363871777963631,765646.3268230796,673349.9426439321,908682.7700597934,788861.9746928433,1371.16930156362,281190067.0,124.2273050616978,12111.64758196415,674256.0869119352
2023-04-16,785070.3725386406,6,1,0,27.28837488029337,10.79078332688089,695532.1226832626,659246.3475395238,888095.1086602472,806836.8354070028,1371.16930156362,281190067.0,124.2273050616978,102328.41913761606,737944.6124152985
2023-04-17,882577.6728161623,0,0,0,27.383598073224547,10.439590340909092,785070.3725386406,872103.7750607607,642289.7988278677,808333.1065149175,1371.16930156362,281190067.0,124.2273050616978,49960.326229474624,880450.0185914522
2023-04-18,875743.9845251262,1,0,0,27.472303425874856,8.274847322994239,882577.6728161623,879715.14802576,635249.9220999646,807765.7974433982,1371.16930156362,281190067.0,124.2273050616978,41439.34208608279,868985.8755561323
2023-04-19,855448.0459516887,2,0,0,27.425955467793568,9.133594402673353,875743.9845251262,835728.7888519143,864605.3331352702,810582.8341719374,1371.16930156362,281190067.0,124.2273050616978,20674.167452997644,865489.7159420784
2023-04-20,841750.8740707851,3,0,0,27.32375090360165,11.071131652021757,855448.0459516887,814061.3138656021,824823.6051577282,814538.4856298206,1371.16930156362,281190067.0,124.2273050616978,8095.527426792309,864379.7714428639
2023-04-21,878028.3236921561,4,0,0,27.504456690921753,8.764775449653547,841750.8740707851,765646.3268230796,520167.1072037169,830593.0566111173,1371.16930156362,281190067.0,124.2273050616978,44316.78757400566,884777.8880561126
2023-04-22,450395.3211891732,5,1,1,27.580397101191007,8.329643257209671,878028.3236921561,695532.1226832626,856644.5779904219,795573.5135405331,1371.16930156362,281190067.0,124.2273050616978,-234914.80482589098,607606.7329871674
2023-04-23,489847.8128122919,6,1,1,27.491528934765096,9.286412903225807,450395.3211891732,785070.3725386406,880174.6366735763,753398.8621510548,1371.16930156362,281190067.0,124.2273050616978,-194455.55399364687,595204.6306065142
2023-04-24,856383.6631973485,0,0,0,27.28319570840119,10.432345040580335,489847.8128122919,882577.6728161623,635381.3490069355,749656.8607769385,1371.16930156362,281190067.0,124.2273050616978,22482.59866021597,865526.3643612724
2023-04-25,815365.1055163242,1,0,0,27.182493201243204,10.59811296635925,856383.6631973485,875743.9845251262,646988.5580422896,741031.306632824,1371.16930156362,281190067.0,124.2273050616978,-20001.703348440118,810645.3505379803
2023-04-26,933028.8057737136,2,0,0,27.0648958879223,14.048869316470944,815365.1055163242,855448.0459516887,873544.5786144184,752114.2723216846,1371.16930156362,281190067.0,124.2273050616978,97354.39922610612,865134.2277945767
2023-04-27,908940.2343299092,3,0,0,27.027307375375255,12.984343028327084,933028.8057737136,841750.8740707851,858337.3816729547,761712.7523587024,1371.16930156362,281190067.0,124.2273050616978,74484.22183041205,855124.0424575886
2023-04-28,827288.8994449823,4,0,0,27.09775823932758,12.422693165606551,908940.2343299092,878028.3236921561,797578.1524302125,754464.2631805346,1371.16930156362,281190067.0,124.2273050616978,-7185.151021048892,810158.0962454589
2023-04-29,708260.6968657013,5,1,0,27.08834820221681,14.559924006879491,827288.8994449823,450395.3211891732,828688.2267363956,791302.1739914672,1371.16930156362,281190067.0,124.2273050616978,22166.46258487762,692902.6179055818
2023-04-30,667488.2884325887,6,1,0,27.150446712911503,12.444829023291163,708260.6968657013,489847.8128122919,867641.2116911261,816679.3847943668,1371.16930156362,281190067.0,124.2273050616978,-17676.739487873623,710816.7405389922
2023-05-01,586425.393939727,0,0,1,27.17418654488745,10.713123359580052,667488.2884325887,856383.6631973485,722632.3563414916,778113.9177575636,1371.16930156362,281190067.0,128.66730516591514,-248465.3614254992,738062.5375605846
2023-05-02,843458.7720667226,1,0,0,27.128041391144837,8.66775321162948,586425.393939727,815365.1055163242,679729.2963461489,782127.2986933349,1371.16930156362,281190067.0,128.66730516591514,6930.774456651765,859761.2734326512
2023-05-03,785172.368902043,2,0,0,27.282254217861063,8.761833576708874,843458.7720667226,933028.8057737136,814828.298071258,761004.9505688107,1371.16930156362,281190067.0,128.66730516591514,-51869.86466643086,789126.0475751233
2023-05-04,903754.2756830676,3,0,0,27.45310737793497,5.698737416394839,785172.368902043,908940.2343299092,877367.268129188,760264.0993335476,1371.16930156362,281190067.0,128.66730516591514,67698.0645368176,866017.9623141976
2023-05-05,828668.1356452458,4,0,0,27.47257935754089,7.621559566304072,903754.2756830676,827288.8994449823,747979.7564343044,760461.1330764423,1371.16930156362,281190067.0,128.66730516591514,-7653.998308938113,806831.2619717934
2023-05-06,673199.0922913176,5,1,0,27.66249068133892,8.27958477234266,828668.1356452458,708260.6968657013,901040.0888134976,755452.3324229589,1371.16930156362,281190067.0,128.66730516591514,-14995.875129578635,644182.0952827298
2023-05-07,643402.7129551494,6,1,0,27.710517029267027,6.881504715776269,673199.0922913176,667488.2884325887,604359.969883017,752011.5359261819,1371.16930156362,281190067.0,128.66730516591514,-44109.48196939065,645570.9562980495
2023-05-08,837025.9753413686,0,0,0,27.646312696312695,5.9056138992052025,643402.7129551494,586425.393939727,673349.9426439321,787811.6189835593,1371.16930156362,281190067.0,128.66730516591514,-441.25180390046444,831268.477979862
2023-05-09,803761.262238571,1,0,0,27.549276108953524,7.734614183986465,837025.9753413686,843458.7720667226,659246.3475395238,782140.5461509662,1371.16930156362,281190067.0,128.66730516591514,-35544.83193292713,834432.6275430806
2023-05-10,864856.4420322906,2,0,0,27.482659485705707,8.59033929741725,803761.262238571,785172.368902043,872103.7750607607,793523.9851695729,1371.16930156362,281190067.0,128.66730516591514,24872.07254681876,855554.7668447592
2023-05-11,820868.1843618916,3,0,0,27.447948953355738,8.773632633844498,864856.4420322906,903754.2756830676,879715.14802576,781683.1149808335,1371.16930156362,281190067.0,128.66730516591514,-18247.620520134456,828818.8851202627
2023-05-12,806633.6959037508,4,0,0,27.48174300909247,6.932242042695466,820868.1843618916,828668.1356452458,835728.7888519143,778535.3378749058,1371.16930156362,281190067.0,128.66730516591514,-32811.05922852375,817387.8433299843
2023-05-13,726314.7448170566,5,1,0,27.581676374033677,6.46732219894366,806633.6959037508,673199.0922913176,814061.3138656021,786123.2882357256,1371.16930156362,281190067.0,128.66730516591514,34995.054584363126,704722.1007758676
2023-05-14,681296.9537141629,6,1,0,27.53137320930863,7.431705998033432,726314.7448170566,643402.7129551494,765646.3268230796,791536.7512012989,1371.16930156362,281190067.0,128.66730516591514,-9276.167099613813,673192.6580137407
2023-05-15,912426.2229279372,0,0,0,27.530697984260055,7.4711566293183935,681296.9537141629,837025.9753413686,695532.1226832626,802308.2151422373,1371.16930156362,281190067.0,128.66730516591514,72031.0870636038,890443.4717800869
2023-05-16,832035.3171432305,1,0,0,27.449096953908597,9.494414823598564,912426.2229279372,803761.262238571,785070.3725386406,806347.3658429029,1371.16930156362,281190067.0,128.66730516591514,-9994.862210701103,845836.1411129296
2023-05-17,854109.3944187178,2,0,0,27.34459581213261,9.055020211952366,832035.3171432305,864856.4420322906,882577.6728161623,804812.0733266782,1371.16930156362,281190067.0,128.66730516591514,11675.381348850322,864378.175083283
2023-05-18,665428.3826569061,3,0,1,27.19141441513987,7.547645976221364,854109.3944187178,820868.1843618916,875743.9845251262,782606.3873688232,1371.16930156362,281190067.0,128.66730516591514,-175793.96146775025,778799.5991476879
2023-05-19,878242.3579807084,4,0,0,27.20900146758159,9.854287967152674,665428.3826569061,806633.6959037508,855448.0459516887,792836.1962369599,1371.16930156362,281190067.0,128.66730516591514,37099.161462140735,854545.7109126903
2023-05-20,688504.538783297,5,1,0,27.25353179228179,9.433085934085147,878242.3579807084,726314.7448170566,841750.8740707851,787434.738232137,1371.16930156362,281190067.0,128.66730516591514,-4045.787567577674,647025.7068055414
2023-05-21,690862.3499560828,6,1,0,27.324397892679453,9.59734771401438,688504.538783297,681296.9537141629,878028.3236921561,788801.2234095542,1371.16930156362,281190067.0,128.66730516591514,-420.6591518158093,703238.1873237329
2023-05-22,842330.3953001036,0,0,0,27.44321272684492,8.899257397971512,690862.3499560828,912426.2229279372,450395.3211891732,778787.5337484352,1371.16930156362,281190067.0,128.66730516591514,1790.9932221744675,844380.4539334838
2023-05-23,864542.0401735334,1,0,0,27.302495104895105,10.601508633151765,842330.3953001036,832035.3171432305,489847.8128122919,783431.3513241928,1371.16930156362,281190067.0,128.66730516591514,22968.926909448113,849657.1201656858
2023-05-24,847980.4629499204,2,0,0,27.290684595223883,8.845250582440613,864542.0401735334,854109.3944187178,856383.6631973485,782555.7896857931,1371.16930156362,281190067.0,128.66730516591514,6630.533238673699,807990.9751424856
2023-05-25,870847.0756177943,3,0,0,27.405759434350927,5.579444009364983,847980.4629499204,665428.3826569061,815365.1055163242,811901.3172516342,1371.16930156362,281190067.0,128.66730516591514,31350.885694468976,854360.0628117832
2023-05-26,866341.4606586862,4,0,0,27.33418077619844,7.09210486283657,870847.0756177943,878242.3579807084,933028.8057737136,810201.189062774,1371.16930156362,281190067.0,128.66730516591514,27570.574201645795,849321.7447523504
2023-05-27,614274.3998106478,5,1,0,27.29905303408026,8.163617053601103,866341.4606586862,688504.538783297,908940.2343299092,799596.8834952526,1371.16930156362,281190067.0,128.66730516591514,-75264.40547180455,644719.6792648302
2023-05-28,645729.1136874718,6,1,0,27.273234824476503,9.071927866282705,614274.3998106478,690862.3499560828,827288.8994449823,793149.2783140226,1371.16930156362,281190067.0,128.66730516591514,-41920.92377552448,674123.7446718278
2023-05-29,814053.5455295625,0,0,0,27.12253532063635,7.992834540091177,645729.1136874718,842330.3953001036,708260.6968657013,789109.7283468023,1371.16930156362,281190067.0,128.66730516591514,-22259.52772210189,836685.3356840657
2023-05-30,775820.9146389428,1,0,0,27.037640403529167,10.577863923737045,814053.5455295625,864542.0401735334,667488.2884325887,776435.2818418609,1371.16930156362,281190067.0,128.66730516591514,-60970.20216433378,768714.9870169334
2023-05-31,796990.2467206307,2,0,0,27.129535444954097,7.051436068415678,775820.9146389428,847980.4629499204,586425.393939727,769150.9652376765,1371.16930156362,281190067.0,128.66730516591514,-39068.33410220267,802956.5811201873
2023-06-01,620698.5199547638,3,0,1,26.95378295245221,8.06332403048608,796990.2467206307,870847.0756177943,843458.7720667226,733415.457285815,1371.16930156362,281190067.0,130.177268789536,-213050.73171555845,705485.6295244839
2023-06-02,789692.6170295125,4,0,0,26.879862675175175,9.949202025993884,620698.5199547638,866341.4606586862,785172.368902043,722465.6224816475,1371.16930156362,281190067.0,130.177268789536,-42935.5991118009,764039.6110508686
2023-06-03,653869.0091148885,5,1,0,26.85091606180958,9.241488869446876,789692.6170295125,614274.3998106478,903754.2756830676,728121.9952393962,1371.16930156362,281190067.0,130.177268789536,-29195.851702242973,632055.9492498671
2023-06-04,420415.309504966,6,1,1,26.97193347265761,9.439402930272772,653869.0091148885,645729.1136874718,828668.1356452458,695934.3089276095,1371.16930156362,281190067.0,130.177268789536,-260496.9733990071,548040.2388054738
2023-06-05,760793.8631129471,0,0,0,27.170029828486207,5.923370159182704,420415.309504966,814053.5455295625,673199.0922913176,688325.7828680931,1371.16930156362,281190067.0,130.177268789536,-68586.4619044048,769267.2535542425
2023-06-06,858251.2673390815,1,0,0,27.090791842589017,6.767753433060413,760793.8631129471,775820.9146389428,643402.7129551494,700101.5475395415,1371.16930156362,281190067.0,130.177268789536,28519.393928941456,801887.05335164
2023-06-07,878464.9388747858,2,0,0,26.9735017910072,8.714096705177578,858251.2673390815,796990.2467206307,837025.9753413686,711740.7892758494,1371.16930156362,281190067.0,130.177268789536,49525.55970327486,810575.8375850983
2023-06-08,816820.957289273,3,0,0,26.950830304291188,9.00482619219246,878464.9388747858,620698.5199547638,803761.262238571,739758.2803236364,1371.16930156362,281190067.0,130.177268789536,-9812.134758983855,794120.6511754205
2023-06-09,868375.827489699,4,0,0,27.032074384202577,8.003130484330484,816820.957289273,789692.6170295125,864856.4420322906,750998.7389608057,1371.16930156362,281190067.0,130.177268789536,42802.73130994721,817392.3363708314
2023-06-10,663889.8963653716,5,1,0,27.15308631072591,6.063379001173118,868375.827489699,653869.0091148885,820868.1843618916,752430.2942823034,1371.16930156362,281190067.0,130.177268789536,-12232.55935205461,651419.547738562
2023-06-11,740265.3512726189,6,1,0,27.339025493905805,4.539826529464687,663889.8963653716,420415.309504966,806633.6959037508,798123.1573919681,1371.16930156362,281190067.0,130.177268789536,66138.54587438982,718798.7785322992
2023-06-12,788930.0338388181,0,0,0,27.035162320908736,6.219938412391243,740265.3512726189,760793.8631129471,726314.7448170566,802142.6103528067,1371.16930156362,281190067.0,130.177268789536,-33857.56003109866,827846.6294400727
2023-06-13,780532.0354039798,1,0,0,27.01868404675679,7.664030473267199,788930.0338388181,858251.2673390815,681296.9537141629,791039.8629335065,1371.16930156362,281190067.0,130.177268789536,-42826.57849191059,803925.2004431329
2023-06-14,820764.0295738872,2,0,0,26.99358770535241,6.049914814814815,780532.0354039798,878464.9388747858,912426.2229279372,782796.8758905211,1371.16930156362,281190067.0,130.177268789536,-2038.743476409698,831292.6988503163
2023-06-15,822512.5377922774,3,0,0,26.96377661374571,8.484898504500338,820764.0295738872,816820.957289273,832035.3171432305,783609.9588195217,1371.16930156362,281190067.0,130.177268789536,1771.9495888702804,827776.304044448
2023-06-16,816164.8157754628,4,0,0,26.941363798682545,6.941616486902789,822512.5377922774,868375.827489699,854109.3944187178,776151.242860345,1371.16930156362,281190067.0,130.177268789536,-3757.670724252588,792326.1313093359
2023-06-17,622815.9908951909,5,1,0,26.872458891315823,7.627655980453696,816164.8157754628,663889.8963653716,665428.3826569061,770283.5420788907,1371.16930156362,281190067.0,130.177268789536,-47886.22320617642,652273.779718143
2023-06-18,662359.802977763,6,1,0,26.710121373093944,7.1295101447082985,622815.9908951909,740265.3512726189,878242.3579807084,759154.1780367686,1371.16930156362,281190067.0,130.177268789536,-6556.878176372149,648065.6585206465
2023-06-19,901222.6841030855,0,0,0,26.645352916134524,8.22704248366013,662359.802977763,788930.0338388181,688504.538783297,775195.9852173782,1371.16930156362,281190067.0,130.177268789536,83463.23973832163,865090.9505725033
2023-06-20,818819.4494291707,1,0,0,26.72483870687483,8.060744476387796,901222.6841030855,780532.0354039798,690862.3499560828,780665.6157924054,1371.16930156362,281190067.0,130.177268789536,341.9941028582398,821880.9231415088
2023-06-21,833012.7734662646,2,0,0,26.66815732009779,8.576602898550725,818819.4494291707,820764.0295738872,842330.3953001036,782415.4363484593,1371.16930156362,281190067.0,130.177268789536,14984.75075615372,812956.0037150225
2023-06-22,799523.2857021102,3,0,0,26.515597434671648,8.253790088273364,833012.7734662646,822512.5377922774,864542.0401735334,779131.2574784354,1371.16930156362,281190067.0,130.177268789536,-16504.18109691725,804142.8431314139
2023-06-23,882482.9500267695,4,0,0,26.4211815700404,8.204227642276424,799523.2857021102,816164.8157754628,847980.4629499204,788605.2766571935,1371.16930156362,281190067.0,130.177268789536,67259.40500928054,851149.6837258172
2023-06-24,623654.209956186,5,1,0,26.44653115635101,10.330672568367978,882482.9500267695,622815.9908951909,870847.0756177943,788725.0222373356,1371.16930156362,281190067.0,130.177268789536,-42314.7365776021,661584.2866333146
2023-06-25,694826.6970776877,6,1,0,26.272044885904023,9.335535423925668,623654.209956186,662359.802977763,866341.4606586862,793363.1499658963,1371.16930156362,281190067.0,130.177268789536,30725.514930122998,677653.7536020562
2023-06-26,814095.1555945274,0,0,0,26.378904794638768,6.85389652014652,694826.6970776877,901222.6841030855,614274.3998106478,780916.3601789594,1371.16930156362,281190067.0,130.177268789536,1279.0860114246607,818137.9445746214
2023-06-27,788608.0369396849,1,0,0,26.43460219112393,6.188927299081392,814095.1555945274,818819.4494291707,645729.1136874718,776600.4441090329,1371.16930156362,281190067.0,130.177268789536,-24756.40514709754,809136.8063391146
2023-06-28,801059.6845884213,2,0,0,26.335261369696365,6.841891924336746,788608.0369396849,833012.7734662646,814053.5455295625,772035.7171264839,1371.16930156362,281190067.0,130.177268789536,-11649.344620803022,800110.5058058243
2023-06-29,576560.0897279951,3,0,1,26.315511073292186,7.458696205755029,801059.6845884213,799523.2857021102,775820.9146389428,740183.8319873245,1371.16930156362,281190067.0,130.177268789536,-233912.90030834032,692287.5012087004
2023-06-30,831545.6400939922,4,0,0,26.4470626356926,7.346992706992707,576560.0897279951,882482.9500267695,796990.2467206307,732907.0734254991,1371.16930156362,281190067.0,130.177268789536,22133.459858294926,804539.3004453436
2023-07-01,536549.2782662628,5,1,0,26.409520388287515,5.289331328299886,831545.6400939922,623654.209956186,620698.5199547638,720463.5117555102,1371.16930156362,281190067.0,127.7433037005013,-123339.17635954206,598877.3401832524
2023-07-02,634714.1447863849,6,1,0,26.372504522778357,5.453354978354979,536549.2782662628,694826.6970776877,789692.6170295125,711876.0042853241,1371.16930156362,281190067.0,127.7433037005013,-23035.191107507446,623407.3791080526
2023-07-03,814077.9293604426,0,0,0,26.419190224262127,8.96212859397516,634714.1447863849,814095.1555945274,653869.0091148885,711873.5433947406,1371.16930156362,281190067.0,127.7433037005013,7876.674645720748,797067.4313919544
2023-07-04,851221.7994005985,1,0,0,26.44886843699435,6.3892258700432185,814077.9293604426,788608.0369396849,420415.309504966,720818.3666034426,1371.16930156362,281190067.0,127.7433037005013,44715.80453010253,810362.2702608395
2023-07-05,820269.9792876407,2,0,0,26.494982562111243,6.506386675387195,851221.7994005985,801059.6845884213,760793.8631129471,723562.6944176167,1371.16930156362,281190067.0,127.7433037005013,14632.680880915024,803628.6982261504
2023-07-06,759425.7636858532,3,0,0,26.3607407190022,7.35781778154655,820269.9792876407,576560.0897279951,858251.2673390815,749686.3621258821,1371.16930156362,281190067.0,127.7433037005013,-43803.35386871162,772977.0044989747
2023-07-07,810009.989531624,4,0,0,26.31132510889849,4.870933904050787,759425.7636858532,831545.6400939922,878464.9388747858,746609.8406169724,1371.16930156362,281190067.0,127.7433037005013,7962.388122794684,801783.5093463184
2023-07-08,618543.1562338951,5,1,0,26.387178077271297,6.333734977862112,810009.989531624,536549.2782662628,816820.957289273,758323.2517552056,1371.16930156362,281190067.0,127.7433037005013,-33920.9694698822,617794.3073246294
2023-07-09,639978.7013179053,6,1,0,26.33820040463876,6.861178908568905,618543.1562338951,634714.1447863849,868375.827489699,759075.3312597085,1371.16930156362,281190067.0,127.7433037005013,-10356.00148286298,625780.6320648798
2023-07-10,789602.3254545045,0,0,0,26.244499429674477,7.9601929114482575,639978.7013179053,814077.9293604426,663889.8963653716,755578.816416003,1371.16930156362,281190067.0,127.7433037005013,-9270.657897490659,785333.0566046733
2023-07-11,747910.0899392375,1,0,0,26.421522628410106,7.136200268810778,789602.3254545045,851221.7994005985,740265.3512726189,740820.0007786658,1371.16930156362,281190067.0,127.7433037005013,-51436.39906623657,786000.6587231928
2023-07-12,860841.5395967035,2,0,0,26.34301081282625,4.99085683326561,747910.0899392375,820269.9792876407,788930.0338388181,746615.9379656747,1371.16930156362,281190067.0,127.7433037005013,62108.50318647048,829285.5328940736
2023-07-13,849346.5328931344,3,0,0,26.34179477627582,6.036916188916188,860841.5395967035,759425.7636858532,780532.0354039798,759461.7621381434,1371.16930156362,281190067.0,127.7433037005013,52677.68910486589,826636.5006844066
2023-07-14,848098.4503812139,4,0,0,26.22219861255765,5.317787919765608,849346.5328931344,810009.989531624,820764.0295738872,764902.9708309419,1371.16930156362,281190067.0,127.7433037005013,52178.03855515481,818925.7028466614
2023-07-15,651825.4018875218,5,1,0,26.256370809923613,5.6652785391169855,848098.4503812139,618543.1562338951,822512.5377922774,769657.5773528888,1371.16930156362,281190067.0,127.7433037005013,4967.911768093938,643530.8311657155
2023-07-16,603858.1641621693,6,1,0,26.37231361634885,5.96546069873667,651825.4018875218,639978.7013179053,816164.8157754628,764497.500616355,1371.16930156362,281190067.0,127.7433037005013,-41474.304093653336,630066.9596376312
2023-07-17,769396.2433325888,0,0,0,26.48814888435578,3.3917737264397285,603858.1641621693,789602.3254545045,622815.9908951909,761610.9174560814,1371.16930156362,281190067.0,127.7433037005013,-25157.16064864467,789969.9834467779
2023-07-18,828807.9600711408,1,0,0,26.721725756839888,5.077920041222794,769396.2433325888,747910.0899392375,662359.802977763,773167.7560463533,1371.16930156362,281190067.0,127.7433037005013,33027.63226313994,821739.8632944651
2023-07-19,641577.3978511165,2,0,1,26.731920507463983,5.024274278676988,828807.9600711408,860841.5395967035,901222.6841030855,741844.3072255551,1371.16930156362,281190067.0,127.7433037005013,-154404.38544706197,678375.741782521
2023-07-20,888745.9550960442,3,0,0,26.906355545541345,4.537319735343632,641577.3978511165,849346.5328931344,818819.4494291707,747472.7961116851,1371.16930156362,281190067.0,127.7433037005013,93962.8628129483,821513.0058065993
2023-07-21,797596.1186953456,4,0,0,26.68996651468932,5.288229774439997,888745.9550960442,848098.4503812139,833012.7734662646,740258.1772994183,1371.16930156362,281190067.0,127.7433037005013,2657.684878382832,772277.0873985937
2023-07-22,609105.552553843,5,1,0,26.635401957196574,6.622890342679128,797596.1186953456,651825.4018875218,799523.2857021102,734155.3416803211,1371.16930156362,281190067.0,127.7433037005013,-37698.49169942248,583578.4203412208
2023-07-23,599240.1469051108,6,1,0,26.563387874175543,4.746457793338671,609105.552553843,603858.1641621693,882482.9500267695,733495.6249293128,1371.16930156362,281190067.0,127.7433037005013,-46977.725965296035,606862.7728314776
2023-07-24,785777.9810892616,0,0,0,26.3840331749138,7.479338657547637,599240.1469051108,769396.2433325888,623654.209956186,735835.8731802661,1371.16930156362,281190067.0,127.7433037005013,-10594.91904110543,782745.6934620321
2023-07-25,846468.5221932487,1,0,0,26.362504372986127,4.647324764714146,785777.9810892616,828807.9600711408,694826.6970776877,738358.8106262814,1371.16930156362,281190067.0,127.7433037005013,47954.77025710826,811933.2480719213
2023-07-26,818449.6416754344,2,0,0,26.313387255451364,4.834954954954955,846468.5221932487,641577.3978511165,814095.1555945274,763626.2740297556,1371.16930156362,281190067.0,127.7433037005013,18856.078990327194,817028.3673496096
2023-07-27,781162.1079795859,3,0,0,26.349839397677048,5.782087061607645,818449.6416754344,888745.9550960442,788608.0369396849,748257.1530131185,1371.16930156362,281190067.0,127.7433037005013,-18060.461582191405,806307.3753595558
2023-07-28,815499.3823316472,4,0,0,26.349693982032203,5.525990815613457,781162.1079795859,797596.1186953456,801059.6845884213,750814.7621040187,1371.16930156362,281190067.0,127.7433037005013,15358.862469819025,826161.5689261057
2023-07-29,670823.7422982911,5,1,0,26.358904109589037,5.507517704461677,815499.3823316472,609105.552553843,576560.0897279951,759631.6463532256,1371.16930156362,281190067.0,127.7433037005013,18133.55062997865,631247.7170349222
2023-07-30,657932.473883324,6,1,0,26.263501658400543,6.129431913116124,670823.7422982911,599240.1469051108,831545.6400939922,768016.2644929703,1371.16930156362,281190067.0,127.7433037005013,5235.1185584285995,649272.8593309828
2023-07-31,816807.7298045988,0,0,0,26.287000370230185,4.466039755351682,657932.473883324,785777.9810892616,536549.2782662628,772449.0857380185,1371.16930156362,281190067.0,127.7433037005013,13463.35376229207,812093.1921686871
2023-08-01,800139.7043822146,1,0,0,26.193068464304577,4.068937048503613,816807.7298045988,846468.5221932487,634714.1447863849,765830.6831935851,1371.16930156362,281190067.0,130.31692495071363,-5727.380260240519,788245.3681844593
2023-08-02,747239.3048035908,2,0,0,26.170504144861763,5.951927988996954,800139.7043822146,818449.6416754344,814077.9293604426,755657.7779261789,1371.16930156362,281190067.0,130.31692495071363,-59972.55857082631,749774.668531032
2023-08-03,857966.2189332201,3,0,0,26.140125815470643,2.9378824721377916,747239.3048035908,781162.1079795859,851221.7994005985,766629.7937766982,1371.16930156362,281190067.0,130.31692495071363,50981.79489618959,830329.5076992277
2023-08-04,866926.6531938605,4,0,0,26.169666907166903,2.577716877268957,857966.2189332201,815499.3823316472,820269.9792876407,773976.5467570144,1371.16930156362,281190067.0,130.31692495071363,59004.29745841678,842935.3169817333
2023-08-05,664197.039268518,5,1,0,26.251636480647235,4.823267682398117,866926.6531938605,670823.7422982911,759425.7636858532,773029.8748956182,1371.16930156362,281190067.0,130.31692495071363,3828.300286737387,652152.2363463813
2023-08-06,642242.4160094919,6,1,0,26.236625833936177,4.981974798864645,664197.039268518,657932.473883324,810009.989531624,770788.4380564993,1371.16930156362,281190067.0,130.31692495071363,-17909.73490299785,660107.593540359
2023-08-07,737133.279920175,0,0,0,26.36163119457486,3.34890977443609,642242.4160094919,816807.7298045988,618543.1562338951,759406.3737872959,1371.16930156362,281190067.0,130.31692495071363,-73326.98035018088,794966.0130264251
2023-08-08,873160.2028488589,1,0,0,26.60465705204433,2.465786435786436,737133.279920175,800139.7043822146,639978.7013179053,769837.8735682451,1371.16930156362,281190067.0,130.31692495071363,60623.56431397179,842322.3710419121
2023-08-09,784515.8785736142,2,0,0,26.750656658065527,3.561862026862027,873160.2028488589,747239.3048035908,789602.3254545045,775163.0983925341,1371.16930156362,281190067.0,130.31692495071363,-28821.855978735606,815364.2958728905
2023-08-10,813513.6662002238,3,0,0,26.80734004309596,4.470083774250441,784515.8785736142,857966.2189332201,747910.0899392375,768812.7337163917,1371.16930156362,281190067.0,130.31692495071363,1032.174791784375,812605.105997296
2023-08-11,813925.9767166908,4,0,0,26.94668862993595,4.383547140120416,813513.6662002238,866926.6531938605,860841.5395967035,761241.2085053675,1371.16930156362,281190067.0,130.31692495071363,1206.2912991696503,805277.5390637694
2023-08-12,671647.0299026263,5,1,0,26.896229471528898,3.343794444379503,813925.9767166908,664197.039268518,849346.5328931344,762305.4928816687,1371.16930156362,281190067.0,130.31692495071363,7235.742404942168,680471.190807001
2023-08-13,732475.0129825633,6,1,0,26.990154652254446,4.5109472304162574,671647.0299026263,642242.4160094919,848098.4503812139,775195.8638778217,1371.16930156362,281190067.0,130.31692495071363,69072.83677004534,704628.1122783244
2023-08-14,837598.2445818378,0,0,0,26.811612498880834,2.6220459590024805,732475.0129825633,737133.279920175,651825.4018875218,789548.0016866308,1371.16930156362,281190067.0,130.31692495071363,24699.838079412817,847078.7085244681
2023-08-15,790959.5550351723,1,0,0,26.748196484906924,5.418996697746699,837598.2445818378,873160.2028488589,603858.1641621693,777805.0519989611,1371.16930156362,281190067.0,130.31692495071363,-23203.111602380173,800363.5111642517
2023-08-16,826411.7078720687,2,0,0,26.638277383766745,3.4195268634006255,790959.5550351723,784515.8785736142,769396.2433325888,783790.1704701689,1371.16930156362,281190067.0,130.31692495071363,12240.830330696423,830281.2155314919
2023-08-17,551735.9021872665,3,0,1,26.64734362445341,4.584408573222132,826411.7078720687,813513.6662002238,828807.9600711408,746393.3470397465,1371.16930156362,281190067.0,130.31692495071363,-260824.51836501202,689034.635589543
2023-08-18,844192.9952500331,4,0,0,26.61445135562755,3.803659575085762,551735.9021872665,813925.9767166908,641577.3978511165,750717.206830224,1371.16930156362,281190067.0,130.31692495071363,32090.914043298573,828895.666859759
2023-08-19,653662.1566981167,5,1,0,26.60442822018165,4.398014874737609,844192.9952500331,671647.0299026263,888745.9550960442,748147.9392295798,1371.16930156362,281190067.0,130.31692495071363,-9510.860554907587,642314.3001132456
2023-08-20,649230.7064871013,6,1,0,26.7117377419175,3.764189111545979,653662.1566981167,732475.0129825633,797596.1186953456,736255.8954445136,1371.16930156362,281190067.0,130.31692495071363,-12405.38170472323,636302.6086368997
2023-08-21,837385.7699791134,0,0,0,26.8136167532672,3.712596523964242,649230.7064871013,837598.2445818378,609105.552553843,736225.5419298388,1371.16930156362,281190067.0,130.31692495071363,26673.011683089077,796902.781076715
2023-08-22,890062.1004992954,1,0,0,26.826474122453593,3.3253399711145257,837385.7699791134,790959.5550351723,599240.1469051108,750383.0484247135,1371.16930156362,281190067.0,130.31692495071363,78382.88717823045,841959.9685959852
2023-08-23,754211.7994349538,2,0,0,26.81806843497633,4.582066486972147,890062.1004992954,826411.7078720687,785777.9810892616,740068.77579084,1371.16930156362,281190067.0,130.31692495071363,-57310.852902774815,758210.5450743164
2023-08-24,832185.3858628552,3,0,0,26.637792708380942,4.165769717158631,754211.7994349538,551735.9021872665,846468.5221932487,780132.9877444955,1371.16930156362,281190067.0,130.31692495071363,22296.13839801657,829662.0148222079
2023-08-25,809107.1485042964,4,0,0,26.521899420796174,5.409116816720638,832185.3858628552,844192.9952500331,818449.6416754344,775120.723923676,1371.16930156362,281190067.0,130.31692495071363,-448.7166029246291,789825.3554110966
2023-08-26,698072.9508221102,5,1,0,26.642564249439715,3.4394409247110276,809107.1485042964,653662.1566981167,781162.1079795859,781465.1230842464,1371.16930156362,281190067.0,130.31692495071363,37170.08873064781,688246.8137903305
2023-08-27,709186.8763273272,6,1,0,26.58150566893424,4.331765873015873,698072.9508221102,649230.7064871013,815499.3823316472,790030.2902042788,1371.16930156362,281190067.0,130.31692495071363,49393.57810640894,690611.4352990977
2023-08-28,835866.1405731804,0,0,0,26.578663880181125,6.162569815805111,709186.8763273272,837385.7699791134,670823.7422982911,789813.2002891455,1371.16930156362,281190067.0,130.31692495071363,26420.36016511661,824855.5895930585
2023-08-29,831371.1747987262,1,0,0,26.56369049963028,7.154468839686018,835866.1405731804,890062.1004992954,657932.473883324,781428.7823319213,1371.16930156362,281190067.0,130.31692495071363,20240.594174118363,816473.9560876896
2023-08-30,747898.838052616,2,0,0,26.524721670066494,6.406335468343399,831371.1747987262,754211.7994349538,816807.7298045988,780526.9307058732,1371.16930156362,281190067.0,130.31692495071363,-63927.15194607689,781389.7745069682
2023-08-31,796232.3610556999,3,0,0,26.630353678107365,3.814120161781831,747898.838052616,832185.3858628552,800139.7043822146,775390.784304851,1371.16930156362,281190067.0,130.31692495071363,-14934.04041657073,821813.0797000835
2023-09-01,901518.4020579616,4,0,0,26.68538080333855,3.9170663928339366,796232.3610556999,809107.1485042964,747239.3048035908,788592.3919553745,1371.16930156362,281190067.0,129.45566641629244,89604.18900803721,877437.5496146082
2023-09-02,707208.9174472146,5,1,0,26.717737489966726,5.761366224348741,901518.4020579616,698072.9508221102,857966.2189332201,789897.5300446751,1371.16930156362,281190067.0,129.45566641629244,42776.05521733139,660466.5760082416
2023-09-03,706424.3368520342,6,1,0,26.6541251596424,6.1659934211512235,707208.9174472146,709186.8763273272,866926.6531938605,789502.8815482047,1371.16930156362,281190067.0,129.45566641629244,41858.00768252474,701332.1622779767
2023-09-04,838171.5489897169,0,0,0,26.48119628493683,6.230617311125786,706424.3368520342,835866.1405731804,664197.039268518,789832.22560771,1371.16930156362,281190067.0,129.45566641629244,22659.230344729032,831072.3593350184
2023-09-05,851658.6229755464,1,0,0,26.713311684924363,6.292111523456086,838171.5489897169,831371.1747987262,642242.4160094919,792730.4324901128,1371.16930156362,281190067.0,129.45566641629244,33139.866038512904,851473.0717270982
2023-09-06,824578.6863460831,2,0,0,26.688390476287513,4.7156533893814965,851658.6229755464,747898.838052616,737133.279920175,803684.6965320365,1371.16930156362,281190067.0,129.45566641629244,4038.1274161940673,850418.5297655524
2023-09-07,842847.6024796818,3,0,0,26.81309485528085,4.735719438563476,824578.6863460831,796232.3610556999,873160.2028488589,810344.0167354626,1371.16930156362,281190067.0,129.45566641629244,21659.45245991915,842767.9413725958
2023-09-08,868972.7189064517,4,0,0,26.913897113689995,5.42968161695658,842847.6024796818,901518.4020579616,784515.8785736142,805694.6334281041,1371.16930156362,281190067.0,129.45566641629244,45772.892506413744,857660.2505870103
2023-09-09,616091.2958512144,5,1,0,26.881558664464524,5.758277027027027,868972.7189064517,707208.9174472146,813513.6662002238,792677.8303429612,1371.16930156362,281190067.0,129.45566641629244,-60823.95952957147,656074.1019372001
2023-09-10,751108.1832811768,6,1,0,26.885067965950316,7.371183876392826,616091.2958512144,706424.3368520342,813925.9767166908,799061.2369756959,1371.16930156362,281190067.0,129.45566641629244,72952.73922418163,712211.2471885988
2023-09-11,813808.0460096364,0,0,0,26.551408396613876,7.209852622867328,751108.1832811768,838171.5489897169,671647.0299026263,795580.73654997,1371.16930156362,281190067.0,129.45566641629244,-16288.33102547098,832002.5523096086
2023-09-12,874037.131448649,1,0,0,26.57608732506751,6.141035446522775,813808.0460096364,851658.6229755464,732475.0129825633,798777.666331842,1371.16930156362,281190067.0,129.45566641629244,40071.18136315991,835573.4791012632
2023-09-13,739326.587996618,2,0,0,26.54201671891327,4.8630223127023395,874037.131448649,824578.6863460831,837598.2445818378,786598.7951390612,1371.16930156362,281190067.0,129.45566641629244,-97374.55798985157,792972.7199516819
2023-09-14,828076.7855685295,3,0,0,26.529452860101372,3.270620263942103,739326.587996618,842847.6024796818,790959.5550351723,784488.6784374679,1371.16930156362,281190067.0,129.45566641629244,-9820.143061549752,848567.3836647577
2023-09-15,750203.5381471936,4,0,0,26.512585793835793,4.910837337739992,828076.7855685295,868972.7189064517,826411.7078720687,767521.6526147168,1371.16930156362,281190067.0,129.45566641629244,-90075.3928834768,755233.7989563539
2023-09-16,651706.37723847,5,1,0,27.575272030651337,3.006422018348624,750203.5381471936,616091.2958512144,551735.9021872665,772609.5213843249,1371.16930156362,281190067.0,129.45566641629244,-42470.854570885655,683164.7979087388
2023-09-17,696154.7209327164,6,1,0,27.54571995464853,1.6751867064973862,651706.37723847,751108.1832811768,844192.9952500331,764759.026763116,1371.16930156362,281190067.0,129.45566641629244,748.1785982705187,695705.8604840226
2023-09-18,900034.43355181,0,0,0,27.688578088578097,3.006007111614588,696154.7209327164,813808.0460096364,653662.1566981167,777077.0821262839,1371.16930156362,281190067.0,129.45566641629244,52894.43333006813,862817.3791728814
2023-09-19,857558.5927930449,1,0,0,28.12347346874508,3.966760124610592,900034.43355181,874037.131448649,649230.7064871013,774723.0051754832,1371.16930156362,281190067.0,129.45566641629244,6952.400537661742,847282.8010779521
2023-09-20,837028.6119078696,2,0,0,28.086918833727346,3.603300147492625,857558.5927930449,739326.587996618,837385.7699791134,788680.4371628048,1371.16930156362,281190067.0,129.45566641629244,-15717.73863842932,839787.6641071319
2023-09-21,939487.8912304032,3,0,0,28.050416019166025,2.43615520282187,837028.6119078696,828076.7855685295,890062.1004992954,804596.3094002155,1371.16930156362,281190067.0,129.45566641629244,86324.69432617212,926599.4946700564
2023-09-22,851119.9353903541,4,0,0,27.977117985125087,2.5693930454992397,939487.8912304032,750203.5381471936,754211.7994349538,819012.9375778098,1371.16930156362,281190067.0,129.45566641629244,-3473.5760389323113,858724.4626302253
2023-09-23,730074.1269132503,5,1,0,27.102477328024776,4.783073052229741,851119.9353903541,651706.37723847,832185.3858628552,830208.3303884927,1371.16930156362,281190067.0,129.45566641629244,22692.405235787388,710976.1713464875
2023-09-24,766773.4293095272,6,1,0,27.71831203279479,5.115349650349651,730074.1269132503,696154.7209327164,809107.1485042964,840296.7172994657,1371.16930156362,281190067.0,129.45566641629244,59413.59150891006,732040.4694629697
2023-09-25,874215.795613379,0,0,0,28.08281619385343,2.8045925154722653,766773.4293095272,900034.43355181,698072.9508221102,836608.3404511183,1371.16930156362,281190067.0,129.45566641629244,16494.86168655008,902924.4588508066
2023-09-26,976740.9581749032,1,0,0,27.942998785252303,3.397981460150293,874215.795613379,857558.5927930449,709186.8763273272,853634.3926485266,1371.16930156362,281190067.0,129.45566641629244,117025.1534510511,922651.2256120258
2023-09-27,889162.7284929254,2,0,0,27.95771984150768,3.617942528735632,976740.9581749032,837028.6119078696,835866.1405731804,861082.123589249,1371.16930156362,281190067.0,129.45566641629244,28852.9805043363,907511.4402633556
2023-09-28,870349.9685001761,3,0,0,27.75,5.510582193756853,889162.7284929254,939487.8912304032,831371.1747987262,851205.2774849307,1371.16930156362,281190067.0,129.45566641629244,11219.012172084302,880979.3207776407
2023-09-29,823827.2863775205,4,0,0,27.182598926894705,5.928023088023089,870349.9685001761,851119.9353903541,747898.838052616,847306.3276259545,1371.16930156362,281190067.0,129.45566641629244,-35115.316518401494,846088.530948999
2023-09-30,697113.0855299793,5,1,0,27.29088788938864,4.858869138931501,823827.2863775205,730074.1269132503,796232.3610556999,842597.6074283443,1371.16930156362,281190067.0,129.45566641629244,-13002.841672589071,727780.473436327
2023-10-01,691415.1943263193,6,1,0,27.270578998438182,5.900708223237033,697113.0855299793,766773.4293095272,901518.4020579616,831832.1452878861,1371.16930156362,281190067.0,127.86469006825456,-17094.46222853288,709655.2384237088
2023-10-02,888200.9977927478,0,0,0,27.185577821312194,5.475089040412857,691415.1943263193,874215.795613379,707208.9174472146,833830.0313135103,1371.16930156362,281190067.0,127.86469006825456,30858.0239429177,882335.7732348962
2023-10-03,842964.3294089279,1,0,0,27.210485118730563,7.427932098765432,888200.9977927478,976740.9581749032,706424.3368520342,814719.0843469424,1371.16930156362,281190067.0,127.86469006825456,-14927.341766810976,836344.9855601654
2023-10-04,796977.1318188116,2,0,0,27.066165144736573,6.362390508208274,842964.3294089279,889162.7284929254,838171.5489897169,801549.7133934974,1371.16930156362,281190067.0,127.86469006825456,-60167.318609894486,836143.2305123442
2023-10-05,893726.8861482342,3,0,0,27.19717825972552,5.936053998181123,796977.1318188116,870349.9685001761,851658.6229755464,804889.2730575058,1371.16930156362,281190067.0,127.86469006825456,38976.02215522085,866138.8768653554
2023-10-06,852131.302883888,4,0,0,27.238227950199786,5.853288023390886,893726.8861482342,823827.2863775205,824578.6863460831,808932.7039869868,1371.16930156362,281190067.0,127.86469006825456,-1361.68695028394,840116.5672309995
2023-10-07,714100.1585458801,5,1,0,27.168679161659295,7.750260299241648,852131.302883888,697113.0855299793,842847.6024796818,811359.4287035441,1371.16930156362,281190067.0,127.86469006825456,10342.002940044156,699642.922432872
2023-10-08,719279.9463533241,6,1,0,27.149836205802696,6.391725246069238,714100.1585458801,691415.1943263193,868972.7189064517,815340.1075645449,1371.16930156362,281190067.0,127.86469006825456,17861.891440735315,728335.0687262686
2023-10-09,861343.7122223097,0,0,0,27.06838689498788,8.551627838558963,719279.9463533241,888200.9977927478,616091.2958512144,811503.3524830537,1371.16930156362,281190067.0,127.86469006825456,11642.239346656715,875878.9576559417
2023-10-10,835371.0892126443,1,0,0,27.05275602132745,7.166423631499967,861343.7122223097,842964.3294089279,751108.1832811768,810418.6038835846,1371.16930156362,281190067.0,127.86469006825456,-14519.176350972033,843282.2823974013
2023-10-11,857997.6083966262,2,0,0,27.05055055055055,9.080837562837106,835371.0892126443,796977.1318188116,813808.0460096364,819135.8148232725,1371.16930156362,281190067.0,127.86469006825456,9022.050221349462,855075.9795470893
2023-10-12,874467.2387317357,3,0,0,27.097901023854217,9.897979341127238,857997.6083966262,893726.8861482342,874037.131448649,816384.4366209154,1371.16930156362,281190067.0,127.86469006825456,27861.581550675328,868899.035039276
2023-10-13,773585.7086091082,4,0,0,27.0988727528629,9.58431315350077,874467.2387317357,852131.302883888,739326.587996618,805163.637438804,1371.16930156362,281190067.0,127.86469006825456,-71972.0627448759,787300.0856803271
2023-10-14,693928.784872968,5,1,0,27.230938049817365,7.75720758257888,773585.7086091082,714100.1585458801,828076.7855685295,802282.0126283879,1371.16930156362,281190067.0,127.86469006825456,-2282.0704040076816,702233.5759715087
2023-10-15,637304.5513818606,6,1,0,27.368808505386763,6.384306722689075,693928.784872968,719279.9463533241,750203.5381471936,790571.241918179,1371.16930156362,281190067.0,127.86469006825456,-57120.36450260121,668289.420407271
2023-10-16,837304.2984144721,0,0,0,27.22468155625271,8.853993744317712,637304.5513818606,861343.7122223097,651706.37723847,787137.0399456307,1371.16930156362,281190067.0,127.86469006825456,-6109.696629666723,839140.6330395422
2023-10-17,899463.2895781451,1,0,0,27.28379678750369,7.617786168455409,837304.2984144721,835371.0892126443,696154.7209327164,796293.0685692738,1371.16930156362,281190067.0,127.86469006825456,55020.822384233936,853269.2455959533
2023-10-18,848147.5529873355,2,0,0,27.164726462761468,9.038097360471452,899463.2895781451,857997.6083966262,900034.43355181,794885.9177965178,1371.16930156362,281190067.0,127.86469006825456,3665.942979354295,808715.6434357063
2023-10-19,751612.869974726,3,0,0,27.225506663029662,8.032199163860462,848147.5529873355,874467.2387317357,857558.5927930449,777335.2936883736,1371.16930156362,281190067.0,127.86469006825456,-91545.06525961368,773732.8607592356
2023-10-20,831607.0159282655,4,0,0,27.258855226456102,7.739614528204466,751612.869974726,773585.7086091082,837028.6119078696,785624.0518768247,1371.16930156362,281190067.0,127.86469006825456,-11618.34962972172,840857.9265987914
2023-10-21,733856.3580710865,5,1,0,27.501749511020204,8.257806853817486,831607.0159282655,693928.784872968,939487.8912304032,791327.9909051273,1371.16930156362,281190067.0,127.86469006825456,38817.796871438506,706410.3869647123
2023-10-22,676524.6114864505,6,1,0,27.462192801641248,7.320651342243639,733856.3580710865,637304.5513818606,851119.9353903541,796930.8566343545,1371.16930156362,281190067.0,127.86469006825456,-17908.114865153097,681558.1801907074
2023-10-23,893648.0158420743,0,0,0,27.331399779562275,8.224324437810068,676524.6114864505,837304.2984144721,730074.1269132503,804979.9591240119,1371.16930156362,281190067.0,127.86469006825456,49050.91819054575,877616.2785846326
2023-10-24,865524.3559035902,1,0,0,27.452898359962045,5.074599719051048,893648.0158420743,899463.2895781451,766773.4293095272,800131.5400276469,1371.16930156362,281190067.0,127.86469006825456,18752.613109634956,834691.5647452852
2023-10-25,801629.9145040611,2,0,0,27.40980825823682,7.648546349289241,865524.3559035902,848147.5529873355,874215.795613379,793486.1631014649,1371.16930156362,281190067.0,127.86469006825456,-46274.70198626164,824741.7715022181
2023-10-26,906356.4067291038,3,0,0,27.25859114340267,8.459559417669857,801629.9145040611,751612.869974726,976740.9581749032,815592.3826378045,1371.16930156362,281190067.0,127.86469006825456,58756.056201027124,888910.8571132445
2023-10-27,797660.8222464884,4,0,0,27.257028368215583,8.731602132435468,906356.4067291038,831607.0159282655,889162.7284929254,810742.9263975507,1371.16930156362,281190067.0,127.86469006825456,-50932.031773685245,836086.3095329315
2023-10-28,789219.2123869978,5,1,0,27.186557646345506,8.802110024337603,797660.8222464884,733856.3580710865,870349.9685001761,818651.905585538,1371.16930156362,281190067.0,127.86469006825456,88000.19375395821,743859.2696330542
2023-10-29,720834.2802717052,6,1,0,27.418974676117532,6.582055869428751,789219.2123869978,676524.6114864505,823827.2863775205,824981.8582691458,1371.16930156362,281190067.0,127.86469006825456,19535.42925590463,718429.1363464843
2023-10-30,836813.6962885577,0,0,0,27.487225492248324,6.322938434273386,720834.2802717052,893648.0158420743,697113.0855299793,816862.6697615006,1371.16930156362,281190067.0,127.86469006825456,-15195.531689339085,883545.850066193
2023-10-31,842443.052262116,1,0,0,27.47408406608047,7.280915602013163,836813.6962885577,865524.3559035902,691415.1943263193,813565.3406698614,1371.16930156362,281190067.0,127.86469006825456,-12137.844982115086,885152.314011324
2023-11-01,853356.1988570648,2,0,0,27.24806124909573,7.2871731892298195,842443.052262116,801629.9145040611,888200.9977927478,820954.8098631476,1371.16930156362,281190067.0,130.30025599974925,-2599.4683516741497,843833.7461138516
2023-11-02,873145.5735127962,3,0,0,27.119803019932583,9.052875454359462,853356.1988570648,906356.4067291038,842964.3294089279,816210.4051179609,1371.16930156362,281190067.0,130.30025599974925,17410.313272139174,863548.2729660496
2023-11-03,885457.6823771426,4,0,0,27.31651247165533,10.068305714402838,873145.5735127962,797660.8222464884,796977.1318188116,828752.8137080543,1371.16930156362,281190067.0,130.30025599974925,28803.777321219444,866522.9873428512
2023-11-04,679869.3967895248,5,1,0,27.28286384976526,8.516855663749539,885457.6823771426,789219.2123869978,893726.8861482342,813131.4114798439,1371.16930156362,281190067.0,130.30025599974925,-29182.56721411168,693437.8545556711
2023-11-05,699496.7527180954,6,1,0,27.496092796092796,7.878357790117864,679869.3967895248,720834.2802717052,852131.302883888,810083.1932578997,1371.16930156362,281190067.0,130.30025599974925,-9259.16742691095,712745.3935447821
2023-11-06,935461.2205082056,0,0,0,27.428889726814248,6.586365777220716,699496.7527180954,836813.6962885577,714100.1585458801,824175.6967178494,1371.16930156362,281190067.0,130.30025599974925,76509.29661731143,901964.4197133392
2023-11-07,890973.4985445039,1,0,0,27.42679711731436,6.748328076360113,935461.2205082056,842443.052262116,719279.9463533241,831108.6176153334,1371.16930156362,281190067.0,130.30025599974925,30090.970915659098,879471.1821303427
2023-11-08,939189.142041866,2,0,0,27.382962157362844,9.520258115411616,890973.4985445039,853356.1988570648,861343.7122223097,843370.4666417335,1371.16930156362,281190067.0,130.30025599974925,77685.58332277322,917242.2455367497
2023-11-09,823578.6062852702,3,0,0,27.23250117820312,9.079301947159989,939189.142041866,873145.5735127962,835371.0892126443,836289.4713235155,1371.16930156362,281190067.0,130.30025599974925,-36854.00714743161,843488.22616563
2023-11-10,897379.1271158701,4,0,0,27.380319505344136,8.098749741159954,823578.6062852702,885457.6823771426,857997.6083966262,837992.5348576194,1371.16930156362,281190067.0,130.30025599974925,36957.87078365276,897972.0244514139
2023-11-11,691972.5517857426,5,1,0,27.67855026987321,7.1874023303685535,897379.1271158701,679869.3967895248,874467.2387317357,839721.5569999364,1371.16930156362,281190067.0,130.30025599974925,-19855.678828502423,713828.7073738457
2023-11-12,659780.7207387621,6,1,0,27.69169502993783,8.793360500054488,691972.5517857426,699496.7527180954,773585.7086091082,834047.8381457458,1371.16930156362,281190067.0,130.30025599974925,-50718.293707378674,700129.084804933
2023-11-13,973851.7524440986,0,0,0,27.731137203739944,6.740106479267022,659780.7207387621,935461.2205082056,693928.784872968,839532.1998508733,1371.16930156362,281190067.0,130.30025599974925,114212.81901838584,934493.7748600196
2023-11-14,946580.1791217824,1,0,0,27.690004795990713,7.577008697239495,973851.7524440986,890973.4985445039,637304.5513818606,847476.011361913,1371.16930156362,281190067.0,130.30025599974925,86070.7111772655,908918.2388979483
2023-11-15,845935.2591934885,2,0,0,27.690634418901663,8.925058629326047,946580.1791217824,939189.142041866,837304.2984144721,834154.0280978592,1371.16930156362,281190067.0,130.30025599974925,-14149.456693363376,869073.1074071618
2023-11-16,795100.4440840022,3,0,0,27.795726256628864,6.504216013041357,845935.2591934885,823578.6062852702,899463.2895781451,830085.7192119638,1371.16930156362,281190067.0,130.30025599974925,-62899.05868969392,849733.0671451926
2023-11-17,911986.3060034994,4,0,0,27.8317090806631,7.494841236220547,795100.4440840022,897379.1271158701,848147.5529873355,832172.4590530536,1371.16930156362,281190067.0,130.30025599974925,54965.07336888928,899774.373953332
2023-11-18,658204.905411571,5,1,0,27.57882561882562,7.325447467432201,911986.3060034994,691972.5517857426,751612.869974726,827348.5095710291,1371.16930156362,281190067.0,130.30025599974925,-49317.8875235602,682887.846966865
2023-11-19,709637.0042525507,6,1,0,27.5920040520334,9.949522706924762,658204.905411571,659780.7207387621,831607.0159282655,834470.8357872845,1371.16930156362,281190067.0,130.30025599974925,4275.149001914542,697999.7870449441
2023-11-20,903073.6217640714,0,0,0,27.542614285372903,7.9506290507053,709637.0042525507,973851.7524440986,733856.3580710865,824359.6742615665,1371.16930156362,281190067.0,130.30025599974925,49319.834605260054,882205.4260756874
2023-11-21,898167.0058638874,1,0,0,27.522657104435567,10.106450205114776,903073.6217640714,946580.1791217824,676524.6114864505,817443.5066532958,1371.16930156362,281190067.0,130.30025599974925,44199.18781708623,886089.4873557439
2023-11-22,975225.7232629332,2,0,0,27.399889846743296,8.92113137829912,898167.0058638874,845935.2591934885,893648.0158420743,835913.5729489308,1371.16930156362,281190067.0,130.30025599974925,122242.30163293134,898440.400085418
2023-11-23,909648.4423687948,3,0,0,27.271540126540128,9.627610434978587,975225.7232629332,795100.4440840022,865524.3559035902,852277.572703901,1371.16930156362,281190067.0,130.30025599974925,59210.03424967406,875059.9908656101
2023-11-24,792688.0333013306,4,0,0,27.08465036065692,9.73722107200368,909648.4423687948,911986.3060034994,801629.9145040611,835234.9623178771,1371.16930156362,281190067.0,130.30025599974925,-56412.785217517405,833849.1583281119
2023-11-25,732749.3407102628,5,1,0,27.139349571919993,10.642024770973965,792688.0333013306,658204.905411571,906356.4067291038,845884.1673605472,1371.16930156362,281190067.0,130.30025599974925,33407.40865260898,740085.8718505688
2023-11-26,737983.9131139196,6,1,0,27.084426503679374,10.719972773765964,732749.3407102628,709637.0042525507,797660.8222464884,849933.7257693142,1371.16930156362,281190067.0,130.30025599974925,40968.1885063909,728093.1183688133
2023-11-27,959273.3357013314,0,0,0,27.275825115585757,9.87883313420948,737983.9131139196,903073.6217640714,789219.2123869978,857962.2563317799,1371.16930156362,281190067.0,130.30025599974925,113941.34733603336,907572.8094775128
2023-11-28,792763.3529060513,1,0,0,27.33454684002129,9.286396871289336,959273.3357013314,898167.0058638874,720834.2802717052,842904.5916235176,1371.16930156362,281190067.0,130.30025599974925,-52789.39613102528,842745.189679759
2023-11-29,859618.3304876431,2,0,0,27.307954047212434,8.553770093623035,792763.3529060513,975225.7232629332,836813.6962885577,826389.2497984761,1371.16930156362,281190067.0,130.30025599974925,14969.394669596804,870648.7234153803
2023-11-30,721337.0027843418,3,0,0,27.227924905776344,13.00967924488009,859618.3304876431,909648.4423687948,842443.052262116,799487.6155721258,1371.16930156362,281190067.0,130.30025599974925,-120911.7859343366,783831.9981859693
2023-12-01,883781.6104259804,4,0,0,27.224641926611937,10.43058984199602,721337.0027843418,792688.0333013306,853356.1988570648,812500.98373279,1371.16930156362,281190067.0,133.07607313293192,42671.523722365964,881833.8224580055
2023-12-02,667263.1792682712,5,1,0,27.297895482994814,9.791376682753366,883781.6104259804,732749.3407102628,873145.5735127962,803145.8178125055,1371.16930156362,281190067.0,133.07607313293192,-24330.318941260222,660807.4178033698
2023-12-03,719323.9352267268,6,1,0,27.303892617449662,12.075345799180328,667263.1792682712,737983.9131139196,885457.6823771426,800480.1066857638,1371.16930156362,281190067.0,133.07607313293192,29781.55290410004,702137.2259254822
2023-12-04,836329.4970778791,0,0,0,27.251881278538814,11.57003732315163,719323.9352267268,959273.3357013314,679869.3967895248,782916.7011681277,1371.16930156362,281190067.0,133.07607313293192,-1826.7443127150182,812403.8000542055
2023-12-05,803849.4361746318,1,0,0,27.238004614991535,11.162499160115567,836329.4970778791,792763.3529060513,699496.7527180954,784500.4273493534,1371.16930156362,281190067.0,133.07607313293192,-34838.01599168114,810216.123044744
2023-12-06,842096.4859050134,2,0,0,27.177663622526637,10.06924096599391,803849.4361746318,859618.3304876431,935461.2205082056,781997.3066946921,1371.16930156362,281190067.0,133.07607313293192,3998.2636878431076,825309.6183956172
2023-12-07,765351.3852263961,3,0,0,27.197751158577905,13.620551201205034,842096.4859050134,721337.0027843418,890973.4985445039,788285.0756149857,1371.16930156362,281190067.0,133.07607313293192,-70657.8631690956,808779.9663683763
2023-12-08,902582.245165896,4,0,0,27.16573150221426,11.348938837747964,765351.3852263961,883781.6104259804,939189.142041866,790970.8805778306,1371.16930156362,281190067.0,133.07607313293192,67410.09106716397,877559.1988567371
2023-12-09,643547.8962213101,5,1,0,27.47510472994176,9.037790384009316,902582.245165896,667263.1792682712,823578.6062852702,787582.9829996935,1371.16930156362,281190067.0,133.07607313293192,-42395.10511389852,652660.5571644059
2023-12-10,696295.0026893968,6,1,0,27.201090874769935,8.504944814164864,643547.8962213101,719323.9352267268,897379.1271158701,784293.1354943605,1371.16930156362,281190067.0,133.07607313293192,12132.801031781011,689866.0850615549
2023-12-11,751583.0503338918,0,0,0,27.26309051398337,11.980252648632243,696295.0026893968,836329.4970778791,691972.5517857426,772186.5002452193,1371.16930156362,281190067.0,133.07607313293192,-81444.97363701859,772877.9775272857
2023-12-12,849236.379055774,1,0,0,27.165618153364633,10.594199724690275,751583.0503338918,803849.4361746318,659780.7207387621,778670.3492282397,1371.16930156362,281190067.0,133.07607313293192,15443.053995800787,834101.0298538902
2023-12-13,946581.6598521664,2,0,0,26.980171728113405,10.64654137492488,849236.379055774,842096.4859050134,973851.7524440986,793596.8026492615,1371.16930156362,281190067.0,133.07607313293192,113159.20999141468,878654.4595086998
2023-12-14,847016.7166453234,3,0,0,26.918685289732192,15.144957586147177,946581.6598521664,765351.3852263961,946580.1791217824,805263.2785662513,1371.16930156362,281190067.0,133.07607313293192,15476.93652977841,862970.8778697978
2023-12-15,858965.1401082386,4,0,0,26.914838124838127,12.39269005847953,847016.7166453234,902582.245165896,845935.2591934885,799032.2635580144,1371.16930156362,281190067.0,133.07607313293192,28063.128646861995,856019.0516854188
2023-12-16,658811.6273748938,5,1,0,26.831244038070167,11.370087766913096,858965.1401082386,643547.8962213101,795100.4440840022,801212.7965799549,1371.16930156362,281190067.0,133.07607313293192,-23059.83232918044,662229.3360575902
2023-12-17,672564.6100437792,6,1,0,26.804635135760964,11.422216998580254,658811.6273748938,696295.0026893968,911986.3060034994,797822.7404877237,1371.16930156362,281190067.0,133.07607313293192,-7731.116300399997,693506.3227416301
2023-12-18,852949.1748188392,0,0,0,26.987568264307992,11.911670086806948,672564.6100437792,751583.0503338918,658204.905411571,812303.615414145,1371.16930156362,281190067.0,133.07607313293192,23568.246333140647,860498.2602420384
2023-12-19,796411.4392363338,1,0,0,26.9950855139806,11.928307760740788,852949.1748188392,849236.379055774,709637.0042525507,804757.1954399393,1371.16930156362,281190067.0,133.07607313293192,-33976.6877767361,808208.8523966476
2023-12-20,838084.2951178434,2,0,0,27.111180095658572,9.525048710743318,796411.4392363338,946581.6598521664,903073.6217640714,789257.5719064644,1371.16930156362,281190067.0,133.07607313293192,7794.386284696753,846751.9437482797
2023-12-21,723680.6697235705,3,0,0,27.057598049460115,8.51226439331278,838084.2951178434,847016.7166453234,898167.0058638874,771638.1366319284,1371.16930156362,281190067.0,133.07607313293192,-105037.94130904926,753888.1491932923
2023-12-22,793397.9841804039,4,0,0,26.919240949050003,11.33465374079781,723680.6697235705,858965.1401082386,975225.7232629332,762271.4000708091,1371.16930156362,281190067.0,133.07607313293192,-35040.29229486454,809843.0680793735
2023-12-23,664975.4691036593,5,1,0,26.972662192393734,13.371431130041747,793397.9841804039,658811.6273748938,909648.4423687948,763151.9488892042,1371.16930156362,281190067.0,133.07607313293192,-14842.181906617829,671549.9109702744
2023-12-24,729989.8170067191,6,1,0,27.12345776289438,9.422875816993464,664975.4691036593,672564.6100437792,792688.0333013306,771355.5498839099,1371.16930156362,281190067.0,133.07607313293192,51280.25550100405,683279.3405970557
2023-12-25,601533.2229271242,0,0,1,26.788154560893627,10.995598862642169,729989.8170067191,852949.1748188392,732749.3407102628,735438.9853279506,1371.16930156362,281190067.0,133.07607313293192,-226790.66551850748,698661.5998922631
2023-12-26,727861.3946486728,1,0,0,26.85860804180899,9.265463389656938,601533.2229271242,796411.4392363338,737983.9131139196,725646.1218154276,1371.16930156362,281190067.0,133.07607313293192,-102062.38017695001,771733.7697184786
2023-12-27,847417.8354064823,2,0,0,26.788900357507725,12.3849123318749,727861.3946486728,838084.2951178434,959273.3357013314,726979.4847138046,1371.16930156362,281190067.0,133.07607313293192,16935.80141228484,803306.6566366144
2023-12-28,867818.3783245836,3,0,0,27.070413832199545,10.57980322997416,847417.8354064823,723680.6697235705,792763.3529060513,747570.5859425206,1371.16930156362,281190067.0,133.07607313293192,38189.128345397185,819990.1618869585
2023-12-29,827795.1900695454,4,0,0,27.004750691721306,11.038622482131254,867818.3783245836,793397.9841804039,859618.3304876431,752484.4724981124,1371.16930156362,281190067.0,133.07607313293192,-2330.474099238869,826219.1631273663
2023-12-30,669844.6711152245,5,1,0,27.15293015697817,8.31581514894492,827795.1900695454,664975.4691036593,721337.0027843418,753180.0727854789,1371.16930156362,281190067.0,133.07607313293192,-12489.490289719077,672965.6469971205
2023-12-31,662104.4445747748,6,1,0,26.873937809400314,10.056156862745098,669844.6711152245,729989.8170067191,883781.6104259804,743482.1624380583,1371.16930156362,281190067.0,133.07607313293192,-19995.251464186003,635380.2009648491
